school_abbr,job_category,salary
ASU,assistant_professor,135445.0
ASU,assistant_professor,86541.0
ASU,associate_professor,88889.0
ASU,lecturer,50346.0
ASU,associate_professor,81460.0
ASU,associate_professor,86509.0
ASU,assistant_professor,91670.0
ASU,assistant_professor,43346.0
ASU,assistant_professor,73108.0
ASU,assistant_professor,141602.0
ASU,assistant_professor,72100.0
ASU,assistant_professor,67980.0
ASU,professor,164052.0
ASU,associate_professor,85599.0
ASU,lecturer,119067.0
ASU,associate_professor,46212.0
ASU,professor,101122.0
ASU,assistant_professor,66075.0
ASU,assistant_professor,56650.0
ASU,professor,103912.0
ASU,associate_professor,90806.0
ASU,professor,125397.0
ASU,assistant_professor,100425.0
ASU,assistant_professor,53354.0
ASU,professor,116347.0
ASU,assistant_professor,55305.0
ASU,associate_professor,122738.0
ASU,associate_professor,73116.0
ASU,lecturer,45924.0
ASU,associate_professor,92425.0
ASU,professor,108539.0
ASU,lecturer,52935.0
ASU,lecturer,54840.0
ASU,lecturer,78212.0
ASU,assistant_professor,77250.0
ASU,assistant_professor,72100.0
ASU,associate_professor,76123.0
ASU,professor,89394.0
ASU,lecturer,68418.0
ASU,lecturer,58477.0
ASU,assistant_professor,61859.0
ASU,assistant_professor,150380.0
ASU,professor,105407.0
ASU,professor,93977.0
ASU,associate_professor,97369.0
ASU,assistant_professor,72450.0
ASU,professor,221251.0
ASU,professor,132079.0
ASU,lecturer,51534.0
ASU,assistant_professor,73140.0
ASU,lecturer,56265.0
ASU,administrator,158017.0
ASU,associate_professor,80999.0
ASU,lecturer,50306.0
ASU,professor,108498.0
ASU,lecturer,48547.0
ASU,assistant_professor,43829.0
ASU,professor,94176.0
ASU,lecturer,56265.0
ASU,lecturer,54940.0
ASU,lecturer,56002.0
ASU,professor,97805.0
ASU,professor,160269.0
ASU,associate_professor,84645.0
ASU,professor,110488.0
ASU,professor,108498.0
ASU,assistant_professor,70555.0
ASU,lecturer,83610.0
ASU,assistant_professor,64800.0
ASU,assistant_professor,64890.0
ASU,assistant_professor,135795.0
ASU,professor,122894.0
ASU,professor,96882.0
ASU,professor,100882.0
ASU,assistant_professor,71000.0
ASU,professor,89012.0
ASU,lecturer,48070.0
ASU,associate_professor,88308.0
ASU,professor,95723.0
ASU,assistant_professor,79310.0
ASU,associate_professor,155683.0
ASU,lecturer,62328.0
ASU,lecturer,61342.0
ASU,administrator,216300.0
ASU,professor,108498.0
ASU,lecturer,50024.0
ASU,assistant_professor,54000.0
ASU,assistant_professor,59681.0
ASU,assistant_professor,74753.0
ASU,assistant_professor,55338.0
ASU,assistant_professor,50470.0
ASU,associate_professor,156560.0
ASU,lecturer,50064.0
ASU,assistant_professor,68465.0
ASU,lecturer,56403.0
ASU,assistant_professor,162984.0
ASU,professor,93977.0
ASU,lecturer,42477.0
ASU,associate_professor,69831.0
ASU,assistant_professor,77363.0
ASU,lecturer,71080.0
ASU,lecturer,61827.0
ASU,associate_professor,89215.0
ASU,professor,122476.0
ASU,assistant_professor,103222.0
ASU,lecturer,60282.0
ASU,assistant_professor,149871.0
ASU,assistant_professor,72561.0
ASU,professor,83405.0
ASU,associate_professor,88910.0
ASU,assistant_professor,80340.0
ASU,professor,118154.0
ASU,professor,148549.0
ASU,lecturer,71853.0
ASU,professor,125177.0
ASU,professor,98244.0
ASU,administrator,176130.0
ASU,associate_professor,73010.0
ASU,professor,111387.0
ASU,associate_professor,89370.0
ASU,associate_professor,91657.0
ASU,professor,104373.0
ASU,lecturer,119067.0
ASU,assistant_professor,138313.0
ASU,lecturer,54940.0
ASU,professor,142810.0
ASU,lecturer,68438.0
ASU,lecturer,49355.0
ASU,associate_professor,92384.0
ASU,professor,101778.0
ASU,assistant_professor,68907.0
ASU,lecturer,89300.0
ASU,professor,108498.0
ASU,assistant_professor,71386.0
ASU,lecturer,51721.0
ASU,administrator,133441.0
ASU,associate_professor,71286.0
ASU,associate_professor,76912.0
ASU,assistant_professor,66200.0
ASU,professor,98263.0
ASU,assistant_professor,135417.0
ASU,professor,96882.0
ASU,professor,130948.0
ASU,lecturer,81854.0
ASU,associate_professor,87297.0
ASU,professor,110210.0
ASU,professor,93566.0
ASU,associate_professor,79814.0
ASU,professor,101126.0
ASU,professor,96882.0
ASU,assistant_professor,77250.0
ASU,lecturer,61675.0
ASU,lecturer,88410.0
ASU,assistant_professor,101318.0
ASU,assistant_professor,62000.0
ASU,professor,163767.0
ASU,associate_professor,81346.0
ASU,professor,108469.0
ASU,professor,97127.0
ASU,assistant_professor,66471.0
ASU,associate_professor,79418.0
ASU,lecturer,85993.0
ASU,professor,110862.0
ASU,assistant_professor,72491.0
ASU,assistant_professor,136942.0
ASU,professor,141512.0
ASU,lecturer,55944.0
ASU,assistant_professor,68136.0
ASU,professor,114385.0
ASU,associate_professor,86748.0
ASU,lecturer,62844.0
ASU,professor,93977.0
ASU,associate_professor,162307.0
ASU,associate_professor,151410.0
ASU,associate_professor,82101.0
ASU,professor,103912.0
ASU,associate_professor,83379.0
ASU,professor,130000.0
ASU,administrator,159650.0
ASU,lecturer,42300.0
ASU,lecturer,51121.0
ASU,administrator,208000.0
ASU,professor,60827.0
ASU,associate_professor,146485.0
ASU,assistant_professor,61500.0
ASU,associate_professor,82500.0
ASU,assistant_professor,70689.0
ASU,lecturer,68600.0
ASU,lecturer,70672.0
ASU,lecturer,52230.0
ASU,associate_professor,84576.0
ASU,assistant_professor,76551.0
ASU,professor,163846.0
ASU,assistant_professor,133673.0
ASU,assistant_professor,53560.0
ASU,associate_professor,76827.0
ASU,associate_professor,90000.0
ASU,associate_professor,64523.0
ASU,lecturer,56673.0
ASU,professor,131258.0
ASU,associate_professor,86893.0
ASU,professor,143926.0
ASU,associate_professor,64101.0
ASU,lecturer,62844.0
ASU,lecturer,73000.0
ASU,associate_professor,81128.0
ASU,professor,130832.0
ASU,lecturer,69659.0
ASU,assistant_professor,69049.0
ASU,associate_professor,67584.0
ASU,assistant_professor,55620.0
ASU,assistant_professor,52983.0
ASU,professor,103912.0
ASU,lecturer,57169.0
ASU,professor,146485.0
ASU,lecturer,50923.0
ASU,lecturer,121347.0
ASU,lecturer,57680.0
ASU,lecturer,55922.0
ASU,professor,107398.0
ASU,lecturer,48750.0
ASU,assistant_professor,64890.0
ASU,administrator,226177.0
ASU,administrator,154500.0
ASU,lecturer,57000.0
ASU,lecturer,51382.0
ASU,professor,95236.0
ASU,professor,95687.0
ASU,lecturer,64720.0
ASU,professor,143917.0
ASU,lecturer,67049.0
ASU,professor,106405.0
ASU,assistant_professor,69525.0
ASU,professor,111564.0
ASU,associate_professor,144415.0
ASU,lecturer,48547.0
ASU,assistant_professor,101507.0
ASU,professor,117959.0
ASU,lecturer,48547.0
ASU,lecturer,72100.0
ASU,associate_professor,178672.0
ASU,professor,94120.0
ASU,professor,104683.0
ASU,assistant_professor,70570.0
ASU,professor,111387.0
ASU,associate_professor,160503.0
ASU,associate_professor,80858.0
ASU,lecturer,50000.0
ASU,lecturer,62424.0
ASU,associate_professor,83324.0
ASU,assistant_professor,57000.0
ASU,associate_professor,87756.0
ASU,assistant_professor,61767.0
ASU,assistant_professor,72667.0
ASU,lecturer,58750.0
ASU,assistant_professor,73703.0
ASU,professor,118542.0
ASU,lecturer,48547.0
ASU,assistant_professor,76135.0
ASU,professor,101940.0
ASU,professor,57282.0
ASU,lecturer,58477.0
ASU,associate_professor,76481.0
ASU,assistant_professor,92449.0
ASU,assistant_professor,61596.0
ASU,professor,156969.0
ASU,professor,97909.0
ASU,professor,175692.0
ASU,associate_professor,93416.0
ASU,assistant_professor,62000.0
ASU,associate_professor,77409.0
ASU,professor,122875.0
ASU,professor,199034.0
ASU,associate_professor,78436.0
ASU,lecturer,50346.0
ASU,professor,104046.0
ASU,associate_professor,202784.0
ASU,professor,130948.0
ASU,assistant_professor,73703.0
ASU,lecturer,69659.0
ASU,assistant_professor,69010.0
ASU,professor,114532.0
ASU,assistant_professor,82400.0
ASU,lecturer,48920.0
ASU,lecturer,69010.0
ASU,assistant_professor,78000.0
ASU,associate_professor,72956.0
ASU,assistant_professor,74276.0
ASU,assistant_professor,50817.0
ASU,professor,97334.0
ASU,assistant_professor,72100.0
ASU,lecturer,55616.0
ASU,professor,111437.0
ASU,professor,108419.0
ASU,assistant_professor,69793.0
ASU,associate_professor,98407.0
ASU,associate_professor,72017.0
ASU,associate_professor,84231.0
ASU,professor,193281.0
ASU,lecturer,58710.0
ASU,lecturer,66209.0
ASU,lecturer,48547.0
ASU,lecturer,57058.0
ASU,lecturer,75774.0
ASU,assistant_professor,68968.0
ASU,assistant_professor,147066.0
ASU,associate_professor,71731.0
ASU,lecturer,76800.0
ASU,lecturer,79470.0
ASU,associate_professor,76998.0
ASU,professor,133900.0
ASU,assistant_professor,77250.0
ASU,professor,125479.0
ASU,administrator,216300.0
ASU,assistant_professor,70354.0
ASU,lecturer,69659.0
ASU,lecturer,112063.0
ASU,assistant_professor,132276.0
ASU,assistant_professor,91300.0
ASU,professor,127699.0
ASU,associate_professor,94555.0
ASU,professor,130788.0
ASU,assistant_professor,63345.0
ASU,associate_professor,142246.0
ASU,assistant_professor,66361.0
ASU,professor,100422.0
ASU,professor,182265.0
ASU,lecturer,55620.0
ASU,associate_professor,161306.0
ASU,professor,97805.0
ASU,professor,86740.0
ASU,lecturer,75259.0
ASU,professor,108498.0
ASU,associate_professor,81447.0
ASU,lecturer,71896.0
ASU,assistant_professor,48256.0
ASU,associate_professor,79742.0
ASU,lecturer,61782.0
ASU,professor,94362.0
ASU,assistant_professor,69700.0
ASU,assistant_professor,72100.0
ASU,associate_professor,94631.0
ASU,assistant_professor,66950.0
ASU,assistant_professor,70448.0
ASU,associate_professor,79621.0
ASU,professor,127791.0
ASU,assistant_professor,74718.0
ASU,associate_professor,90027.0
ASU,associate_professor,88220.0
ASU,associate_professor,87082.0
ASU,lecturer,60255.0
ASU,professor,101778.0
ASU,lecturer,54940.0
ASU,assistant_professor,101322.0
ASU,professor,167663.0
ASU,professor,100640.0
ASU,assistant_professor,70000.0
ASU,assistant_professor,42915.0
ASU,assistant_professor,49404.0
ASU,assistant_professor,59681.0
ASU,lecturer,57688.0
ASU,associate_professor,91167.0
ASU,professor,98624.0
ASU,professor,91141.0
ASU,professor,99300.0
ASU,professor,98639.0
ASU,lecturer,92700.0
ASU,assistant_professor,90000.0
ASU,professor,92494.0
ASU,professor,149674.0
ASU,associate_professor,62934.0
ASU,assistant_professor,61015.0
ASU,associate_professor,153804.0
ASU,associate_professor,91590.0
ASU,assistant_professor,63432.0
ASU,professor,94176.0
ASU,associate_professor,78346.0
ASU,professor,138130.0
ASU,lecturer,48547.0
ASU,professor,97897.0
ASU,associate_professor,81263.0
ASU,assistant_professor,70054.0
ASU,assistant_professor,73703.0
ASU,assistant_professor,61500.0
ASU,professor,112566.0
ASU,professor,144802.0
ASU,assistant_professor,74160.0
ASU,assistant_professor,63860.0
ASU,lecturer,70672.0
ASU,lecturer,48547.0
ASU,associate_professor,88555.0
ASU,lecturer,51758.0
ASU,professor,108498.0
ASU,lecturer,71497.0
ASU,assistant_professor,61500.0
ASU,professor,108498.0
ASU,lecturer,56720.0
ASU,professor,111387.0
ASU,professor,97242.0
ASU,associate_professor,78648.0
ASU,lecturer,51606.0
ASU,lecturer,69010.0
ASU,assistant_professor,65958.0
ASU,associate_professor,105106.0
ASU,lecturer,71717.0
ASU,lecturer,49916.0
ASU,associate_professor,90473.0
ASU,assistant_professor,61000.0
ASU,professor,95705.0
ASU,assistant_professor,52000.0
ASU,assistant_professor,77250.0
ASU,assistant_professor,80340.0
ASU,professor,114845.0
ASU,lecturer,77761.0
ASU,assistant_professor,74160.0
ASU,associate_professor,91321.0
ASU,associate_professor,80760.0
ASU,assistant_professor,67465.0
ASU,lecturer,67498.0
ASU,associate_professor,86252.0
ASU,lecturer,48999.0
ASU,professor,111207.0
ASU,assistant_professor,66939.0
ASU,professor,107360.0
ASU,assistant_professor,71579.0
ASU,administrator,134204.0
ASU,lecturer,69010.0
ASU,assistant_professor,68919.0
ASU,professor,108041.0
ASU,assistant_professor,48861.0
ASU,professor,99485.0
ASU,lecturer,62844.0
ASU,lecturer,119067.0
ASU,lecturer,51721.0
ASU,assistant_professor,75229.0
ASU,assistant_professor,64000.0
ASU,assistant_professor,73218.0
ASU,professor,106405.0
ASU,lecturer,55487.0
ASU,assistant_professor,57000.0
ASU,lecturer,51780.0
ASU,lecturer,51020.0
ASU,lecturer,50857.0
ASU,professor,108277.0
ASU,professor,112565.0
ASU,assistant_professor,72933.0
ASU,professor,135464.0
ASU,assistant_professor,76220.0
ASU,professor,92749.0
ASU,associate_professor,136256.0
ASU,lecturer,59059.0
ASU,professor,93977.0
ASU,professor,111240.0
ASU,professor,118190.0
ASU,professor,74445.0
ASU,administrator,152848.0
ASU,professor,186977.0
ASU,professor,55926.0
ASU,lecturer,58710.0
ASU,lecturer,62844.0
ASU,associate_professor,143361.0
ASU,professor,180250.0
ASU,assistant_professor,68000.0
ASU,associate_professor,89160.0
ASU,professor,102808.0
ASU,professor,142140.0
ASU,associate_professor,115468.0
ASU,associate_professor,76753.0
ASU,professor,88019.0
ASU,professor,86740.0
ASU,associate_professor,119946.0
ASU,associate_professor,72082.0
ASU,professor,107912.0
ASU,lecturer,62219.0
ASU,professor,108066.0
ASU,lecturer,64865.0
ASU,professor,117420.0
ASU,assistant_professor,49404.0
ASU,assistant_professor,72491.0
ASU,assistant_professor,68000.0
ASU,associate_professor,84395.0
ASU,assistant_professor,71131.0
ASU,lecturer,50544.0
ASU,associate_professor,145237.0
ASU,associate_professor,179444.0
ASU,associate_professor,105333.0
ASU,associate_professor,80000.0
ASU,assistant_professor,73130.0
ASU,lecturer,69670.0
ASU,assistant_professor,70040.0
ASU,lecturer,50047.0
ASU,lecturer,50000.0
ASU,lecturer,51721.0
ASU,associate_professor,93773.0
ASU,associate_professor,61087.0
ASU,professor,113906.0
ASU,assistant_professor,98957.0
ASU,lecturer,79409.0
ASU,administrator,155739.0
ASU,professor,131258.0
ASU,lecturer,91511.0
ASU,assistant_professor,69010.0
ASU,professor,95855.0
ASU,associate_professor,59802.0
ASU,associate_professor,106592.0
ASU,professor,115788.0
ASU,professor,139259.0
ASU,assistant_professor,63345.0
ASU,lecturer,50348.0
ASU,associate_professor,115468.0
ASU,assistant_professor,79059.0
ASU,professor,199115.0
ASU,assistant_professor,132473.0
ASU,professor,95443.0
ASU,associate_professor,177575.0
ASU,professor,107912.0
ASU,associate_professor,89398.0
ASU,assistant_professor,67616.0
ASU,lecturer,47133.0
ASU,professor,95609.0
ASU,associate_professor,73532.0
ASU,lecturer,88520.0
ASU,assistant_professor,74000.0
ASU,professor,96882.0
ASU,associate_professor,88717.0
ASU,associate_professor,91940.0
ASU,associate_professor,74000.0
ASU,professor,99553.0
ASU,associate_professor,82400.0
ASU,lecturer,43751.0
ASU,associate_professor,75391.0
ASU,professor,94688.0
ASU,professor,101778.0
ASU,assistant_professor,84104.0
ASU,assistant_professor,82400.0
ASU,assistant_professor,81500.0
ASU,lecturer,52230.0
ASU,professor,119177.0
ASU,associate_professor,104052.0
ASU,administrator,262554.0
ASU,lecturer,60451.0
ASU,professor,221357.0
ASU,assistant_professor,82494.0
ASU,professor,103912.0
ASU,professor,118952.0
ASU,lecturer,89370.0
ASU,associate_professor,93108.0
ASU,associate_professor,93102.0
ASU,associate_professor,113330.0
ASU,lecturer,64932.0
ASU,assistant_professor,80340.0
ASU,assistant_professor,55874.0
ASU,associate_professor,78249.0
ASU,associate_professor,88127.0
ASU,professor,111118.0
ASU,lecturer,58051.0
ASU,lecturer,63222.0
ASU,assistant_professor,54884.0
ASU,professor,103047.0
ASU,assistant_professor,83220.0
ASU,professor,112498.0
ASU,professor,105492.0
ASU,assistant_professor,107920.0
ASU,assistant_professor,103074.0
ASU,lecturer,54940.0
ASU,lecturer,60451.0
ASU,assistant_professor,73130.0
ASU,professor,139971.0
ASU,professor,133900.0
ASU,lecturer,71688.0
ASU,assistant_professor,70426.0
ASU,lecturer,54940.0
ASU,assistant_professor,155599.0
ASU,assistant_professor,51500.0
ASU,professor,198381.0
ASU,lecturer,72114.0
ASU,assistant_professor,70040.0
ASU,administrator,138020.0
ASU,lecturer,89466.0
ASU,associate_professor,121856.0
ASU,associate_professor,178569.0
ASU,associate_professor,151454.0
ASU,assistant_professor,81510.0
ASU,associate_professor,76879.0
ASU,assistant_professor,66361.0
ASU,associate_professor,86252.0
ASU,associate_professor,89336.0
ASU,professor,162043.0
ASU,associate_professor,76481.0
ASU,lecturer,69010.0
ASU,lecturer,52230.0
ASU,lecturer,64866.0
ASU,assistant_professor,54957.0
ASU,lecturer,69010.0
ASU,assistant_professor,155922.0
ASU,assistant_professor,66361.0
ASU,professor,103925.0
ASU,lecturer,96820.0
ASU,associate_professor,79925.0
ASU,assistant_professor,133812.0
ASU,assistant_professor,130963.0
ASU,associate_professor,86997.0
ASU,lecturer,54590.0
ASU,professor,51675.0
ASU,associate_professor,81905.0
ASU,professor,100882.0
ASU,professor,99484.0
ASU,professor,106405.0
ASU,administrator,146849.0
ASU,professor,153777.0
ASU,professor,161052.0
ASU,professor,91744.0
ASU,associate_professor,83350.0
ASU,lecturer,90843.0
ASU,professor,89868.0
ASU,assistant_professor,63915.0
ASU,assistant_professor,64721.0
ASU,assistant_professor,71000.0
ASU,professor,174485.0
ASU,associate_professor,87268.0
ASU,professor,61105.0
ASU,assistant_professor,141602.0
ASU,lecturer,53035.0
ASU,assistant_professor,72100.0
ASU,professor,97805.0
ASU,associate_professor,83217.0
ASU,lecturer,58710.0
ASU,assistant_professor,74276.0
ASU,administrator,147521.0
ASU,professor,94760.0
ASU,professor,123554.0
ASU,lecturer,71315.0
ASU,lecturer,71315.0
ASU,professor,101304.0
ASU,lecturer,85000.0
ASU,assistant_professor,72491.0
ASU,assistant_professor,43829.0
ASU,lecturer,54750.0
ASU,associate_professor,158541.0
ASU,assistant_professor,82400.0
ASU,assistant_professor,68907.0
ASU,lecturer,49196.0
ASU,professor,101852.0
ASU,associate_professor,85920.0
ASU,administrator,144200.0
ASU,lecturer,65928.0
ASU,professor,88976.0
ASU,lecturer,53683.0
ASU,lecturer,56290.0
ASU,professor,113906.0
ASU,professor,121051.0
ASU,professor,142308.0
ASU,assistant_professor,53457.0
ASU,associate_professor,163770.0
ASU,lecturer,53303.0
ASU,assistant_professor,71391.0
ASU,assistant_professor,100601.0
ASU,administrator,137648.0
ASU,professor,119233.0
ASU,lecturer,61310.0
ASU,assistant_professor,66112.0
ASU,professor,149309.0
ASU,associate_professor,75122.0
ASU,assistant_professor,130200.0
ASU,professor,93469.0
ASU,assistant_professor,53303.0
ASU,assistant_professor,71579.0
ASU,administrator,142119.0
ASU,professor,127628.0
ASU,lecturer,70000.0
ASU,professor,118912.0
ASU,associate_professor,83474.0
ASU,professor,123809.0
ASU,professor,103912.0
ASU,assistant_professor,72100.0
ASU,associate_professor,84999.0
ASU,assistant_professor,77205.0
ASU,assistant_professor,106090.0
ASU,professor,50443.0
ASU,administrator,251053.0
ASU,assistant_professor,67674.0
ASU,associate_professor,78288.0
ASU,lecturer,59516.0
ASU,associate_professor,40107.0
ASU,associate_professor,52470.0
ASU,assistant_professor,73703.0
ASU,lecturer,62438.0
ASU,administrator,176000.0
ASU,lecturer,58750.0
ASU,lecturer,51685.0
ASU,professor,143926.0
ASU,professor,106163.0
ASU,associate_professor,112569.0
ASU,professor,199580.0
ASU,lecturer,71080.0
ASU,associate_professor,90222.0
ASU,lecturer,75752.0
ASU,professor,113906.0
ASU,associate_professor,86458.0
ASU,lecturer,49771.0
ASU,professor,140826.0
ASU,lecturer,58690.0
ASU,assistant_professor,100940.0
ASU,professor,97600.0
ASU,professor,98010.0
ASU,professor,108498.0
ASU,lecturer,71810.0
ASU,lecturer,78314.0
ASU,professor,106405.0
ASU,assistant_professor,63345.0
ASU,lecturer,56440.0
ASU,professor,103400.0
ASU,professor,110314.0
ASU,associate_professor,73154.0
ASU,associate_professor,95221.0
ASU,assistant_professor,92449.0
ASU,professor,118965.0
ASU,lecturer,54000.0
ASU,assistant_professor,70135.0
ASU,lecturer,63424.0
ASU,professor,97900.0
ASU,associate_professor,75168.0
ASU,professor,136263.0
ASU,professor,161351.0
ASU,lecturer,57544.0
ASU,professor,221207.0
ASU,assistant_professor,73130.0
ASU,professor,103336.0
ASU,associate_professor,52979.0
ASU,lecturer,48999.0
ASU,assistant_professor,82295.0
ASU,assistant_professor,83337.0
ASU,professor,241458.0
ASU,lecturer,51606.0
ASU,professor,180780.0
ASU,professor,198674.0
ASU,assistant_professor,77089.0
ASU,lecturer,51687.0
ASU,professor,105078.0
ASU,assistant_professor,80855.0
ASU,professor,48071.0
ASU,associate_professor,59975.0
ASU,associate_professor,88685.0
ASU,administrator,138510.0
ASU,assistant_professor,51984.0
ASU,lecturer,57915.0
ASU,assistant_professor,63500.0
ASU,lecturer,125000.0
ASU,lecturer,56370.0
ASU,professor,107825.0
ASU,lecturer,50817.0
ASU,professor,119185.0
ASU,associate_professor,85573.0
ASU,assistant_professor,66361.0
ASU,associate_professor,67936.0
ASU,associate_professor,91334.0
ASU,assistant_professor,71070.0
ASU,lecturer,53354.0
ASU,professor,122894.0
ASU,lecturer,66398.0
ASU,professor,107903.0
ASU,professor,130948.0
ASU,associate_professor,160000.0
ASU,associate_professor,84763.0
ASU,lecturer,74263.0
ASU,assistant_professor,79993.0
ASU,lecturer,64646.0
ASU,lecturer,54940.0
ASU,associate_professor,83253.0
ASU,lecturer,55167.0
ASU,associate_professor,81853.0
ASU,lecturer,60645.0
ASU,lecturer,63818.0
ASU,lecturer,71717.0
ASU,assistant_professor,73970.0
ASU,assistant_professor,100726.0
ASU,professor,130948.0
ASU,assistant_professor,73130.0
ASU,assistant_professor,59681.0
ASU,associate_professor,50047.0
ASU,lecturer,49440.0
ASU,lecturer,57772.0
ASU,associate_professor,85090.0
ASU,lecturer,56265.0
ASU,lecturer,77546.0
ASU,professor,94832.0
ASU,assistant_professor,85490.0
ASU,lecturer,53996.0
ASU,assistant_professor,72276.0
ASU,professor,122436.0
ASU,associate_professor,83349.0
ASU,lecturer,53257.0
ASU,professor,163776.0
ASU,associate_professor,156051.0
ASU,lecturer,56243.0
ASU,assistant_professor,73130.0
ASU,professor,99697.0
ASU,professor,108504.0
ASU,professor,106883.0
ASU,associate_professor,168600.0
ASU,professor,102186.0
ASU,professor,103925.0
ASU,lecturer,62844.0
ASU,associate_professor,64290.0
ASU,lecturer,70689.0
ASU,lecturer,84357.0
ASU,professor,136052.0
ASU,administrator,396550.0
ASU,associate_professor,159815.0
ASU,professor,121052.0
ASU,associate_professor,90575.0
ASU,professor,89317.0
ASU,lecturer,56457.0
ASU,professor,118894.0
ASU,assistant_professor,68000.0
ASU,assistant_professor,65630.0
ASU,associate_professor,90839.0
ASU,associate_professor,84079.0
ASU,associate_professor,106764.0
ASU,assistant_professor,81982.0
ASU,professor,103912.0
ASU,professor,94620.0
ASU,professor,95144.0
ASU,professor,97189.0
ASU,professor,105869.0
ASU,professor,139726.0
ASU,lecturer,62844.0
ASU,assistant_professor,70138.0
ASU,lecturer,56079.0
ASU,lecturer,69010.0
ASU,professor,106405.0
ASU,lecturer,50923.0
ASU,assistant_professor,66950.0
ASU,assistant_professor,158698.0
ASU,assistant_professor,77250.0
ASU,assistant_professor,83220.0
ASU,lecturer,52230.0
ASU,assistant_professor,98880.0
ASU,assistant_professor,67674.0
ASU,associate_professor,80855.0
ASU,assistant_professor,55773.0
ASU,associate_professor,115660.0
ASU,administrator,226540.0
ASU,lecturer,66538.0
ASU,associate_professor,82032.0
ASU,professor,127785.0
ASU,lecturer,50923.0
ASU,lecturer,53575.0
ASU,lecturer,57345.0
ASU,lecturer,72974.0
ASU,associate_professor,90374.0
ASU,assistant_professor,79858.0
ASU,lecturer,69309.0
ASU,associate_professor,82134.0
ASU,lecturer,44134.0
ASU,assistant_professor,72316.0
ASU,assistant_professor,69661.0
ASU,associate_professor,85800.0
ASU,assistant_professor,74160.0
ASU,lecturer,64057.0
ASU,professor,99697.0
ASU,associate_professor,77597.0
ASU,lecturer,63568.0
ASU,assistant_professor,144083.0
ASU,lecturer,70000.0
ASU,associate_professor,85719.0
ASU,professor,144802.0
ASU,assistant_professor,107442.0
ASU,lecturer,51373.0
ASU,lecturer,51534.0
ASU,associate_professor,68000.0
ASU,professor,93901.0
ASU,assistant_professor,86190.0
ASU,lecturer,62328.0
ASU,associate_professor,153494.0
ASU,professor,93977.0
ASU,lecturer,49440.0
ASU,assistant_professor,72100.0
ASU,professor,138130.0
ASU,assistant_professor,81370.0
ASU,lecturer,65011.0
ASU,associate_professor,73842.0
ASU,administrator,102058.0
ASU,associate_professor,87177.0
ASU,assistant_professor,59000.0
ASU,lecturer,55616.0
ASU,professor,109180.0
ASU,assistant_professor,79579.0
ASU,lecturer,38883.0
ASU,professor,104121.0
ASU,lecturer,58446.0
ASU,professor,127454.0
ASU,professor,138764.0
ASU,associate_professor,86247.0
ASU,associate_professor,86660.0
ASU,lecturer,76626.0
ASU,lecturer,86000.0
ASU,assistant_professor,54000.0
ASU,lecturer,51534.0
ASU,assistant_professor,62000.0
ASU,associate_professor,84789.0
ASU,assistant_professor,70000.0
ASU,associate_professor,97805.0
ASU,administrator,220517.0
ASU,lecturer,76956.0
ASU,associate_professor,77231.0
ASU,associate_professor,80786.0
ASU,assistant_professor,71717.0
ASU,assistant_professor,76220.0
ASU,professor,133118.0
ASU,professor,106405.0
ASU,lecturer,58750.0
ASU,assistant_professor,92449.0
ASU,associate_professor,76481.0
ASU,lecturer,62844.0
ASU,assistant_professor,52015.0
ASU,lecturer,69010.0
ASU,associate_professor,156560.0
ASU,assistant_professor,69954.0
ASU,assistant_professor,72100.0
ASU,lecturer,99533.0
ASU,assistant_professor,68907.0
ASU,professor,173301.0
ASU,associate_professor,61098.0
ASU,professor,112247.0
ASU,lecturer,70672.0
ASU,associate_professor,84545.0
ASU,associate_professor,172559.0
ASU,associate_professor,86179.0
ASU,lecturer,61800.0
ASU,lecturer,74252.0
ASU,lecturer,94760.0
ASU,lecturer,70000.0
ASU,professor,97034.0
ASU,assistant_professor,83430.0
ASU,professor,198674.0
ASU,associate_professor,122738.0
ASU,associate_professor,114872.0
ASU,assistant_professor,56477.0
ASU,associate_professor,98035.0
ASU,associate_professor,89838.0
ASU,professor,103925.0
ASU,associate_professor,133208.0
ASU,associate_professor,80461.0
ASU,lecturer,57295.0
ASU,assistant_professor,81312.0
ASU,professor,103925.0
ASU,assistant_professor,61015.0
ASU,assistant_professor,84270.0
ASU,associate_professor,134088.0
ASU,professor,106405.0
ASU,professor,146485.0
ASU,assistant_professor,63277.0
ASU,assistant_professor,85572.0
ASU,assistant_professor,68907.0
ASU,assistant_professor,78280.0
ASU,professor,106405.0
ASU,assistant_professor,83220.0
ASU,associate_professor,52547.0
ASU,professor,106773.0
ASU,assistant_professor,80340.0
ASU,professor,124411.0
ASU,assistant_professor,68000.0
ASU,assistant_professor,66576.0
ASU,professor,95510.0
ASU,lecturer,63045.0
ASU,lecturer,85513.0
ASU,lecturer,72507.0
ASU,professor,127742.0
ASU,professor,97805.0
ASU,professor,111785.0
ASU,lecturer,56758.0
ASU,associate_professor,83586.0
ASU,professor,142965.0
ASU,associate_professor,89763.0
ASU,assistant_professor,91670.0
ASU,associate_professor,79290.0
ASU,associate_professor,93796.0
ASU,professor,88976.0
ASU,assistant_professor,70426.0
ASU,professor,102630.0
ASU,assistant_professor,77363.0
ASU,professor,89499.0
ASU,assistant_professor,114258.0
ASU,professor,110965.0
ASU,associate_professor,39987.0
ASU,assistant_professor,101318.0
ASU,lecturer,103000.0
ASU,associate_professor,85208.0
ASU,professor,107143.0
ASU,assistant_professor,83220.0
ASU,lecturer,54590.0
ASU,associate_professor,86179.0
ASU,professor,115788.0
ASU,associate_professor,79022.0
ASU,professor,158113.0
ASU,professor,47436.0
ASU,associate_professor,92541.0
ASU,assistant_professor,63345.0
ASU,lecturer,41205.0
ASU,professor,160464.0
ASU,assistant_professor,76756.0
ASU,associate_professor,90838.0
ASU,professor,92122.0
ASU,associate_professor,80766.0
ASU,administrator,147739.0
ASU,lecturer,73556.0
ASU,professor,111387.0
ASU,lecturer,58710.0
ASU,associate_professor,80576.0
ASU,assistant_professor,72561.0
ASU,assistant_professor,83452.0
ASU,assistant_professor,77363.0
ASU,professor,93933.0
ASU,lecturer,57513.0
ASU,associate_professor,87220.0
ASU,professor,106405.0
ASU,lecturer,48547.0
ASU,professor,108498.0
ASU,professor,100528.0
ASU,lecturer,58477.0
ASU,lecturer,50193.0
ASU,assistant_professor,69182.0
ASU,lecturer,54626.0
ASU,lecturer,50923.0
ASU,professor,94659.0
ASU,professor,103912.0
ASU,associate_professor,138645.0
ASU,administrator,309000.0
ASU,assistant_professor,63915.0
ASU,assistant_professor,54921.0
ASU,lecturer,60282.0
ASU,professor,172299.0
ASU,assistant_professor,92121.0
ASU,professor,116093.0
ASU,professor,110494.0
ASU,associate_professor,78486.0
ASU,professor,101002.0
ASU,assistant_professor,79341.0
ASU,professor,95290.0
ASU,professor,141844.0
ASU,professor,221357.0
ASU,professor,98353.0
ASU,associate_professor,67043.0
ASU,assistant_professor,72276.0
ASU,assistant_professor,66744.0
ASU,professor,104663.0
ASU,lecturer,58710.0
ASU,associate_professor,58403.0
ASU,associate_professor,97541.0
ASU,professor,111099.0
ASU,associate_professor,79550.0
ASU,assistant_professor,83920.0
ASU,associate_professor,81748.0
ASU,lecturer,77776.0
ASU,associate_professor,89929.0
ASU,lecturer,71717.0
ASU,professor,98193.0
ASU,assistant_professor,64428.0
ASU,assistant_professor,164626.0
ASU,lecturer,87941.0
ASU,professor,148560.0
ASU,professor,112696.0
ASU,lecturer,75027.0
ASU,assistant_professor,70040.0
ASU,associate_professor,82752.0
ASU,professor,118894.0
ASU,assistant_professor,54000.0
ASU,lecturer,50047.0
ASU,associate_professor,79431.0
ASU,professor,115788.0
ASU,lecturer,50857.0
ASU,lecturer,51088.0
ASU,associate_professor,87986.0
ASU,professor,92975.0
ASU,lecturer,51490.0
ASU,lecturer,50000.0
ASU,professor,92860.0
ASU,professor,106405.0
ASU,professor,124329.0
ASU,assistant_professor,54000.0
ASU,assistant_professor,72642.0
ASU,professor,101288.0
ASU,assistant_professor,78592.0
ASU,lecturer,54048.0
ASU,associate_professor,162595.0
ASU,lecturer,70111.0
ASU,associate_professor,87201.0
ASU,lecturer,57799.0
ASU,assistant_professor,50047.0
ASU,associate_professor,88575.0
ASU,lecturer,60282.0
ASU,professor,108028.0
ASU,professor,143926.0
ASU,assistant_professor,74000.0
ASU,professor,121758.0
ASU,assistant_professor,68136.0
ASU,assistant_professor,55900.0
ASU,assistant_professor,66576.0
ASU,professor,96306.0
ASU,associate_professor,75853.0
ASU,lecturer,67861.0
ASU,professor,111387.0
ASU,lecturer,39590.0
ASU,professor,109140.0
ASU,associate_professor,148771.0
ASU,associate_professor,80677.0
ASU,professor,148430.0
ASU,assistant_professor,144082.0
ASU,professor,96882.0
ASU,lecturer,54048.0
ASU,professor,108189.0
ASU,associate_professor,83990.0
ASU,administrator,307757.0
ASU,assistant_professor,72561.0
ASU,professor,87287.0
ASU,assistant_professor,91670.0
ASU,lecturer,66361.0
ASU,assistant_professor,75152.0
ASU,lecturer,54940.0
ASU,lecturer,49236.0
ASU,associate_professor,87203.0
ASU,assistant_professor,66950.0
ASU,professor,99364.0
ASU,assistant_professor,81988.0
ASU,associate_professor,78398.0
ASU,professor,118894.0
ASU,associate_professor,85089.0
ASU,lecturer,58477.0
ASU,associate_professor,78032.0
ASU,lecturer,71500.0
ASU,associate_professor,81647.0
ASU,assistant_professor,79053.0
ASU,assistant_professor,77250.0
ASU,associate_professor,77572.0
ASU,professor,107884.0
ASU,lecturer,68745.0
ASU,lecturer,62844.0
ASU,associate_professor,41154.0
ASU,assistant_professor,79053.0
ASU,professor,104629.0
ASU,lecturer,60125.0
ASU,lecturer,74463.0
ASU,lecturer,56548.0
ASU,assistant_professor,64890.0
ASU,lecturer,57228.0
ASU,lecturer,76317.0
ASU,professor,129554.0
ASU,associate_professor,71855.0
ASU,assistant_professor,77939.0
ASU,assistant_professor,54473.0
ASU,associate_professor,110503.0
ASU,associate_professor,86183.0
ASU,assistant_professor,63862.0
ASU,associate_professor,89988.0
ASU,associate_professor,94269.0
ASU,professor,168998.0
ASU,professor,127815.0
ASU,lecturer,46670.0
ASU,assistant_professor,77363.0
ASU,professor,138130.0
ASU,professor,93874.0
ASU,assistant_professor,80340.0
ASU,associate_professor,86835.0
ASU,lecturer,69010.0
ASU,professor,167383.0
ASU,assistant_professor,68000.0
ASU,associate_professor,78290.0
ASU,lecturer,66906.0
ASU,professor,142641.0
ASU,professor,100787.0
ASU,professor,157652.0
ASU,lecturer,51401.0
ASU,professor,105909.0
ASU,lecturer,82400.0
ASU,associate_professor,84861.0
ASU,associate_professor,86489.0
ASU,professor,95135.0
ASU,lecturer,55167.0
ASU,professor,93977.0
ASU,assistant_professor,67855.0
ASU,associate_professor,92640.0
ASU,lecturer,51529.0
ASU,professor,101641.0
ASU,professor,147267.0
ASU,associate_professor,85490.0
ASU,assistant_professor,77971.0
ASU,lecturer,64099.0
ASU,associate_professor,93100.0
ASU,professor,122894.0
ASU,assistant_professor,80544.0
ASU,associate_professor,82680.0
ASU,professor,144229.0
ASU,assistant_professor,71070.0
ASU,associate_professor,79843.0
ASU,lecturer,54593.0
ASU,professor,140087.0
ASU,lecturer,71717.0
ASU,professor,91404.0
ASU,associate_professor,107344.0
ASU,professor,101778.0
ASU,professor,94963.0
ASU,assistant_professor,90125.0
ASU,professor,120329.0
ASU,assistant_professor,133900.0
ASU,assistant_professor,63840.0
ASU,lecturer,65535.0
ASU,professor,110212.0
ASU,assistant_professor,131125.0
ASU,professor,94176.0
ASU,administrator,193575.0
ASU,lecturer,51643.0
ASU,associate_professor,122738.0
ASU,associate_professor,80870.0
ASU,assistant_professor,79579.0
ASU,professor,112498.0
ASU,assistant_professor,71377.0
ASU,lecturer,69010.0
ASU,lecturer,54000.0
ASU,assistant_professor,66744.0
ASU,assistant_professor,48547.0
ASU,lecturer,54940.0
ASU,lecturer,61014.0
ASU,associate_professor,52547.0
ASU,assistant_professor,51018.0
ASU,professor,141362.0
ASU,associate_professor,181647.0
ASU,associate_professor,75350.0
ASU,assistant_professor,66206.0
ASU,assistant_professor,72000.0
ASU,associate_professor,170431.0
ASU,professor,121798.0
ASU,assistant_professor,72491.0
ASU,associate_professor,60595.0
ASU,lecturer,56634.0
ASU,professor,119598.0
ASU,lecturer,49440.0
ASU,associate_professor,80557.0
ASU,professor,104823.0
ASU,assistant_professor,79053.0
ASU,associate_professor,88010.0
ECSU,assistant_professor,73157.0
ECSU,associate_professor,85974.0
ECSU,associate_professor,85524.0
ECSU,associate_professor,88848.0
ECSU,assistant_professor,73576.0
ECSU,lecturer,57680.0
ECSU,professor,92643.0
ECSU,lecturer,64478.0
ECSU,professor,88309.0
ECSU,lecturer,60000.0
ECSU,professor,93252.0
ECSU,lecturer,57373.0
ECSU,assistant_professor,78280.0
ECSU,assistant_professor,77822.0
ECSU,assistant_professor,70555.0
ECSU,lecturer,55620.0
ECSU,lecturer,66950.0
ECSU,associate_professor,83744.0
ECSU,administrator,226600.0
ECSU,lecturer,58526.0
ECSU,assistant_professor,74792.0
ECSU,associate_professor,93540.0
ECSU,professor,83682.0
ECSU,lecturer,55000.0
ECSU,administrator,128647.0
ECSU,professor,80919.0
ECSU,professor,103000.0
ECSU,professor,94719.0
ECSU,associate_professor,91165.0
ECSU,lecturer,75000.0
ECSU,professor,103227.0
ECSU,assistant_professor,67898.0
ECSU,lecturer,63654.0
ECSU,associate_professor,80851.0
ECSU,professor,82153.0
ECSU,assistant_professor,70019.0
ECSU,associate_professor,72595.0
ECSU,associate_professor,93391.0
ECSU,assistant_professor,69511.0
ECSU,assistant_professor,101507.0
ECSU,assistant_professor,69410.0
ECSU,administrator,318270.0
ECSU,assistant_professor,72820.0
ECSU,professor,98626.0
ECSU,associate_professor,81934.0
ECSU,assistant_professor,80734.0
ECSU,associate_professor,78073.0
ECSU,associate_professor,89335.0
ECSU,associate_professor,107197.0
ECSU,professor,93252.0
ECSU,assistant_professor,65000.0
ECSU,lecturer,58526.0
ECSU,assistant_professor,99843.0
ECSU,assistant_professor,89308.0
ECSU,lecturer,58526.0
ECSU,administrator,113644.0
ECSU,assistant_professor,75900.0
ECSU,associate_professor,74227.0
ECSU,lecturer,71677.0
ECSU,lecturer,84412.0
ECSU,assistant_professor,65548.0
ECSU,assistant_professor,74160.0
ECSU,lecturer,60991.0
ECSU,associate_professor,79310.0
ECSU,lecturer,64890.0
ECSU,lecturer,55000.0
ECSU,professor,114008.0
ECSU,professor,108825.0
ECSU,professor,110953.0
ECSU,assistant_professor,76385.0
ECSU,administrator,164706.0
ECSU,administrator,79310.0
ECSU,professor,94000.0
ECSU,associate_professor,78904.0
ECSU,lecturer,61800.0
ECSU,assistant_professor,61787.0
ECSU,assistant_professor,86061.0
ECSU,assistant_professor,110000.0
ECSU,associate_professor,80813.0
ECSU,lecturer,55000.0
ECSU,administrator,110022.0
ECSU,assistant_professor,70231.0
ECSU,assistant_professor,73836.0
ECSU,assistant_professor,70019.0
ECSU,administrator,60178.0
ECSU,assistant_professor,68216.0
ECSU,associate_professor,91058.0
ECSU,assistant_professor,78590.0
ECSU,associate_professor,79701.0
ECSU,professor,110953.0
ECSU,assistant_professor,67982.0
ECSU,administrator,133900.0
ECSU,lecturer,65000.0
ECSU,assistant_professor,80340.0
ECSU,assistant_professor,65776.0
ECSU,associate_professor,75393.0
ECSU,assistant_professor,123600.0
ECSU,associate_professor,78830.0
ECSU,associate_professor,88167.0
ECSU,associate_professor,76547.0
ECSU,assistant_professor,103918.0
ECSU,associate_professor,82133.0
ECSU,professor,117458.0
ECSU,lecturer,68943.0
ECU,professor,206000.0
ECU,administrator,187281.0
ECU,professor,103936.0
ECU,lecturer,66478.0
ECU,professor,150591.0
ECU,associate_professor,91102.0
ECU,associate_professor,99448.0
ECU,professor,93824.0
ECU,professor,113399.0
ECU,professor,778211.0
ECU,assistant_professor,88267.0
ECU,lecturer,61800.0
ECU,associate_professor,80800.0
ECU,lecturer,56197.0
ECU,associate_professor,70148.0
ECU,assistant_professor,283967.0
ECU,administrator,269674.0
ECU,associate_professor,140610.0
ECU,professor,109866.0
ECU,lecturer,65098.0
ECU,lecturer,60443.0
ECU,professor,72604.0
ECU,assistant_professor,88000.0
ECU,associate_professor,92293.0
ECU,associate_professor,786847.0
ECU,professor,149724.0
ECU,associate_professor,66801.0
ECU,professor,140793.0
ECU,associate_professor,46482.0
ECU,administrator,198986.0
ECU,assistant_professor,70000.0
ECU,lecturer,69304.0
ECU,lecturer,88647.0
ECU,associate_professor,48965.0
ECU,assistant_professor,86061.0
ECU,professor,429562.0
ECU,professor,61040.0
ECU,assistant_professor,155000.0
ECU,associate_professor,95326.0
ECU,associate_professor,94674.0
ECU,assistant_professor,76220.0
ECU,associate_professor,109231.0
ECU,associate_professor,115721.0
ECU,assistant_professor,324256.0
ECU,associate_professor,88302.0
ECU,professor,125986.0
ECU,assistant_professor,94000.0
ECU,professor,101599.0
ECU,associate_professor,102676.0
ECU,associate_professor,99493.0
ECU,assistant_professor,59383.0
ECU,professor,144173.0
ECU,associate_professor,127968.0
ECU,assistant_professor,140080.0
ECU,professor,90774.0
ECU,assistant_professor,82751.0
ECU,associate_professor,95599.0
ECU,lecturer,83730.0
ECU,professor,99470.0
ECU,lecturer,59740.0
ECU,assistant_professor,77250.0
ECU,professor,119019.0
ECU,professor,140325.0
ECU,assistant_professor,64715.0
ECU,professor,146003.0
ECU,associate_professor,152495.0
ECU,lecturer,79992.0
ECU,assistant_professor,253270.0
ECU,associate_professor,78226.0
ECU,assistant_professor,73000.0
ECU,assistant_professor,54500.0
ECU,administrator,236397.0
ECU,professor,242912.0
ECU,professor,950090.0
ECU,associate_professor,101601.0
ECU,assistant_professor,82400.0
ECU,professor,100574.0
ECU,professor,100219.0
ECU,professor,101866.0
ECU,professor,134610.0
ECU,professor,97093.0
ECU,associate_professor,93188.0
ECU,associate_professor,151638.0
ECU,assistant_professor,64890.0
ECU,assistant_professor,226345.0
ECU,lecturer,72196.0
ECU,professor,344138.0
ECU,associate_professor,161477.0
ECU,associate_professor,98472.0
ECU,associate_professor,207446.0
ECU,lecturer,59675.0
ECU,professor,88605.0
ECU,assistant_professor,72380.0
ECU,assistant_professor,78507.0
ECU,lecturer,53500.0
ECU,assistant_professor,75190.0
ECU,assistant_professor,75166.0
ECU,assistant_professor,85267.0
ECU,professor,95599.0
ECU,lecturer,57680.0
ECU,professor,91090.0
ECU,professor,122556.0
ECU,professor,66211.0
ECU,assistant_professor,82400.0
ECU,assistant_professor,266041.0
ECU,associate_professor,88845.0
ECU,associate_professor,76296.0
ECU,associate_professor,105666.0
ECU,assistant_professor,77026.0
ECU,lecturer,50190.0
ECU,associate_professor,74285.0
ECU,associate_professor,67750.0
ECU,professor,82916.0
ECU,associate_professor,368781.0
ECU,assistant_professor,78280.0
ECU,professor,149724.0
ECU,professor,119836.0
ECU,associate_professor,285000.0
ECU,professor,93784.0
ECU,associate_professor,89737.0
ECU,professor,950090.0
ECU,associate_professor,105293.0
ECU,associate_professor,98154.0
ECU,assistant_professor,238760.0
ECU,assistant_professor,61800.0
ECU,associate_professor,84606.0
ECU,assistant_professor,60684.0
ECU,associate_professor,105030.0
ECU,associate_professor,98645.0
ECU,assistant_professor,128481.0
ECU,lecturer,57680.0
ECU,administrator,297350.0
ECU,associate_professor,61459.0
ECU,lecturer,67891.0
ECU,administrator,247845.0
ECU,associate_professor,129093.0
ECU,lecturer,72518.0
ECU,lecturer,81079.0
ECU,assistant_professor,140000.0
ECU,administrator,339900.0
ECU,professor,149732.0
ECU,lecturer,67892.0
ECU,assistant_professor,60690.0
ECU,associate_professor,105674.0
ECU,associate_professor,486620.0
ECU,assistant_professor,74697.0
ECU,professor,101684.0
ECU,lecturer,63463.0
ECU,associate_professor,78755.0
ECU,lecturer,48802.0
ECU,assistant_professor,306325.0
ECU,associate_professor,84551.0
ECU,associate_professor,111238.0
ECU,associate_professor,102557.0
ECU,lecturer,70232.0
ECU,lecturer,64687.0
ECU,assistant_professor,226345.0
ECU,assistant_professor,143222.0
ECU,assistant_professor,195253.0
ECU,professor,125571.0
ECU,professor,88866.0
ECU,professor,69031.0
ECU,associate_professor,89000.0
ECU,associate_professor,78124.0
ECU,lecturer,82400.0
ECU,assistant_professor,119760.0
ECU,lecturer,68000.0
ECU,associate_professor,79475.0
ECU,associate_professor,88058.0
ECU,associate_professor,74510.0
ECU,lecturer,57680.0
ECU,associate_professor,64684.0
ECU,lecturer,81897.0
ECU,professor,147112.0
ECU,professor,94718.0
ECU,lecturer,60684.0
ECU,professor,100315.0
ECU,professor,160562.0
ECU,professor,120225.0
ECU,assistant_professor,82751.0
ECU,lecturer,77654.0
ECU,associate_professor,85595.0
ECU,lecturer,62240.0
ECU,assistant_professor,154500.0
ECU,lecturer,60684.0
ECU,assistant_professor,72100.0
ECU,associate_professor,68518.0
ECU,assistant_professor,92681.0
ECU,associate_professor,97823.0
ECU,associate_professor,82818.0
ECU,professor,110204.0
ECU,professor,108150.0
ECU,professor,182600.0
ECU,lecturer,71104.0
ECU,associate_professor,89487.0
ECU,assistant_professor,62830.0
ECU,professor,174227.0
ECU,professor,88902.0
ECU,associate_professor,139747.0
ECU,assistant_professor,370324.0
ECU,assistant_professor,78280.0
ECU,professor,95245.0
ECU,assistant_professor,74396.0
ECU,professor,246919.0
ECU,professor,135524.0
ECU,assistant_professor,95355.0
ECU,associate_professor,85490.0
ECU,associate_professor,91628.0
ECU,professor,146878.0
ECU,lecturer,79568.0
ECU,assistant_professor,73203.0
ECU,professor,86208.0
ECU,professor,206981.0
ECU,associate_professor,71359.0
ECU,associate_professor,77425.0
ECU,assistant_professor,55341.0
ECU,lecturer,83449.0
ECU,associate_professor,74071.0
ECU,associate_professor,64684.0
ECU,assistant_professor,228751.0
ECU,professor,113769.0
ECU,associate_professor,148526.0
ECU,associate_professor,63531.0
ECU,associate_professor,276447.0
ECU,professor,117912.0
ECU,administrator,245807.0
ECU,professor,95571.0
ECU,professor,118273.0
ECU,assistant_professor,56650.0
ECU,lecturer,53244.0
ECU,administrator,151999.0
ECU,associate_professor,84906.0
ECU,assistant_professor,68694.0
ECU,associate_professor,92849.0
ECU,assistant_professor,78191.0
ECU,associate_professor,207605.0
ECU,professor,138605.0
ECU,associate_professor,88388.0
ECU,assistant_professor,58350.0
ECU,professor,112965.0
ECU,lecturer,60412.0
ECU,professor,194345.0
ECU,professor,77886.0
ECU,assistant_professor,81648.0
ECU,lecturer,56000.0
ECU,professor,278958.0
ECU,lecturer,64463.0
ECU,associate_professor,73304.0
ECU,assistant_professor,58350.0
ECU,associate_professor,66839.0
ECU,assistant_professor,99910.0
ECU,lecturer,55167.0
ECU,professor,144600.0
ECU,professor,107563.0
ECU,professor,106569.0
ECU,associate_professor,77901.0
ECU,lecturer,53959.0
ECU,lecturer,48767.0
ECU,lecturer,64325.0
ECU,associate_professor,54513.0
ECU,assistant_professor,79480.0
ECU,associate_professor,65522.0
ECU,professor,107234.0
ECU,professor,45693.0
ECU,associate_professor,686842.0
ECU,associate_professor,294374.0
ECU,assistant_professor,200508.0
ECU,professor,171101.0
ECU,assistant_professor,264226.0
ECU,assistant_professor,245869.0
ECU,associate_professor,85877.0
ECU,assistant_professor,63860.0
ECU,lecturer,60684.0
ECU,associate_professor,69193.0
ECU,lecturer,67486.0
ECU,associate_professor,138020.0
ECU,professor,152742.0
ECU,administrator,187281.0
ECU,assistant_professor,105060.0
ECU,lecturer,88580.0
ECU,assistant_professor,61800.0
ECU,assistant_professor,76131.0
ECU,professor,176819.0
ECU,professor,97767.0
ECU,assistant_professor,78162.0
ECU,associate_professor,76801.0
ECU,professor,147633.0
ECU,assistant_professor,77234.0
ECU,associate_professor,85000.0
ECU,associate_professor,93707.0
ECU,professor,100774.0
ECU,professor,138587.0
ECU,lecturer,81963.0
ECU,lecturer,61709.0
ECU,assistant_professor,261371.0
ECU,associate_professor,64334.0
ECU,associate_professor,78797.0
ECU,professor,150128.0
ECU,assistant_professor,238393.0
ECU,associate_professor,74034.0
ECU,professor,104067.0
ECU,associate_professor,78939.0
ECU,associate_professor,97460.0
ECU,assistant_professor,66201.0
ECU,professor,82014.0
ECU,professor,97574.0
ECU,professor,80877.0
ECU,lecturer,58500.0
ECU,associate_professor,116699.0
ECU,associate_professor,85297.0
ECU,assistant_professor,101847.0
ECU,lecturer,64000.0
ECU,associate_professor,126124.0
ECU,professor,88561.0
ECU,associate_professor,111551.0
ECU,lecturer,47466.0
ECU,professor,273980.0
ECU,professor,89621.0
ECU,lecturer,49668.0
ECU,associate_professor,88580.0
ECU,assistant_professor,476290.0
ECU,assistant_professor,81472.0
ECU,lecturer,68572.0
ECU,associate_professor,95024.0
ECU,lecturer,51934.0
ECU,professor,45736.0
ECU,professor,74533.0
ECU,professor,176819.0
ECU,associate_professor,83998.0
ECU,professor,106288.0
ECU,lecturer,68518.0
ECU,associate_professor,72514.0
ECU,professor,153427.0
ECU,lecturer,53562.0
ECU,lecturer,55922.0
ECU,professor,112464.0
ECU,associate_professor,87932.0
ECU,assistant_professor,66268.0
ECU,professor,109517.0
ECU,lecturer,56650.0
ECU,assistant_professor,60460.0
ECU,associate_professor,145775.0
ECU,administrator,166112.0
ECU,associate_professor,71981.0
ECU,professor,539738.0
ECU,associate_professor,91043.0
ECU,assistant_professor,84538.0
ECU,associate_professor,71293.0
ECU,lecturer,57886.0
ECU,assistant_professor,76941.0
ECU,professor,101917.0
ECU,assistant_professor,230079.0
ECU,associate_professor,77220.0
ECU,assistant_professor,76941.0
ECU,lecturer,53560.0
ECU,professor,103989.0
ECU,lecturer,51902.0
ECU,lecturer,70232.0
ECU,lecturer,50470.0
ECU,associate_professor,91660.0
ECU,associate_professor,86809.0
ECU,associate_professor,83435.0
ECU,assistant_professor,240992.0
ECU,lecturer,86142.0
ECU,professor,570269.0
ECU,lecturer,62260.0
ECU,assistant_professor,65436.0
ECU,administrator,147591.0
ECU,administrator,211290.0
ECU,professor,116390.0
ECU,assistant_professor,88580.0
ECU,lecturer,104207.0
ECU,associate_professor,78325.0
ECU,assistant_professor,60762.0
ECU,assistant_professor,65776.0
ECU,lecturer,66567.0
ECU,lecturer,55167.0
ECU,associate_professor,56371.0
ECU,professor,289106.0
ECU,assistant_professor,75911.0
ECU,professor,87872.0
ECU,professor,89840.0
ECU,professor,148542.0
ECU,associate_professor,164385.0
ECU,lecturer,60000.0
ECU,assistant_professor,169950.0
ECU,administrator,196446.0
ECU,associate_professor,74073.0
ECU,associate_professor,83639.0
ECU,lecturer,66534.0
ECU,professor,164800.0
ECU,assistant_professor,105000.0
ECU,associate_professor,69781.0
ECU,lecturer,48767.0
ECU,associate_professor,70321.0
ECU,assistant_professor,63958.0
ECU,associate_professor,99494.0
ECU,assistant_professor,113092.0
ECU,assistant_professor,94888.0
ECU,assistant_professor,92700.0
ECU,associate_professor,78797.0
ECU,professor,153956.0
ECU,professor,190550.0
ECU,assistant_professor,92700.0
ECU,assistant_professor,165501.0
ECU,assistant_professor,65776.0
ECU,lecturer,70232.0
ECU,associate_professor,97481.0
ECU,lecturer,67781.0
ECU,professor,103953.0
ECU,associate_professor,75241.0
ECU,associate_professor,97324.0
ECU,professor,121812.0
ECU,assistant_professor,250561.0
ECU,professor,109006.0
ECU,associate_professor,87699.0
ECU,assistant_professor,263009.0
ECU,associate_professor,55560.0
ECU,associate_professor,107573.0
ECU,assistant_professor,141320.0
ECU,professor,90117.0
ECU,associate_professor,107836.0
ECU,associate_professor,95089.0
ECU,lecturer,64702.0
ECU,associate_professor,80090.0
ECU,administrator,244007.0
ECU,associate_professor,75340.0
ECU,associate_professor,76412.0
ECU,professor,142465.0
ECU,associate_professor,86547.0
ECU,assistant_professor,59740.0
ECU,lecturer,76428.0
ECU,assistant_professor,122004.0
ECU,associate_professor,107626.0
ECU,administrator,179404.0
ECU,lecturer,106208.0
ECU,associate_professor,83839.0
ECU,professor,154016.0
ECU,assistant_professor,128750.0
ECU,professor,144148.0
ECU,professor,92694.0
ECU,assistant_professor,95543.0
ECU,professor,95445.0
ECU,associate_professor,103094.0
ECU,associate_professor,89288.0
ECU,lecturer,52081.0
ECU,lecturer,72057.0
ECU,assistant_professor,66419.0
ECU,lecturer,47380.0
ECU,lecturer,58000.0
ECU,associate_professor,217101.0
ECU,professor,57401.0
ECU,professor,94545.0
ECU,professor,167947.0
ECU,assistant_professor,85933.0
ECU,associate_professor,96311.0
ECU,associate_professor,87789.0
ECU,lecturer,58000.0
ECU,associate_professor,80205.0
ECU,professor,158620.0
ECU,professor,88875.0
ECU,assistant_professor,485000.0
ECU,administrator,306940.0
ECU,professor,174714.0
ECU,associate_professor,73744.0
ECU,professor,77448.0
ECU,professor,108689.0
ECU,lecturer,78280.0
ECU,assistant_professor,100786.0
ECU,assistant_professor,491685.0
ECU,assistant_professor,151135.0
ECU,lecturer,60684.0
ECU,assistant_professor,64890.0
ECU,assistant_professor,303102.0
ECU,assistant_professor,76131.0
ECU,assistant_professor,107946.0
ECU,assistant_professor,83430.0
ECU,assistant_professor,81885.0
ECU,associate_professor,54995.0
ECU,assistant_professor,99910.0
ECU,professor,100562.0
ECU,associate_professor,86894.0
ECU,associate_professor,83186.0
ECU,associate_professor,191246.0
ECU,associate_professor,67971.0
ECU,associate_professor,113869.0
ECU,professor,87288.0
ECU,assistant_professor,80000.0
ECU,administrator,638600.0
ECU,lecturer,65133.0
ECU,professor,235193.0
ECU,associate_professor,112530.0
ECU,associate_professor,81353.0
ECU,professor,286775.0
ECU,assistant_professor,65000.0
ECU,professor,121376.0
ECU,professor,77413.0
ECU,assistant_professor,74160.0
ECU,lecturer,90386.0
ECU,assistant_professor,57500.0
ECU,professor,130919.0
ECU,assistant_professor,83000.0
ECU,professor,83614.0
ECU,lecturer,57680.0
ECU,professor,83272.0
ECU,lecturer,49423.0
ECU,associate_professor,86709.0
ECU,assistant_professor,262260.0
ECU,professor,102484.0
ECU,professor,128409.0
ECU,professor,94033.0
ECU,assistant_professor,83430.0
ECU,associate_professor,82445.0
ECU,professor,103200.0
ECU,associate_professor,92767.0
ECU,professor,95217.0
ECU,associate_professor,102163.0
ECU,professor,87807.0
ECU,associate_professor,94471.0
ECU,associate_professor,108265.0
ECU,assistant_professor,104597.0
ECU,assistant_professor,73900.0
ECU,associate_professor,97281.0
ECU,lecturer,56650.0
ECU,professor,102551.0
ECU,assistant_professor,242620.0
ECU,professor,98637.0
ECU,professor,92564.0
ECU,associate_professor,91624.0
ECU,assistant_professor,68959.0
ECU,assistant_professor,57680.0
ECU,assistant_professor,62156.0
ECU,professor,107623.0
ECU,associate_professor,113907.0
ECU,assistant_professor,82751.0
ECU,professor,84567.0
ECU,lecturer,60684.0
ECU,associate_professor,84606.0
ECU,associate_professor,94607.0
ECU,associate_professor,92213.0
ECU,assistant_professor,188716.0
ECU,professor,93561.0
ECU,assistant_professor,66950.0
ECU,assistant_professor,268568.0
ECU,professor,138176.0
ECU,assistant_professor,67771.0
ECU,lecturer,82707.0
ECU,associate_professor,103306.0
ECU,associate_professor,90792.0
ECU,assistant_professor,300806.0
ECU,lecturer,71104.0
ECU,assistant_professor,85490.0
ECU,professor,154468.0
ECU,assistant_professor,283609.0
ECU,professor,94748.0
ECU,professor,102611.0
ECU,assistant_professor,94888.0
ECU,professor,160680.0
ECU,associate_professor,102169.0
ECU,associate_professor,71611.0
ECU,associate_professor,74499.0
ECU,lecturer,60443.0
ECU,associate_professor,503371.0
ECU,professor,112066.0
ECU,professor,87108.0
ECU,associate_professor,257344.0
ECU,professor,94534.0
ECU,associate_professor,63581.0
ECU,associate_professor,91158.0
ECU,professor,87904.0
ECU,associate_professor,90898.0
ECU,professor,90029.0
ECU,professor,149081.0
ECU,associate_professor,86118.0
ECU,assistant_professor,137917.0
ECU,professor,112852.0
ECU,professor,134515.0
ECU,administrator,247976.0
ECU,professor,159993.0
ECU,associate_professor,117052.0
ECU,associate_professor,181430.0
ECU,lecturer,58487.0
ECU,assistant_professor,211664.0
ECU,associate_professor,94838.0
ECU,assistant_professor,108743.0
ECU,assistant_professor,76131.0
ECU,assistant_professor,83855.0
ECU,lecturer,62312.0
ECU,assistant_professor,78180.0
ECU,associate_professor,96311.0
ECU,assistant_professor,84460.0
ECU,professor,154379.0
ECU,associate_professor,103845.0
ECU,assistant_professor,77250.0
ECU,assistant_professor,58710.0
ECU,professor,90200.0
ECU,professor,112868.0
ECU,associate_professor,105593.0
ECU,professor,91458.0
ECU,associate_professor,90508.0
ECU,associate_professor,146373.0
ECU,associate_professor,61898.0
ECU,assistant_professor,55620.0
ECU,associate_professor,131859.0
ECU,professor,90243.0
ECU,professor,87677.0
ECU,lecturer,76704.0
ECU,associate_professor,319883.0
ECU,lecturer,61249.0
ECU,assistant_professor,65913.0
ECU,administrator,183818.0
ECU,associate_professor,62453.0
ECU,assistant_professor,231575.0
ECU,lecturer,47380.0
ECU,professor,103884.0
ECU,professor,97071.0
ECU,assistant_professor,55341.0
ECU,assistant_professor,78507.0
ECU,lecturer,53072.0
ECU,associate_professor,145922.0
ECU,associate_professor,86736.0
ECU,professor,162135.0
ECU,lecturer,50193.0
ECU,associate_professor,119306.0
ECU,lecturer,60684.0
ECU,associate_professor,112199.0
ECU,lecturer,53513.0
ECU,associate_professor,76862.0
ECU,associate_professor,105674.0
ECU,administrator,190550.0
ECU,assistant_professor,167447.0
ECU,assistant_professor,97850.0
ECU,assistant_professor,60051.0
ECU,assistant_professor,122004.0
ECU,assistant_professor,91578.0
ECU,professor,118450.0
ECU,associate_professor,141131.0
ECU,assistant_professor,89287.0
ECU,professor,88215.0
ECU,associate_professor,89024.0
ECU,lecturer,56325.0
ECU,associate_professor,102163.0
ECU,professor,123355.0
ECU,professor,104753.0
ECU,assistant_professor,92700.0
ECU,associate_professor,84021.0
ECU,assistant_professor,55000.0
ECU,professor,141425.0
ECU,professor,100700.0
ECU,assistant_professor,63000.0
ECU,assistant_professor,221393.0
ECU,associate_professor,224154.0
ECU,professor,126492.0
ECU,professor,119543.0
ECU,professor,85778.0
ECU,associate_professor,248668.0
ECU,administrator,300000.0
ECU,associate_professor,96460.0
ECU,associate_professor,99577.0
ECU,professor,103304.0
ECU,professor,99371.0
ECU,associate_professor,137303.0
ECU,professor,101406.0
ECU,associate_professor,106969.0
ECU,assistant_professor,66950.0
ECU,associate_professor,126447.0
ECU,associate_professor,86256.0
ECU,professor,98429.0
ECU,lecturer,74227.0
ECU,associate_professor,84826.0
ECU,associate_professor,131725.0
ECU,associate_professor,105008.0
ECU,professor,140450.0
ECU,professor,80586.0
ECU,associate_professor,763984.0
ECU,associate_professor,97349.0
ECU,lecturer,57827.0
ECU,associate_professor,79444.0
ECU,professor,85296.0
ECU,assistant_professor,63860.0
ECU,associate_professor,89119.0
ECU,associate_professor,101206.0
ECU,professor,101911.0
ECU,associate_professor,87550.0
ECU,professor,102678.0
ECU,associate_professor,69655.0
ECU,lecturer,34456.0
ECU,professor,222789.0
ECU,professor,100372.0
ECU,associate_professor,287939.0
ECU,professor,101326.0
ECU,associate_professor,140803.0
ECU,associate_professor,132537.0
ECU,associate_professor,81568.0
ECU,associate_professor,65410.0
ECU,associate_professor,115615.0
ECU,professor,151793.0
ECU,associate_professor,92219.0
ECU,associate_professor,83874.0
ECU,assistant_professor,68408.0
ECU,professor,94807.0
ECU,associate_professor,221574.0
ECU,assistant_professor,78507.0
ECU,assistant_professor,71823.0
ECU,lecturer,88647.0
ECU,professor,568399.0
ECU,associate_professor,279339.0
ECU,assistant_professor,62684.0
ECU,professor,102462.0
ECU,associate_professor,108429.0
ECU,lecturer,51339.0
ECU,assistant_professor,63500.0
ECU,associate_professor,102163.0
ECU,professor,92749.0
ECU,professor,126378.0
ECU,professor,101533.0
ECU,professor,119604.0
ECU,lecturer,72897.0
ECU,associate_professor,44851.0
ECU,assistant_professor,88910.0
ECU,associate_professor,80307.0
ECU,professor,178369.0
ECU,lecturer,81963.0
ECU,associate_professor,94339.0
ECU,assistant_professor,53729.0
ECU,assistant_professor,97926.0
ECU,lecturer,63209.0
ECU,lecturer,61800.0
ECU,associate_professor,64099.0
ECU,professor,163295.0
ECU,professor,120225.0
ECU,professor,175071.0
ECU,professor,110865.0
ECU,associate_professor,87849.0
ECU,professor,188902.0
ECU,lecturer,52409.0
ECU,professor,65379.0
ECU,associate_professor,77373.0
ECU,associate_professor,74961.0
ECU,associate_professor,126447.0
ECU,associate_professor,77138.0
ECU,professor,122883.0
ECU,assistant_professor,77446.0
ECU,assistant_professor,91155.0
ECU,professor,95205.0
ECU,associate_professor,88580.0
ECU,assistant_professor,67980.0
ECU,lecturer,72797.0
ECU,professor,350908.0
ECU,lecturer,53065.0
ECU,professor,102228.0
ECU,professor,195882.0
ECU,lecturer,81963.0
ECU,associate_professor,93641.0
ECU,lecturer,47380.0
ECU,associate_professor,85653.0
ECU,professor,480342.0
ECU,lecturer,50924.0
ECU,professor,88093.0
ECU,associate_professor,190488.0
ECU,lecturer,58350.0
ECU,lecturer,48547.0
ECU,associate_professor,114570.0
ECU,associate_professor,94447.0
ECU,associate_professor,85534.0
ECU,assistant_professor,145089.0
ECU,associate_professor,124579.0
ECU,professor,88576.0
ECU,associate_professor,97301.0
ECU,assistant_professor,55161.0
ECU,professor,141453.0
ECU,professor,508188.0
ECU,professor,98752.0
ECU,assistant_professor,55341.0
ECU,lecturer,61800.0
ECU,professor,94428.0
ECU,assistant_professor,95790.0
ECU,professor,96618.0
ECU,lecturer,60301.0
ECU,assistant_professor,256519.0
ECU,professor,163871.0
ECU,assistant_professor,133900.0
ECU,associate_professor,106638.0
ECU,professor,103438.0
ECU,associate_professor,497957.0
ECU,associate_professor,65077.0
ECU,associate_professor,90651.0
ECU,lecturer,52675.0
ECU,associate_professor,74556.0
ECU,assistant_professor,54590.0
ECU,assistant_professor,256519.0
ECU,associate_professor,54590.0
ECU,professor,104798.0
ECU,assistant_professor,72100.0
ECU,professor,132122.0
ECU,assistant_professor,61788.0
ECU,assistant_professor,63951.0
ECU,assistant_professor,63654.0
ECU,associate_professor,279339.0
ECU,assistant_professor,82400.0
ECU,associate_professor,71559.0
ECU,associate_professor,102163.0
ECU,associate_professor,111347.0
ECU,assistant_professor,99494.0
ECU,professor,154956.0
ECU,assistant_professor,94760.0
ECU,professor,495392.0
ECU,assistant_professor,82827.0
ECU,associate_professor,151644.0
ECU,professor,315340.0
ECU,lecturer,55167.0
ECU,associate_professor,74443.0
ECU,assistant_professor,61800.0
ECU,professor,177439.0
ECU,assistant_professor,130000.0
ECU,professor,778211.0
ECU,associate_professor,76853.0
ECU,assistant_professor,59478.0
ECU,associate_professor,84791.0
ECU,associate_professor,69781.0
ECU,professor,92167.0
ECU,associate_professor,70537.0
ECU,assistant_professor,83430.0
ECU,professor,101912.0
ECU,professor,159509.0
ECU,professor,166131.0
ECU,assistant_professor,77250.0
ECU,professor,98395.0
ECU,assistant_professor,71081.0
ECU,associate_professor,116699.0
ECU,associate_professor,99046.0
ECU,assistant_professor,491685.0
ECU,lecturer,72100.0
ECU,associate_professor,686842.0
ECU,professor,91659.0
ECU,assistant_professor,84872.0
ECU,lecturer,65951.0
ECU,assistant_professor,139050.0
ECU,lecturer,65000.0
ECU,lecturer,61800.0
ECU,assistant_professor,64500.0
ECU,associate_professor,87175.0
ECU,associate_professor,93024.0
ECU,professor,119259.0
ECU,lecturer,72159.0
ECU,associate_professor,58386.0
ECU,associate_professor,71175.0
ECU,professor,100960.0
ECU,assistant_professor,66950.0
ECU,associate_professor,98068.0
ECU,associate_professor,73884.0
ECU,assistant_professor,84460.0
ECU,associate_professor,79223.0
ECU,associate_professor,77614.0
ECU,associate_professor,77803.0
ECU,assistant_professor,90640.0
ECU,assistant_professor,88267.0
ECU,lecturer,49524.0
ECU,associate_professor,246560.0
ECU,professor,88691.0
ECU,professor,81931.0
ECU,professor,101756.0
ECU,associate_professor,495870.0
ECU,professor,94220.0
ECU,lecturer,59411.0
ECU,assistant_professor,97850.0
ECU,professor,104760.0
ECU,assistant_professor,84872.0
ECU,lecturer,48392.0
ECU,professor,142581.0
ECU,associate_professor,73659.0
ECU,professor,94302.0
ECU,assistant_professor,55341.0
ECU,associate_professor,167330.0
ECU,lecturer,57680.0
ECU,assistant_professor,82500.0
ECU,assistant_professor,81596.0
ECU,professor,274158.0
ECU,associate_professor,99342.0
ECU,lecturer,60684.0
ECU,assistant_professor,264965.0
ECU,lecturer,63654.0
ECU,assistant_professor,82992.0
ECU,professor,451613.0
ECU,lecturer,77250.0
ECU,lecturer,60254.0
ECU,associate_professor,92730.0
ECU,professor,103946.0
ECU,associate_professor,99821.0
ECU,assistant_professor,169950.0
ECU,associate_professor,65500.0
ECU,professor,332238.0
ECU,lecturer,83598.0
ECU,lecturer,70818.0
ECU,associate_professor,128137.0
ECU,assistant_professor,62830.0
ECU,associate_professor,83620.0
ECU,assistant_professor,84460.0
ECU,associate_professor,116745.0
ECU,assistant_professor,65405.0
ECU,assistant_professor,77234.0
ECU,professor,127481.0
ECU,professor,138562.0
ECU,assistant_professor,70040.0
ECU,assistant_professor,77234.0
ECU,lecturer,61618.0
ECU,assistant_professor,90177.0
ECU,assistant_professor,66837.0
ECU,associate_professor,225073.0
ECU,professor,91101.0
ECU,lecturer,64380.0
ECU,professor,127587.0
ECU,assistant_professor,382997.0
ECU,assistant_professor,69596.0
ECU,assistant_professor,93500.0
ECU,associate_professor,76269.0
ECU,assistant_professor,55341.0
ECU,associate_professor,87759.0
ECU,assistant_professor,83812.0
ECU,associate_professor,83977.0
ECU,professor,120814.0
ECU,professor,150387.0
ECU,lecturer,89090.0
ECU,associate_professor,86893.0
ECU,professor,86902.0
ECU,lecturer,60684.0
ECU,associate_professor,84839.0
ECU,professor,179023.0
ECU,lecturer,64520.0
ECU,associate_professor,76204.0
ECU,assistant_professor,77531.0
ECU,associate_professor,91820.0
ECU,assistant_professor,81389.0
ECU,professor,83731.0
ECU,lecturer,47737.0
ECU,assistant_professor,59740.0
ECU,assistant_professor,64890.0
ECU,professor,88280.0
ECU,professor,95368.0
ECU,professor,103120.0
ECU,professor,85708.0
ECU,assistant_professor,249091.0
ECU,professor,108655.0
ECU,associate_professor,77881.0
ECU,assistant_professor,83855.0
ECU,professor,104026.0
ECU,professor,62591.0
ECU,associate_professor,94207.0
ECU,assistant_professor,74700.0
ECU,professor,157096.0
ECU,associate_professor,140188.0
ECU,associate_professor,40813.0
ECU,assistant_professor,72515.0
ECU,professor,91104.0
ECU,lecturer,60684.0
ECU,assistant_professor,479835.0
ECU,assistant_professor,133900.0
ECU,associate_professor,140790.0
ECU,assistant_professor,74263.0
ECU,administrator,437750.0
ECU,lecturer,80000.0
ECU,associate_professor,90395.0
ECU,professor,90282.0
ECU,associate_professor,110836.0
ECU,professor,136879.0
ECU,associate_professor,76708.0
ECU,associate_professor,89296.0
ECU,assistant_professor,75942.0
ECU,associate_professor,144264.0
ECU,associate_professor,70794.0
ECU,professor,132613.0
ECU,associate_professor,226424.0
ECU,associate_professor,60684.0
ECU,professor,87989.0
ECU,administrator,132404.0
ECU,associate_professor,111458.0
ECU,professor,154171.0
ECU,professor,450354.0
ECU,professor,92010.0
ECU,assistant_professor,140080.0
ECU,professor,130377.0
ECU,professor,128750.0
ECU,lecturer,58129.0
ECU,professor,106986.0
ECU,associate_professor,112883.0
ECU,professor,100578.0
ECU,associate_professor,291430.0
ECU,associate_professor,99821.0
ECU,professor,29037.0
ECU,associate_professor,88453.0
ECU,lecturer,82400.0
ECU,associate_professor,92806.0
ECU,associate_professor,97666.0
ECU,associate_professor,61535.0
ECU,associate_professor,87235.0
ECU,professor,181975.0
ECU,lecturer,63596.0
ECU,assistant_professor,86061.0
ECU,professor,103953.0
ECU,professor,177163.0
ECU,professor,140138.0
ECU,assistant_professor,61800.0
ECU,professor,106152.0
ECU,professor,96398.0
ECU,professor,135376.0
ECU,lecturer,73913.0
ECU,professor,149348.0
ECU,assistant_professor,67898.0
ECU,professor,142628.0
ECU,assistant_professor,122004.0
ECU,assistant_professor,69892.0
ECU,associate_professor,74791.0
ECU,lecturer,82620.0
ECU,professor,89978.0
ECU,professor,297344.0
ECU,professor,86569.0
ECU,lecturer,69012.0
ECU,assistant_professor,308231.0
ECU,associate_professor,69575.0
ECU,professor,121281.0
ECU,associate_professor,74071.0
ECU,associate_professor,68377.0
ECU,professor,106189.0
ECU,assistant_professor,73733.0
ECU,professor,86969.0
ECU,professor,120273.0
ECU,professor,228804.0
ECU,assistant_professor,64657.0
ECU,assistant_professor,79441.0
ECU,assistant_professor,88000.0
ECU,associate_professor,86916.0
ECU,associate_professor,90458.0
ECU,assistant_professor,81690.0
ECU,lecturer,50254.0
ECU,associate_professor,91715.0
ECU,assistant_professor,88580.0
ECU,professor,97475.0
ECU,lecturer,61800.0
ECU,professor,92884.0
ECU,associate_professor,94712.0
ECU,associate_professor,78804.0
ECU,professor,57401.0
ECU,associate_professor,74191.0
ECU,associate_professor,104504.0
ECU,assistant_professor,80000.0
ECU,assistant_professor,63860.0
ECU,professor,84664.0
ECU,associate_professor,95586.0
ECU,associate_professor,84606.0
ECU,professor,231750.0
ECU,associate_professor,686842.0
ECU,associate_professor,95375.0
ECU,lecturer,66720.0
ECU,professor,103574.0
ECU,professor,114930.0
ECU,professor,97325.0
ECU,assistant_professor,100786.0
ECU,associate_professor,88405.0
ECU,assistant_professor,128750.0
ECU,assistant_professor,280880.0
ECU,assistant_professor,76857.0
ECU,administrator,194973.0
ECU,assistant_professor,286445.0
ECU,associate_professor,88117.0
ECU,lecturer,68186.0
ECU,associate_professor,69781.0
ECU,lecturer,65301.0
ECU,lecturer,47500.0
ECU,associate_professor,85243.0
ECU,lecturer,75000.0
ECU,associate_professor,74968.0
ECU,assistant_professor,62454.0
ECU,assistant_professor,60051.0
ECU,assistant_professor,82400.0
ECU,assistant_professor,312806.0
ECU,lecturer,56650.0
ECU,associate_professor,89972.0
ECU,assistant_professor,87550.0
ECU,assistant_professor,63860.0
ECU,associate_professor,110176.0
ECU,professor,332337.0
ECU,assistant_professor,91670.0
ECU,professor,137134.0
ECU,assistant_professor,74160.0
ECU,professor,205391.0
ECU,associate_professor,103528.0
ECU,associate_professor,123600.0
ECU,professor,76291.0
ECU,associate_professor,140790.0
ECU,lecturer,52409.0
ECU,assistant_professor,78280.0
ECU,lecturer,82930.0
ECU,associate_professor,64881.0
ECU,lecturer,56650.0
ECU,professor,100159.0
ECU,associate_professor,131728.0
ECU,lecturer,89116.0
ECU,assistant_professor,85490.0
ECU,assistant_professor,440551.0
ECU,associate_professor,74071.0
ECU,associate_professor,78664.0
ECU,associate_professor,272460.0
ECU,assistant_professor,80340.0
ECU,assistant_professor,80000.0
ECU,assistant_professor,55341.0
ECU,professor,91581.0
ECU,professor,130377.0
ECU,associate_professor,126578.0
ECU,associate_professor,94251.0
ECU,assistant_professor,55341.0
ECU,associate_professor,89196.0
ECU,associate_professor,79758.0
ECU,associate_professor,66525.0
ECU,assistant_professor,76284.0
ECU,associate_professor,101543.0
ECU,professor,97879.0
ECU,associate_professor,75054.0
ECU,assistant_professor,223072.0
ECU,assistant_professor,63860.0
ECU,associate_professor,140976.0
ECU,associate_professor,95533.0
ECU,professor,149348.0
ECU,assistant_professor,76220.0
ECU,lecturer,52530.0
ECU,assistant_professor,56650.0
ECU,professor,97324.0
ECU,professor,86037.0
ECU,associate_professor,142180.0
ECU,assistant_professor,91009.0
ECU,assistant_professor,87550.0
ECU,administrator,287153.0
ECU,professor,86774.0
ECU,lecturer,54826.0
ECU,associate_professor,141517.0
ECU,associate_professor,140899.0
ECU,associate_professor,73776.0
ECU,assistant_professor,99725.0
ECU,associate_professor,70148.0
ECU,associate_professor,92799.0
ECU,associate_professor,54372.0
ECU,associate_professor,133000.0
ECU,assistant_professor,122004.0
ECU,professor,91021.0
ECU,associate_professor,100129.0
ECU,assistant_professor,82000.0
ECU,associate_professor,110453.0
ECU,lecturer,59266.0
ECU,assistant_professor,250454.0
ECU,professor,186739.0
ECU,lecturer,92073.0
ECU,administrator,129091.0
ECU,associate_professor,90751.0
ECU,associate_professor,90951.0
ECU,lecturer,53622.0
ECU,assistant_professor,93720.0
ECU,professor,430473.0
ECU,associate_professor,95346.0
ECU,administrator,599526.0
ECU,associate_professor,102777.0
ECU,associate_professor,85020.0
ECU,professor,108559.0
ECU,associate_professor,65522.0
ECU,lecturer,61135.0
ECU,professor,99395.0
ECU,associate_professor,78115.0
ECU,associate_professor,127448.0
ECU,associate_professor,63069.0
ECU,associate_professor,107970.0
ECU,professor,123018.0
ECU,professor,118761.0
ECU,professor,106594.0
ECU,professor,121584.0
ECU,associate_professor,140790.0
ECU,assistant_professor,64890.0
ECU,associate_professor,85711.0
ECU,associate_professor,121166.0
ECU,associate_professor,64773.0
ECU,associate_professor,86750.0
ECU,assistant_professor,79875.0
ECU,assistant_professor,91155.0
ECU,professor,116535.0
ECU,associate_professor,93116.0
ECU,associate_professor,107836.0
ECU,administrator,190937.0
ECU,professor,87185.0
ECU,professor,179476.0
ECU,assistant_professor,122004.0
ECU,lecturer,66534.0
ECU,professor,143610.0
ECU,lecturer,66511.0
ECU,assistant_professor,78280.0
ECU,associate_professor,89085.0
ECU,associate_professor,98173.0
ECU,associate_professor,65453.0
ECU,professor,632893.0
ECU,associate_professor,227067.0
ECU,lecturer,76916.0
ECU,assistant_professor,85904.0
ECU,lecturer,71334.0
ECU,associate_professor,94258.0
ECU,professor,383732.0
ECU,lecturer,71899.0
ECU,associate_professor,126447.0
ECU,associate_professor,95767.0
ECU,associate_professor,76175.0
ECU,professor,89865.0
ECU,lecturer,54794.0
ECU,associate_professor,79324.0
ECU,lecturer,50334.0
ECU,lecturer,72340.0
ECU,assistant_professor,88290.0
ECU,lecturer,67314.0
ECU,assistant_professor,78507.0
ECU,assistant_professor,84282.0
ECU,lecturer,64530.0
ECU,assistant_professor,484405.0
ECU,lecturer,64520.0
ECU,professor,92700.0
ECU,lecturer,55105.0
ECU,administrator,229421.0
ECU,administrator,189411.0
ECU,lecturer,63578.0
ECU,associate_professor,102764.0
ECU,professor,88086.0
ECU,associate_professor,80779.0
ECU,assistant_professor,83108.0
ECU,professor,102759.0
ECU,associate_professor,74557.0
ECU,professor,126339.0
ECU,associate_professor,85776.0
ECU,professor,166690.0
ECU,associate_professor,85192.0
ECU,associate_professor,86223.0
ECU,associate_professor,70573.0
ECU,assistant_professor,64890.0
ECU,assistant_professor,76941.0
ECU,assistant_professor,76941.0
ECU,associate_professor,112000.0
ECU,professor,131240.0
ECU,professor,75930.0
ECU,assistant_professor,76941.0
ECU,assistant_professor,62830.0
ECU,professor,105783.0
ECU,professor,121914.0
ECU,assistant_professor,93233.0
ECU,associate_professor,82750.0
ECU,professor,99844.0
ECU,professor,115590.0
ECU,assistant_professor,229568.0
ECU,professor,91933.0
ECU,associate_professor,93680.0
ECU,associate_professor,127259.0
ECU,professor,289468.0
FSU,associate_professor,120720.0
FSU,assistant_professor,74263.0
FSU,professor,107833.0
FSU,assistant_professor,75368.0
FSU,professor,185266.0
FSU,professor,143972.0
FSU,assistant_professor,71717.0
FSU,associate_professor,154487.0
FSU,associate_professor,108150.0
FSU,professor,96261.0
FSU,professor,98267.0
FSU,administrator,318270.0
FSU,professor,88816.0
FSU,assistant_professor,121200.0
FSU,assistant_professor,114195.0
FSU,assistant_professor,76217.0
FSU,lecturer,56184.0
FSU,lecturer,56243.0
FSU,assistant_professor,74160.0
FSU,professor,159650.0
FSU,professor,123047.0
FSU,assistant_professor,72100.0
FSU,assistant_professor,65500.0
FSU,lecturer,80764.0
FSU,assistant_professor,72100.0
FSU,professor,92838.0
FSU,assistant_professor,70000.0
FSU,professor,103000.0
FSU,assistant_professor,78997.0
FSU,professor,161060.0
FSU,professor,92838.0
FSU,associate_professor,105060.0
FSU,assistant_professor,82153.0
FSU,associate_professor,77414.0
FSU,professor,113862.0
FSU,associate_professor,83906.0
FSU,assistant_professor,64377.0
FSU,assistant_professor,83383.0
FSU,lecturer,62130.0
FSU,professor,93023.0
FSU,associate_professor,128512.0
FSU,lecturer,85315.0
FSU,lecturer,86448.0
FSU,associate_professor,74929.0
FSU,professor,119982.0
FSU,associate_professor,155388.0
FSU,assistant_professor,68959.0
FSU,professor,91879.0
FSU,lecturer,79007.0
FSU,professor,116291.0
FSU,professor,91450.0
FSU,associate_professor,113392.0
FSU,professor,86191.0
FSU,administrator,180000.0
FSU,assistant_professor,69350.0
FSU,associate_professor,85875.0
FSU,lecturer,67889.0
FSU,associate_professor,81016.0
FSU,associate_professor,92700.0
FSU,assistant_professor,70000.0
FSU,professor,92838.0
FSU,professor,122293.0
FSU,lecturer,71491.0
FSU,associate_professor,85300.0
FSU,professor,119707.0
FSU,associate_professor,77429.0
FSU,lecturer,68186.0
FSU,associate_professor,126000.0
FSU,associate_professor,114497.0
FSU,assistant_professor,71187.0
FSU,lecturer,89233.0
FSU,professor,89821.0
FSU,professor,87892.0
FSU,professor,105599.0
FSU,professor,149350.0
FSU,professor,91432.0
FSU,lecturer,65354.0
FSU,lecturer,96408.0
FSU,assistant_professor,79440.0
FSU,associate_professor,84058.0
FSU,assistant_professor,77463.0
FSU,assistant_professor,75000.0
FSU,associate_professor,123608.0
FSU,associate_professor,78582.0
FSU,professor,89821.0
FSU,associate_professor,82198.0
FSU,professor,93023.0
FSU,assistant_professor,107635.0
FSU,assistant_professor,89233.0
FSU,associate_professor,93784.0
FSU,professor,88162.0
FSU,lecturer,62830.0
FSU,professor,91879.0
FSU,assistant_professor,74263.0
FSU,associate_professor,86291.0
FSU,associate_professor,94411.0
FSU,associate_professor,71764.0
FSU,lecturer,56184.0
FSU,associate_professor,103600.0
FSU,administrator,130745.0
FSU,associate_professor,87834.0
FSU,lecturer,66000.0
FSU,lecturer,77234.0
FSU,associate_professor,138683.0
FSU,assistant_professor,79936.0
FSU,lecturer,57849.0
FSU,associate_professor,82661.0
FSU,assistant_professor,72675.0
FSU,assistant_professor,59699.0
FSU,assistant_professor,69037.0
FSU,assistant_professor,125000.0
FSU,assistant_professor,70000.0
FSU,assistant_professor,94760.0
FSU,professor,154500.0
FSU,professor,116291.0
FSU,professor,92838.0
FSU,administrator,169914.0
FSU,assistant_professor,72100.0
FSU,professor,91917.0
FSU,assistant_professor,82199.0
FSU,assistant_professor,71187.0
FSU,assistant_professor,63311.0
FSU,professor,121927.0
FSU,professor,117753.0
FSU,lecturer,82731.0
FSU,associate_professor,77168.0
FSU,assistant_professor,94760.0
FSU,professor,92126.0
FSU,professor,105475.0
FSU,associate_professor,76295.0
FSU,associate_professor,108127.0
FSU,associate_professor,93854.0
FSU,associate_professor,106941.0
FSU,professor,92838.0
FSU,assistant_professor,66950.0
FSU,administrator,272000.0
FSU,assistant_professor,68518.0
FSU,associate_professor,133007.0
FSU,professor,93023.0
FSU,lecturer,62130.0
FSU,associate_professor,81385.0
FSU,professor,131379.0
FSU,professor,150006.0
FSU,assistant_professor,74000.0
FSU,assistant_professor,63450.0
FSU,professor,108212.0
FSU,professor,130304.0
FSU,associate_professor,85300.0
FSU,lecturer,62164.0
FSU,associate_professor,131330.0
FSU,assistant_professor,74160.0
FSU,lecturer,87788.0
FSU,professor,94500.0
FSU,lecturer,66719.0
FSU,lecturer,71003.0
FSU,assistant_professor,88267.0
FSU,lecturer,65205.0
FSU,assistant_professor,127091.0
FSU,associate_professor,75701.0
FSU,lecturer,62644.0
FSU,professor,166600.0
FSU,lecturer,70040.0
FSU,assistant_professor,76533.0
FSU,associate_professor,73530.0
FSU,associate_professor,84587.0
FSU,assistant_professor,70000.0
FSU,assistant_professor,76217.0
FSU,professor,121174.0
FSU,associate_professor,77371.0
FSU,assistant_professor,74160.0
FSU,professor,114013.0
FSU,administrator,146362.0
FSU,professor,91879.0
FSU,professor,92838.0
FSU,associate_professor,117420.0
FSU,professor,93283.0
FSU,professor,116291.0
FSU,assistant_professor,125660.0
FSU,professor,88162.0
FSU,professor,94492.0
FSU,assistant_professor,65000.0
FSU,professor,134319.0
FSU,lecturer,89233.0
FSU,assistant_professor,72100.0
FSU,associate_professor,74155.0
FSU,assistant_professor,137365.0
FSU,assistant_professor,82750.0
FSU,professor,88707.0
FSU,associate_professor,125478.0
FSU,associate_professor,82998.0
FSU,lecturer,82400.0
FSU,assistant_professor,70000.0
FSU,professor,93974.0
FSU,lecturer,57814.0
FSU,assistant_professor,89233.0
FSU,associate_professor,76476.0
FSU,lecturer,73867.0
FSU,professor,116291.0
FSU,professor,92838.0
FSU,professor,91283.0
FSU,assistant_professor,114195.0
FSU,associate_professor,82226.0
FSU,assistant_professor,108150.0
FSU,assistant_professor,76082.0
FSU,professor,89203.0
FSU,lecturer,81934.0
FSU,assistant_professor,71187.0
FSU,assistant_professor,76511.0
FSU,associate_professor,77852.0
FSU,assistant_professor,65354.0
FSU,associate_professor,85247.0
FSU,professor,161020.0
FSU,assistant_professor,60683.0
FSU,assistant_professor,67465.0
FSU,lecturer,66719.0
FSU,assistant_professor,64377.0
FSU,professor,88162.0
FSU,associate_professor,74207.0
FSU,professor,92838.0
FSU,professor,190561.0
FSU,administrator,207835.0
FSU,assistant_professor,131758.0
FSU,assistant_professor,82421.0
FSU,associate_professor,81500.0
FSU,associate_professor,77564.0
FSU,associate_professor,136814.0
FSU,professor,94175.0
FSU,professor,88162.0
FSU,professor,83965.0
FSU,assistant_professor,74263.0
FSU,professor,88536.0
FSU,associate_professor,78173.0
FSU,administrator,81370.0
FSU,associate_professor,77263.0
FSU,professor,143644.0
FSU,professor,92838.0
FSU,assistant_professor,96408.0
FSU,assistant_professor,81536.0
FSU,lecturer,64377.0
FSU,administrator,203616.0
FSU,assistant_professor,63450.0
FSU,lecturer,68029.0
FSU,professor,121090.0
FSU,assistant_professor,78424.0
FSU,associate_professor,81442.0
FSU,professor,116291.0
FSU,associate_professor,133438.0
FSU,associate_professor,103238.0
FSU,assistant_professor,115916.0
FSU,assistant_professor,79310.0
FSU,associate_professor,75223.0
FSU,professor,95548.0
FSU,professor,88880.0
FSU,associate_professor,88754.0
FSU,associate_professor,145301.0
FSU,professor,91283.0
NCAT,assistant_professor,106201.0
NCAT,assistant_professor,72000.0
NCAT,assistant_professor,109180.0
NCAT,professor,122599.0
NCAT,lecturer,90647.0
NCAT,associate_professor,83424.0
NCAT,professor,114188.0
NCAT,assistant_professor,76220.0
NCAT,assistant_professor,74263.0
NCAT,lecturer,128750.0
NCAT,assistant_professor,84872.0
NCAT,assistant_professor,74160.0
NCAT,administrator,262236.0
NCAT,assistant_professor,86005.0
NCAT,associate_professor,81333.0
NCAT,assistant_professor,89729.0
NCAT,assistant_professor,100492.0
NCAT,associate_professor,118000.0
NCAT,associate_professor,84159.0
NCAT,lecturer,68484.0
NCAT,assistant_professor,108122.0
NCAT,assistant_professor,146260.0
NCAT,administrator,166015.0
NCAT,administrator,137528.0
NCAT,associate_professor,106062.0
NCAT,lecturer,77250.0
NCAT,professor,91322.0
NCAT,associate_professor,121540.0
NCAT,professor,168479.0
NCAT,assistant_professor,108150.0
NCAT,assistant_professor,87000.0
NCAT,associate_professor,87747.0
NCAT,assistant_professor,69525.0
NCAT,assistant_professor,76220.0
NCAT,assistant_professor,95481.0
NCAT,professor,159450.0
NCAT,associate_professor,125454.0
NCAT,professor,196950.0
NCAT,assistant_professor,84460.0
NCAT,associate_professor,87550.0
NCAT,associate_professor,106984.0
NCAT,lecturer,65920.0
NCAT,professor,96909.0
NCAT,assistant_professor,82400.0
NCAT,assistant_professor,76220.0
NCAT,assistant_professor,70000.0
NCAT,associate_professor,98859.0
NCAT,professor,112211.0
NCAT,lecturer,69060.0
NCAT,assistant_professor,77446.0
NCAT,lecturer,77250.0
NCAT,assistant_professor,84000.0
NCAT,assistant_professor,72100.0
NCAT,professor,150690.0
NCAT,associate_professor,100145.0
NCAT,associate_professor,162328.0
NCAT,lecturer,70231.0
NCAT,professor,211119.0
NCAT,professor,125553.0
NCAT,professor,139092.0
NCAT,lecturer,77250.0
NCAT,associate_professor,80764.0
NCAT,associate_professor,103323.0
NCAT,assistant_professor,74160.0
NCAT,lecturer,65920.0
NCAT,lecturer,74263.0
NCAT,professor,165289.0
NCAT,assistant_professor,84460.0
NCAT,lecturer,75578.0
NCAT,lecturer,68518.0
NCAT,associate_professor,75000.0
NCAT,assistant_professor,75190.0
NCAT,professor,121188.0
NCAT,assistant_professor,79202.0
NCAT,lecturer,62271.0
NCAT,assistant_professor,106090.0
NCAT,associate_professor,108921.0
NCAT,assistant_professor,83106.0
NCAT,professor,151410.0
NCAT,associate_professor,93422.0
NCAT,assistant_professor,86994.0
NCAT,lecturer,68959.0
NCAT,lecturer,77250.0
NCAT,administrator,130000.0
NCAT,associate_professor,90640.0
NCAT,administrator,267800.0
NCAT,associate_professor,90447.0
NCAT,associate_professor,89872.0
NCAT,lecturer,62890.0
NCAT,associate_professor,81676.0
NCAT,professor,99207.0
NCAT,professor,162740.0
NCAT,assistant_professor,89610.0
NCAT,assistant_professor,90177.0
NCAT,associate_professor,145799.0
NCAT,associate_professor,191331.0
NCAT,associate_professor,88739.0
NCAT,professor,122213.0
NCAT,lecturer,98323.0
NCAT,associate_professor,162328.0
NCAT,associate_professor,140080.0
NCAT,assistant_professor,128750.0
NCAT,associate_professor,124500.0
NCAT,administrator,214468.0
NCAT,associate_professor,83036.0
NCAT,professor,48949.0
NCAT,professor,135330.0
NCAT,associate_professor,108053.0
NCAT,assistant_professor,81349.0
NCAT,lecturer,65920.0
NCAT,lecturer,65509.0
NCAT,associate_professor,113300.0
NCAT,assistant_professor,149350.0
NCAT,associate_professor,119087.0
NCAT,professor,128750.0
NCAT,lecturer,71804.0
NCAT,assistant_professor,83886.0
NCAT,associate_professor,86321.0
NCAT,associate_professor,142140.0
NCAT,professor,109597.0
NCAT,professor,129010.0
NCAT,associate_professor,128750.0
NCAT,professor,85004.0
NCAT,professor,127308.0
NCAT,assistant_professor,74000.0
NCAT,associate_professor,139050.0
NCAT,administrator,339900.0
NCAT,administrator,214331.0
NCAT,assistant_professor,72100.0
NCAT,professor,176055.0
NCAT,associate_professor,164388.0
NCAT,assistant_professor,128750.0
NCAT,assistant_professor,68152.0
NCAT,associate_professor,180000.0
NCAT,associate_professor,97979.0
NCAT,associate_professor,110683.0
NCAT,lecturer,57289.0
NCAT,associate_professor,87407.0
NCAT,associate_professor,91911.0
NCAT,administrator,247200.0
NCAT,lecturer,90832.0
NCAT,lecturer,66134.0
NCAT,associate_professor,86994.0
NCAT,professor,124777.0
NCAT,associate_professor,112620.0
NCAT,associate_professor,134930.0
NCAT,assistant_professor,76220.0
NCAT,administrator,131840.0
NCAT,associate_professor,106090.0
NCAT,associate_professor,91613.0
NCAT,professor,97532.0
NCAT,associate_professor,108053.0
NCAT,assistant_professor,74675.0
NCAT,lecturer,74263.0
NCAT,professor,113979.0
NCAT,professor,148320.0
NCAT,professor,100034.0
NCAT,assistant_professor,77054.0
NCAT,associate_professor,88786.0
NCAT,associate_professor,79754.0
NCAT,associate_professor,79780.0
NCAT,professor,121514.0
NCAT,administrator,126896.0
NCAT,assistant_professor,77250.0
NCAT,lecturer,65920.0
NCAT,professor,94484.0
NCAT,professor,100786.0
NCAT,assistant_professor,108150.0
NCAT,assistant_professor,79763.0
NCAT,administrator,103000.0
NCAT,professor,183536.0
NCAT,assistant_professor,97000.0
NCAT,professor,178486.0
NCAT,professor,159760.0
NCAT,administrator,110000.0
NCAT,associate_professor,123600.0
NCAT,lecturer,108212.0
NCAT,professor,95695.0
NCAT,assistant_professor,83201.0
NCAT,associate_professor,94513.0
NCAT,assistant_professor,79568.0
NCAT,associate_professor,83173.0
NCAT,assistant_professor,99300.0
NCAT,assistant_professor,81370.0
NCAT,professor,123535.0
NCAT,professor,127720.0
NCAT,associate_professor,109095.0
NCAT,assistant_professor,69525.0
NCAT,associate_professor,87845.0
NCAT,associate_professor,87407.0
NCAT,administrator,260539.0
NCAT,administrator,131440.0
NCAT,lecturer,64890.0
NCAT,administrator,238703.0
NCAT,administrator,290000.0
NCAT,professor,138862.0
NCAT,assistant_professor,87550.0
NCAT,administrator,122004.0
NCAT,lecturer,59740.0
NCAT,associate_professor,94614.0
NCAT,associate_professor,99291.0
NCAT,professor,112068.0
NCAT,professor,148654.0
NCAT,lecturer,85000.0
NCAT,assistant_professor,74160.0
NCAT,assistant_professor,128750.0
NCAT,lecturer,61975.0
NCAT,professor,125365.0
NCAT,professor,101667.0
NCAT,assistant_professor,96542.0
NCAT,professor,148526.0
NCAT,associate_professor,128750.0
NCAT,lecturer,72100.0
NCAT,assistant_professor,101000.0
NCAT,professor,100897.0
NCAT,assistant_professor,79735.0
NCAT,assistant_professor,100357.0
NCAT,associate_professor,113604.0
NCAT,lecturer,93000.0
NCAT,associate_professor,91158.0
NCAT,associate_professor,157590.0
NCAT,associate_professor,84121.0
NCAT,assistant_professor,97850.0
NCAT,assistant_professor,79204.0
NCAT,lecturer,74675.0
NCAT,lecturer,75368.0
NCAT,assistant_professor,83430.0
NCAT,assistant_professor,75190.0
NCAT,professor,208961.0
NCAT,lecturer,67723.0
NCAT,professor,90540.0
NCAT,associate_professor,89116.0
NCAT,lecturer,56650.0
NCAT,associate_professor,98510.0
NCAT,lecturer,67038.0
NCAT,lecturer,59740.0
NCAT,associate_professor,197968.0
NCAT,assistant_professor,97850.0
NCAT,lecturer,68959.0
NCAT,professor,95519.0
NCAT,assistant_professor,76220.0
NCAT,professor,134925.0
NCAT,associate_professor,110345.0
NCAT,associate_professor,71308.0
NCAT,associate_professor,87550.0
NCAT,professor,152729.0
NCAT,professor,138634.0
NCAT,associate_professor,89344.0
NCAT,assistant_professor,47741.0
NCAT,lecturer,87550.0
NCAT,assistant_professor,97850.0
NCAT,professor,158734.0
NCAT,associate_professor,89733.0
NCAT,assistant_professor,78280.0
NCAT,associate_professor,94373.0
NCAT,assistant_professor,69525.0
NCAT,associate_professor,92185.0
NCAT,professor,157666.0
NCAT,professor,151654.0
NCAT,professor,210058.0
NCAT,professor,120784.0
NCAT,assistant_professor,125000.0
NCAT,associate_professor,145230.0
NCAT,assistant_professor,73000.0
NCAT,assistant_professor,73130.0
NCAT,associate_professor,144200.0
NCAT,assistant_professor,83430.0
NCAT,professor,160838.0
NCAT,assistant_professor,78000.0
NCAT,professor,109026.0
NCAT,administrator,193120.0
NCAT,professor,157154.0
NCAT,assistant_professor,82400.0
NCAT,assistant_professor,78280.0
NCAT,associate_professor,96635.0
NCAT,professor,169722.0
NCAT,professor,142848.0
NCAT,professor,145230.0
NCAT,assistant_professor,84863.0
NCAT,associate_professor,85645.0
NCAT,assistant_professor,75000.0
NCAT,assistant_professor,95481.0
NCAT,assistant_professor,95000.0
NCAT,associate_professor,87407.0
NCAT,associate_professor,114437.0
NCAT,associate_professor,110943.0
NCAT,assistant_professor,77250.0
NCAT,associate_professor,110446.0
NCAT,associate_professor,88549.0
NCAT,assistant_professor,76220.0
NCAT,assistant_professor,100940.0
NCAT,professor,211119.0
NCAT,professor,147295.0
NCAT,assistant_professor,80340.0
NCAT,associate_professor,154500.0
NCAT,associate_professor,101223.0
NCAT,professor,129727.0
NCAT,professor,95446.0
NCAT,professor,159561.0
NCAT,assistant_professor,146260.0
NCAT,assistant_professor,96512.0
NCAT,professor,109597.0
NCAT,professor,149453.0
NCAT,associate_professor,94722.0
NCAT,lecturer,68959.0
NCAT,associate_professor,124500.0
NCAT,professor,148320.0
NCAT,administrator,184066.0
NCAT,associate_professor,81397.0
NCAT,lecturer,59740.0
NCAT,professor,169744.0
NCAT,associate_professor,143434.0
NCAT,associate_professor,121390.0
NCAT,assistant_professor,77250.0
NCAT,associate_professor,108053.0
NCAT,professor,192418.0
NCAT,associate_professor,129514.0
NCAT,professor,129535.0
NCAT,lecturer,59610.0
NCAT,professor,101662.0
NCAT,professor,207410.0
NCAT,associate_professor,123600.0
NCAT,assistant_professor,74263.0
NCAT,administrator,131840.0
NCAT,professor,210058.0
NCAT,professor,115401.0
NCAT,professor,111788.0
NCAT,assistant_professor,92000.0
NCAT,administrator,334184.0
NCAT,professor,170253.0
NCAT,lecturer,66837.0
NCAT,associate_professor,88916.0
NCAT,associate_professor,146389.0
NCAT,associate_professor,82899.0
NCAT,associate_professor,154500.0
NCAT,assistant_professor,94760.0
NCAT,assistant_professor,93874.0
NCAT,administrator,437750.0
NCAT,administrator,190962.0
NCAT,administrator,133900.0
NCAT,assistant_professor,96223.0
NCAT,assistant_professor,84872.0
NCAT,assistant_professor,78507.0
NCAT,professor,148320.0
NCAT,associate_professor,156560.0
NCAT,administrator,150633.0
NCAT,assistant_professor,72100.0
NCAT,administrator,167707.0
NCAT,lecturer,54294.0
NCAT,lecturer,83430.0
NCAT,associate_professor,109166.0
NCAT,associate_professor,149350.0
NCAT,associate_professor,114949.0
NCAT,lecturer,75705.0
NCAT,assistant_professor,69525.0
NCAT,professor,122599.0
NCAT,associate_professor,142140.0
NCAT,associate_professor,108053.0
NCAT,professor,119054.0
NCAT,professor,89466.0
NCAT,associate_professor,81366.0
NCAT,assistant_professor,149350.0
NCAT,lecturer,65920.0
NCAT,lecturer,71000.0
NCAT,professor,157592.0
NCAT,assistant_professor,114330.0
NCAT,professor,126499.0
NCAT,associate_professor,90128.0
NCAT,associate_professor,94420.0
NCAT,associate_professor,92498.0
NCAT,assistant_professor,103968.0
NCAT,professor,147290.0
NCAT,assistant_professor,87550.0
NCAT,assistant_professor,82400.0
NCAT,associate_professor,98870.0
NCAT,assistant_professor,79568.0
NCAT,professor,115246.0
NCAT,associate_professor,159650.0
NCAT,administrator,156928.0
NCAT,associate_professor,143434.0
NCAT,assistant_professor,106090.0
NCAT,associate_professor,124630.0
NCAT,assistant_professor,93282.0
NCAT,assistant_professor,113300.0
NCAT,lecturer,72398.0
NCAT,professor,121907.0
NCAT,assistant_professor,110210.0
NCAT,associate_professor,159650.0
NCAT,assistant_professor,105345.0
NCAT,assistant_professor,87747.0
NCAT,assistant_professor,77446.0
NCAT,associate_professor,75000.0
NCAT,lecturer,68959.0
NCAT,assistant_professor,106090.0
NCAT,associate_professor,107238.0
NCAT,assistant_professor,108053.0
NCAT,associate_professor,107238.0
NCAT,associate_professor,160371.0
NCAT,assistant_professor,75324.0
NCAT,administrator,243840.0
NCAT,assistant_professor,75190.0
NCAT,assistant_professor,99910.0
NCAT,associate_professor,135810.0
NCAT,assistant_professor,111240.0
NCAT,associate_professor,107515.0
NCAT,associate_professor,146389.0
NCAT,associate_professor,99436.0
NCAT,administrator,163880.0
NCAT,associate_professor,114437.0
NCAT,assistant_professor,77446.0
NCAT,assistant_professor,87550.0
NCAT,lecturer,56321.0
NCAT,professor,168920.0
NCAT,professor,126862.0
NCAT,assistant_professor,75498.0
NCAT,assistant_professor,110000.0
NCAT,professor,97284.0
NCAT,lecturer,74160.0
NCAT,assistant_professor,74160.0
NCAT,administrator,241934.0
NCAT,associate_professor,94466.0
NCAT,associate_professor,84745.0
NCAT,associate_professor,114287.0
NCAT,associate_professor,103577.0
NCAT,associate_professor,85673.0
NCAT,associate_professor,73395.0
NCAT,associate_professor,115763.0
NCAT,professor,118360.0
NCAT,assistant_professor,78280.0
NCAT,professor,139050.0
NCAT,associate_professor,79606.0
NCAT,associate_professor,93422.0
NCAT,associate_professor,114932.0
NCAT,administrator,185156.0
NCAT,lecturer,76220.0
NCAT,assistant_professor,95000.0
NCAT,assistant_professor,72100.0
NCAT,associate_professor,94810.0
NCAT,administrator,122662.0
NCAT,assistant_professor,76220.0
NCAT,associate_professor,81647.0
NCAT,professor,77100.0
NCAT,associate_professor,97850.0
NCAT,professor,117760.0
NCAT,assistant_professor,87550.0
NCAT,assistant_professor,78795.0
NCAT,associate_professor,190550.0
NCAT,associate_professor,88468.0
NCAT,professor,175242.0
NCAT,assistant_professor,69525.0
NCAT,associate_professor,82400.0
NCAT,professor,273775.0
NCAT,professor,47249.0
NCAT,associate_professor,82400.0
NCAT,assistant_professor,91237.0
NCAT,associate_professor,90640.0
NCAT,lecturer,82400.0
NCAT,associate_professor,87788.0
NCAT,assistant_professor,79568.0
NCAT,assistant_professor,75190.0
NCAT,associate_professor,113000.0
NCAT,associate_professor,90714.0
NCAT,professor,149239.0
NCAT,assistant_professor,83201.0
NCAT,assistant_professor,100940.0
NCAT,professor,185917.0
NCAT,professor,198897.0
NCAT,assistant_professor,100940.0
NCAT,lecturer,70040.0
NCAT,professor,196645.0
NCAT,assistant_professor,87550.0
NCAT,associate_professor,115177.0
NCAT,professor,164800.0
NCAT,lecturer,52376.0
NCAT,professor,89531.0
NCAT,professor,150380.0
NCAT,professor,130482.0
NCAT,professor,125895.0
NCAT,assistant_professor,70040.0
NCAT,assistant_professor,100786.0
NCAT,professor,146083.0
NCAT,professor,123162.0
NCAT,associate_professor,110345.0
NCAT,associate_professor,133900.0
NCAT,lecturer,70349.0
NCAT,assistant_professor,75263.0
NCAT,associate_professor,81401.0
NCAT,associate_professor,86684.0
NCAT,administrator,300466.0
NCAT,associate_professor,82892.0
NCAT,professor,101480.0
NCAT,assistant_professor,84460.0
NCAT,professor,144200.0
NCAT,associate_professor,168920.0
NCAT,assistant_professor,87524.0
NCAT,assistant_professor,77075.0
NCAT,associate_professor,79568.0
NCAT,professor,98954.0
NCAT,assistant_professor,78280.0
NCAT,lecturer,64536.0
NCAT,associate_professor,45000.0
NCAT,professor,159561.0
NCAT,assistant_professor,72115.0
NCAT,professor,151410.0
NCAT,lecturer,56650.0
NCAT,professor,127377.0
NCAT,associate_professor,113300.0
NCAT,assistant_professor,73130.0
NCAT,professor,109026.0
NCAT,assistant_professor,112785.0
NCAT,administrator,145563.0
NCAT,lecturer,64890.0
NCAT,professor,128750.0
NCAT,associate_professor,111784.0
NCAT,professor,163241.0
NCAT,associate_professor,90184.0
NCAT,lecturer,56769.0
NCAT,associate_professor,149350.0
NCAT,associate_professor,98499.0
NCAT,assistant_professor,87550.0
NCAT,professor,123490.0
NCAT,assistant_professor,73592.0
NCAT,associate_professor,79898.0
NCAT,lecturer,65920.0
NCAT,assistant_professor,78280.0
NCAT,associate_professor,116950.0
NCAT,professor,149350.0
NCAT,associate_professor,99291.0
NCAT,associate_professor,138020.0
NCAT,lecturer,55548.0
NCAT,assistant_professor,99000.0
NCAT,professor,143410.0
NCAT,professor,83837.0
NCAT,lecturer,81689.0
NCAT,professor,152003.0
NCAT,assistant_professor,70000.0
NCAT,associate_professor,87407.0
NCAT,assistant_professor,76608.0
NCAT,professor,109651.0
NCAT,assistant_professor,74160.0
NCAT,administrator,180000.0
NCAT,professor,204117.0
NCAT,lecturer,65920.0
NCAT,assistant_professor,70000.0
NCAT,associate_professor,88741.0
NCAT,professor,146260.0
NCAT,professor,125208.0
NCAT,assistant_professor,94760.0
NCAT,assistant_professor,77446.0
NCAT,assistant_professor,102860.0
NCAT,associate_professor,93422.0
NCAT,lecturer,80353.0
NCAT,administrator,154500.0
NCAT,assistant_professor,93359.0
NCAT,professor,140000.0
NCAT,lecturer,90473.0
NCAT,associate_professor,86040.0
NCAT,associate_professor,79568.0
NCAT,associate_professor,86321.0
NCAT,assistant_professor,123600.0
NCAT,associate_professor,88903.0
NCAT,assistant_professor,78280.0
NCAT,lecturer,65920.0
NCAT,assistant_professor,105000.0
NCAT,lecturer,51955.0
NCAT,lecturer,84759.0
NCAT,lecturer,63860.0
NCAT,assistant_professor,82000.0
NCAT,assistant_professor,75190.0
NCAT,assistant_professor,65000.0
NCAT,lecturer,58157.0
NCAT,associate_professor,87758.0
NCAT,associate_professor,148320.0
NCAT,administrator,237364.0
NCAT,assistant_professor,72100.0
NCAT,lecturer,82400.0
NCAT,professor,99702.0
NCAT,professor,157762.0
NCAT,assistant_professor,79310.0
NCAT,assistant_professor,74160.0
NCAT,associate_professor,83575.0
NCAT,assistant_professor,84460.0
NCAT,professor,96636.0
NCAT,associate_professor,141110.0
NCAT,associate_professor,100663.0
NCAT,professor,108488.0
NCAT,assistant_professor,95481.0
NCAT,associate_professor,108237.0
NCAT,associate_professor,109449.0
NCAT,associate_professor,84684.0
NCAT,assistant_professor,77000.0
NCAT,professor,222544.0
NCAT,lecturer,63860.0
NCAT,associate_professor,108004.0
NCAT,professor,138973.0
NCAT,lecturer,84295.0
NCAT,professor,130766.0
NCAT,assistant_professor,86520.0
NCAT,professor,195187.0
NCAT,professor,175100.0
NCAT,assistant_professor,95925.0
NCAT,professor,132090.0
NCAT,professor,160838.0
NCAT,professor,159561.0
NCAT,professor,84872.0
NCAT,associate_professor,97979.0
NCAT,associate_professor,119603.0
NCAT,assistant_professor,111240.0
NCAT,professor,122462.0
NCAT,professor,149350.0
NCAT,assistant_professor,108150.0
NCAT,associate_professor,82904.0
NCAT,assistant_professor,66950.0
NCAT,associate_professor,111528.0
NCCU,assistant_professor,89972.0
NCCU,associate_professor,79966.0
NCCU,lecturer,82625.0
NCCU,professor,148994.0
NCCU,lecturer,61786.0
NCCU,administrator,145388.0
NCCU,assistant_professor,77234.0
NCCU,associate_professor,77656.0
NCCU,professor,159168.0
NCCU,lecturer,76082.0
NCCU,lecturer,65667.0
NCCU,professor,53045.0
NCCU,assistant_professor,115000.0
NCCU,assistant_professor,76500.0
NCCU,associate_professor,80500.0
NCCU,professor,103057.0
NCCU,assistant_professor,77250.0
NCCU,associate_professor,107225.0
NCCU,professor,97648.0
NCCU,associate_professor,80202.0
NCCU,assistant_professor,87550.0
NCCU,associate_professor,80039.0
NCCU,lecturer,87164.0
NCCU,lecturer,60000.0
NCCU,associate_professor,92593.0
NCCU,lecturer,63654.0
NCCU,associate_professor,82424.0
NCCU,assistant_professor,79595.0
NCCU,associate_professor,117398.0
NCCU,professor,97070.0
NCCU,lecturer,41632.0
NCCU,associate_professor,122004.0
NCCU,assistant_professor,82368.0
NCCU,associate_professor,95836.0
NCCU,assistant_professor,72100.0
NCCU,assistant_professor,97094.0
NCCU,lecturer,61800.0
NCCU,lecturer,53560.0
NCCU,lecturer,56650.0
NCCU,assistant_professor,91277.0
NCCU,lecturer,66950.0
NCCU,lecturer,51500.0
NCCU,lecturer,64377.0
NCCU,lecturer,55599.0
NCCU,lecturer,54375.0
NCCU,associate_professor,105692.0
NCCU,lecturer,60838.0
NCCU,lecturer,91733.0
NCCU,administrator,108272.0
NCCU,professor,102047.0
NCCU,associate_professor,83939.0
NCCU,assistant_professor,77250.0
NCCU,professor,165373.0
NCCU,lecturer,90443.0
NCCU,associate_professor,100940.0
NCCU,professor,78631.0
NCCU,professor,121165.0
NCCU,professor,143341.0
NCCU,associate_professor,88276.0
NCCU,lecturer,61800.0
NCCU,professor,126234.0
NCCU,assistant_professor,106516.0
NCCU,lecturer,62807.0
NCCU,professor,94031.0
NCCU,assistant_professor,70062.0
NCCU,assistant_professor,93784.0
NCCU,associate_professor,103884.0
NCCU,assistant_professor,60186.0
NCCU,lecturer,46317.0
NCCU,associate_professor,79956.0
NCCU,professor,119492.0
NCCU,associate_professor,97957.0
NCCU,assistant_professor,126999.0
NCCU,assistant_professor,110334.0
NCCU,assistant_professor,93245.0
NCCU,associate_professor,89567.0
NCCU,associate_professor,93173.0
NCCU,administrator,345050.0
NCCU,assistant_professor,65920.0
NCCU,associate_professor,68887.0
NCCU,associate_professor,90220.0
NCCU,assistant_professor,80764.0
NCCU,assistant_professor,81650.0
NCCU,administrator,173000.0
NCCU,associate_professor,99778.0
NCCU,lecturer,57289.0
NCCU,assistant_professor,52631.0
NCCU,associate_professor,92295.0
NCCU,lecturer,82203.0
NCCU,lecturer,61800.0
NCCU,professor,132943.0
NCCU,associate_professor,120000.0
NCCU,administrator,163871.0
NCCU,lecturer,85000.0
NCCU,associate_professor,94810.0
NCCU,administrator,145143.0
NCCU,lecturer,70614.0
NCCU,lecturer,58786.0
NCCU,professor,83011.0
NCCU,assistant_professor,85000.0
NCCU,professor,130000.0
NCCU,administrator,200000.0
NCCU,administrator,128085.0
NCCU,assistant_professor,81128.0
NCCU,lecturer,48455.0
NCCU,assistant_professor,81934.0
NCCU,assistant_professor,79796.0
NCCU,associate_professor,79154.0
NCCU,assistant_professor,69866.0
NCCU,lecturer,53560.0
NCCU,associate_professor,103005.0
NCCU,associate_professor,103612.0
NCCU,professor,116129.0
NCCU,administrator,305000.0
NCCU,professor,99291.0
NCCU,associate_professor,85588.0
NCCU,professor,158211.0
NCCU,assistant_professor,63654.0
NCCU,professor,94758.0
NCCU,professor,88759.0
NCCU,administrator,171017.0
NCCU,assistant_professor,76500.0
NCCU,professor,90869.0
NCCU,associate_professor,123379.0
NCCU,associate_professor,103298.0
NCCU,assistant_professor,105668.0
NCCU,lecturer,58526.0
NCCU,professor,111621.0
NCCU,assistant_professor,72100.0
NCCU,assistant_professor,90411.0
NCCU,lecturer,70231.0
NCCU,administrator,137267.0
NCCU,assistant_professor,72574.0
NCCU,associate_professor,77605.0
NCCU,assistant_professor,87911.0
NCCU,lecturer,45343.0
NCCU,lecturer,44969.0
NCCU,lecturer,48137.0
NCCU,lecturer,43283.0
NCCU,associate_professor,79235.0
NCCU,professor,106152.0
NCCU,professor,124223.0
NCCU,associate_professor,81725.0
NCCU,assistant_professor,67898.0
NCCU,administrator,126884.0
NCCU,associate_professor,103311.0
NCCU,lecturer,65593.0
NCCU,associate_professor,70798.0
NCCU,associate_professor,77741.0
NCCU,associate_professor,172686.0
NCCU,lecturer,85000.0
NCCU,lecturer,61800.0
NCCU,assistant_professor,76082.0
NCCU,assistant_professor,77446.0
NCCU,professor,169038.0
NCCU,professor,190251.0
NCCU,professor,155865.0
NCCU,assistant_professor,146312.0
NCCU,associate_professor,63654.0
NCCU,associate_professor,75299.0
NCCU,assistant_professor,74366.0
NCCU,assistant_professor,84113.0
NCCU,assistant_professor,72571.0
NCCU,associate_professor,100709.0
NCCU,assistant_professor,128750.0
NCCU,lecturer,87489.0
NCCU,lecturer,84607.0
NCCU,assistant_professor,79568.0
NCCU,associate_professor,88585.0
NCCU,professor,84594.0
NCCU,associate_professor,92962.0
NCCU,associate_professor,114771.0
NCCU,associate_professor,114672.0
NCCU,assistant_professor,99492.0
NCCU,assistant_professor,75000.0
NCCU,associate_professor,91299.0
NCCU,assistant_professor,72100.0
NCCU,professor,94412.0
NCCU,assistant_professor,107669.0
NCCU,lecturer,48547.0
NCCU,assistant_professor,79568.0
NCCU,associate_professor,79595.0
NCCU,associate_professor,77584.0
NCCU,professor,86595.0
NCCU,associate_professor,88155.0
NCCU,lecturer,61693.0
NCCU,associate_professor,146444.0
NCCU,associate_professor,117257.0
NCCU,lecturer,71635.0
NCCU,associate_professor,80082.0
NCCU,associate_professor,99784.0
NCCU,professor,150248.0
NCCU,associate_professor,110281.0
NCCU,professor,162693.0
NCCU,assistant_professor,81224.0
NCCU,associate_professor,102820.0
NCCU,associate_professor,77250.0
NCCU,assistant_professor,122004.0
NCCU,professor,114181.0
NCCU,lecturer,61800.0
NCCU,associate_professor,109345.0
NCCU,associate_professor,118623.0
NCCU,assistant_professor,132613.0
NCCU,associate_professor,90174.0
NCCU,assistant_professor,78424.0
NCCU,associate_professor,103787.0
NCCU,assistant_professor,100000.0
NCCU,lecturer,65000.0
NCCU,professor,97665.0
NCCU,lecturer,78307.0
NCCU,professor,97132.0
NCCU,assistant_professor,92032.0
NCCU,assistant_professor,66950.0
NCCU,administrator,103665.0
NCCU,assistant_professor,73645.0
NCCU,lecturer,61800.0
NCCU,lecturer,46225.0
NCCU,professor,91067.0
NCCU,associate_professor,79166.0
NCCU,professor,88176.0
NCCU,assistant_professor,114173.0
NCCU,professor,104346.0
NCCU,lecturer,45343.0
NCCU,lecturer,63654.0
NCCU,associate_professor,146612.0
NCCU,assistant_professor,66950.0
NCCU,professor,100135.0
NCCU,professor,137525.0
NCCU,professor,156563.0
NCCU,assistant_professor,71717.0
NCCU,lecturer,84460.0
NCCU,assistant_professor,74263.0
NCCU,assistant_professor,72100.0
NCCU,assistant_professor,67898.0
NCCU,lecturer,72120.0
NCCU,lecturer,90000.0
NCCU,lecturer,90000.0
NCCU,associate_professor,91570.0
NCCU,associate_professor,53045.0
NCCU,associate_professor,76850.0
NCCU,assistant_professor,77446.0
NCCU,associate_professor,118041.0
NCCU,assistant_professor,120510.0
NCCU,professor,128313.0
NCCU,lecturer,50753.0
NCCU,lecturer,87550.0
NCCU,lecturer,53315.0
NCCU,lecturer,66950.0
NCCU,professor,138004.0
NCCU,professor,87257.0
NCCU,professor,116305.0
NCCU,administrator,175575.0
NCCU,assistant_professor,79568.0
NCCU,lecturer,78955.0
NCCU,lecturer,94369.0
NCCU,associate_professor,97586.0
NCCU,associate_professor,82750.0
NCCU,professor,130056.0
NCCU,associate_professor,153359.0
NCCU,assistant_professor,91400.0
NCCU,associate_professor,74231.0
NCCU,assistant_professor,93784.0
NCCU,lecturer,94171.0
NCCU,associate_professor,93731.0
NCCU,associate_professor,78803.0
NCCU,associate_professor,78582.0
NCCU,associate_professor,82450.0
NCCU,professor,98500.0
NCCU,assistant_professor,77250.0
NCCU,administrator,100160.0
NCCU,associate_professor,78887.0
NCCU,associate_professor,72100.0
NCCU,lecturer,51500.0
NCCU,associate_professor,166629.0
NCCU,assistant_professor,73561.0
NCCU,associate_professor,79157.0
NCCU,assistant_professor,82750.0
NCCU,professor,176249.0
NCCU,lecturer,60138.0
NCCU,assistant_professor,71717.0
NCCU,lecturer,67845.0
NCCU,lecturer,48197.0
NCCU,associate_professor,81346.0
NCCU,lecturer,86020.0
NCCU,assistant_professor,62830.0
NCCU,associate_professor,55229.0
NCCU,associate_professor,91781.0
NCCU,assistant_professor,98561.0
NCCU,professor,166222.0
NCCU,lecturer,52092.0
NCCU,lecturer,58126.0
NCCU,assistant_professor,85490.0
NCCU,associate_professor,157257.0
NCCU,lecturer,90128.0
NCCU,associate_professor,93161.0
NCCU,associate_professor,113834.0
NCCU,lecturer,79568.0
NCCU,associate_professor,120768.0
NCCU,associate_professor,88539.0
NCCU,professor,134494.0
NCCU,assistant_professor,44819.0
NCCU,associate_professor,76915.0
NCCU,associate_professor,84645.0
NCCU,lecturer,70231.0
NCCU,assistant_professor,105571.0
NCCU,assistant_professor,79796.0
NCCU,assistant_professor,63760.0
NCCU,assistant_professor,68495.0
NCCU,professor,120586.0
NCCU,lecturer,67845.0
NCCU,assistant_professor,56650.0
NCCU,associate_professor,91624.0
NCCU,associate_professor,53045.0
NCCU,assistant_professor,96594.0
NCCU,lecturer,68644.0
NCCU,professor,97037.0
NCCU,associate_professor,90497.0
NCCU,lecturer,84975.0
NCCU,lecturer,49021.0
NCCU,assistant_professor,84207.0
NCCU,professor,116436.0
NCCU,assistant_professor,78337.0
NCCU,assistant_professor,71635.0
NCCU,associate_professor,88888.0
NCCU,lecturer,48476.0
NCCU,administrator,99372.0
NCCU,professor,152419.0
NCCU,lecturer,80340.0
NCCU,assistant_professor,75548.0
NCCU,lecturer,66950.0
NCCU,professor,121068.0
NCCU,lecturer,50231.0
NCCU,assistant_professor,108150.0
NCCU,professor,208859.0
NCCU,assistant_professor,79568.0
NCCU,lecturer,54514.0
NCCU,professor,100012.0
NCCU,professor,85000.0
NCCU,professor,105000.0
NCCU,associate_professor,92700.0
NCCU,associate_professor,95444.0
NCCU,administrator,175000.0
NCCU,associate_professor,91356.0
NCCU,associate_professor,81725.0
NCCU,lecturer,62807.0
NCCU,assistant_professor,101716.0
NCCU,associate_professor,101775.0
NCCU,assistant_professor,131840.0
NCCU,associate_professor,162675.0
NCCU,associate_professor,86017.0
NCCU,professor,112220.0
NCCU,assistant_professor,113352.0
NCCU,lecturer,67889.0
NCCU,associate_professor,173127.0
NCCU,lecturer,51168.0
NCCU,lecturer,75748.0
NCCU,associate_professor,82750.0
NCCU,assistant_professor,82400.0
NCCU,lecturer,60141.0
NCCU,professor,169198.0
NCCU,lecturer,87550.0
NCCU,professor,89340.0
NCCU,lecturer,87843.0
NCCU,associate_professor,84377.0
NCCU,associate_professor,50642.0
NCCU,lecturer,90000.0
NCCU,lecturer,50249.0
NCCU,administrator,251320.0
NCCU,professor,88987.0
NCCU,professor,96622.0
NCCU,professor,137891.0
NCCU,associate_professor,109465.0
NCCU,assistant_professor,82000.0
NCCU,professor,96642.0
NCCU,associate_professor,94810.0
NCCU,professor,153519.0
NCCU,professor,146808.0
NCCU,associate_professor,83845.0
NCCU,professor,99594.0
NCCU,assistant_professor,73741.0
NCCU,professor,165651.0
NCSU,assistant_professor,152440.0
NCSU,professor,258269.0
NCSU,associate_professor,126314.0
NCSU,professor,153306.0
NCSU,professor,97131.0
NCSU,professor,236096.0
NCSU,assistant_professor,93359.0
NCSU,associate_professor,116699.0
NCSU,assistant_professor,80340.0
NCSU,lecturer,97781.0
NCSU,professor,132655.0
NCSU,associate_professor,141100.0
NCSU,assistant_professor,134930.0
NCSU,professor,146970.0
NCSU,assistant_professor,107227.0
NCSU,lecturer,47741.0
NCSU,professor,130594.0
NCSU,associate_professor,100009.0
NCSU,associate_professor,107784.0
NCSU,lecturer,68959.0
NCSU,assistant_professor,96905.0
NCSU,professor,148207.0
NCSU,professor,239560.0
NCSU,professor,195865.0
NCSU,professor,211481.0
NCSU,professor,218814.0
NCSU,assistant_professor,79310.0
NCSU,assistant_professor,105000.0
NCSU,assistant_professor,74000.0
NCSU,professor,120572.0
NCSU,assistant_professor,87550.0
NCSU,associate_professor,96716.0
NCSU,professor,129439.0
NCSU,assistant_professor,112122.0
NCSU,associate_professor,93303.0
NCSU,professor,185658.0
NCSU,professor,168367.0
NCSU,professor,117301.0
NCSU,professor,207516.0
NCSU,professor,192478.0
NCSU,assistant_professor,75190.0
NCSU,lecturer,54009.0
NCSU,assistant_professor,91155.0
NCSU,professor,254168.0
NCSU,professor,139050.0
NCSU,associate_professor,101692.0
NCSU,assistant_professor,99350.0
NCSU,administrator,168698.0
NCSU,assistant_professor,153831.0
NCSU,professor,209634.0
NCSU,professor,120854.0
NCSU,associate_professor,89681.0
NCSU,lecturer,108069.0
NCSU,associate_professor,114887.0
NCSU,professor,84133.0
NCSU,professor,129166.0
NCSU,professor,168082.0
NCSU,professor,130000.0
NCSU,professor,134608.0
NCSU,assistant_professor,107561.0
NCSU,professor,185873.0
NCSU,assistant_professor,54000.0
NCSU,associate_professor,110368.0
NCSU,professor,76980.0
NCSU,associate_professor,102316.0
NCSU,associate_professor,150026.0
NCSU,associate_professor,121674.0
NCSU,professor,254037.0
NCSU,assistant_professor,149350.0
NCSU,assistant_professor,105620.0
NCSU,assistant_professor,73912.0
NCSU,professor,155081.0
NCSU,assistant_professor,112540.0
NCSU,associate_professor,135493.0
NCSU,assistant_professor,66200.0
NCSU,assistant_professor,87787.0
NCSU,associate_professor,105698.0
NCSU,assistant_professor,63550.0
NCSU,assistant_professor,111395.0
NCSU,assistant_professor,133503.0
NCSU,assistant_professor,71500.0
NCSU,professor,226484.0
NCSU,professor,161842.0
NCSU,professor,165571.0
NCSU,associate_professor,104589.0
NCSU,associate_professor,142705.0
NCSU,administrator,164911.0
NCSU,professor,177160.0
NCSU,lecturer,69673.0
NCSU,professor,286060.0
NCSU,lecturer,45000.0
NCSU,associate_professor,136691.0
NCSU,assistant_professor,80764.0
NCSU,professor,223790.0
NCSU,professor,155517.0
NCSU,professor,119564.0
NCSU,professor,120271.0
NCSU,assistant_professor,117974.0
NCSU,assistant_professor,103968.0
NCSU,professor,129814.0
NCSU,professor,67671.0
NCSU,professor,150020.0
NCSU,associate_professor,96275.0
NCSU,associate_professor,67363.0
NCSU,professor,322752.0
NCSU,lecturer,38425.0
NCSU,assistant_professor,57680.0
NCSU,associate_professor,146181.0
NCSU,lecturer,83047.0
NCSU,professor,87274.0
NCSU,assistant_professor,90473.0
NCSU,assistant_professor,84975.0
NCSU,associate_professor,126462.0
NCSU,associate_professor,124075.0
NCSU,professor,134485.0
NCSU,associate_professor,82855.0
NCSU,associate_professor,185400.0
NCSU,professor,160545.0
NCSU,lecturer,34769.0
NCSU,professor,174618.0
NCSU,assistant_professor,144200.0
NCSU,assistant_professor,100786.0
NCSU,associate_professor,148888.0
NCSU,associate_professor,81888.0
NCSU,professor,115210.0
NCSU,associate_professor,140112.0
NCSU,lecturer,72216.0
NCSU,professor,150505.0
NCSU,administrator,231368.0
NCSU,professor,210906.0
NCSU,assistant_professor,81359.0
NCSU,lecturer,49883.0
NCSU,professor,145945.0
NCSU,assistant_professor,102925.0
NCSU,assistant_professor,89610.0
NCSU,professor,201081.0
NCSU,lecturer,64448.0
NCSU,associate_professor,149100.0
NCSU,associate_professor,149350.0
NCSU,assistant_professor,94910.0
NCSU,associate_professor,100545.0
NCSU,assistant_professor,71748.0
NCSU,professor,133010.0
NCSU,professor,149641.0
NCSU,professor,178222.0
NCSU,professor,152670.0
NCSU,assistant_professor,97850.0
NCSU,professor,127551.0
NCSU,professor,170465.0
NCSU,professor,153854.0
NCSU,professor,161562.0
NCSU,professor,156623.0
NCSU,professor,215188.0
NCSU,associate_professor,115676.0
NCSU,associate_professor,118630.0
NCSU,professor,140610.0
NCSU,assistant_professor,82930.0
NCSU,professor,165950.0
NCSU,associate_professor,108782.0
NCSU,professor,116166.0
NCSU,professor,144158.0
NCSU,associate_professor,105481.0
NCSU,associate_professor,92248.0
NCSU,professor,172454.0
NCSU,lecturer,55875.0
NCSU,associate_professor,155091.0
NCSU,professor,158342.0
NCSU,professor,120096.0
NCSU,professor,148950.0
NCSU,lecturer,51233.0
NCSU,associate_professor,114642.0
NCSU,professor,151999.0
NCSU,lecturer,63266.0
NCSU,associate_professor,100446.0
NCSU,professor,212148.0
NCSU,administrator,206000.0
NCSU,assistant_professor,44588.0
NCSU,associate_professor,173291.0
NCSU,professor,186524.0
NCSU,professor,206863.0
NCSU,professor,132505.0
NCSU,associate_professor,172010.0
NCSU,professor,137549.0
NCSU,assistant_professor,100786.0
NCSU,associate_professor,80201.0
NCSU,associate_professor,120471.0
NCSU,lecturer,46500.0
NCSU,professor,207403.0
NCSU,assistant_professor,84460.0
NCSU,assistant_professor,132000.0
NCSU,professor,321149.0
NCSU,assistant_professor,87550.0
NCSU,professor,215681.0
NCSU,professor,297596.0
NCSU,assistant_professor,55620.0
NCSU,associate_professor,63067.0
NCSU,professor,122304.0
NCSU,associate_professor,94840.0
NCSU,associate_professor,66280.0
NCSU,professor,134456.0
NCSU,lecturer,38506.0
NCSU,assistant_professor,94760.0
NCSU,associate_professor,158284.0
NCSU,lecturer,55830.0
NCSU,professor,133645.0
NCSU,associate_professor,112599.0
NCSU,professor,121503.0
NCSU,associate_professor,115131.0
NCSU,professor,175100.0
NCSU,professor,133858.0
NCSU,professor,163579.0
NCSU,administrator,409675.0
NCSU,assistant_professor,86788.0
NCSU,professor,152731.0
NCSU,associate_professor,116802.0
NCSU,professor,144430.0
NCSU,associate_professor,97526.0
NCSU,lecturer,55956.0
NCSU,professor,133133.0
NCSU,assistant_professor,238703.0
NCSU,professor,111085.0
NCSU,associate_professor,160690.0
NCSU,professor,197823.0
NCSU,professor,138183.0
NCSU,lecturer,67734.0
NCSU,associate_professor,123113.0
NCSU,professor,111105.0
NCSU,administrator,131267.0
NCSU,assistant_professor,90640.0
NCSU,professor,127551.0
NCSU,professor,110993.0
NCSU,professor,170113.0
NCSU,professor,137986.0
NCSU,professor,123600.0
NCSU,assistant_professor,90721.0
NCSU,associate_professor,127175.0
NCSU,associate_professor,112632.0
NCSU,professor,136321.0
NCSU,professor,138226.0
NCSU,associate_professor,60624.0
NCSU,associate_professor,159820.0
NCSU,lecturer,49583.0
NCSU,professor,97054.0
NCSU,assistant_professor,99300.0
NCSU,professor,275068.0
NCSU,associate_professor,193132.0
NCSU,assistant_professor,107344.0
NCSU,associate_professor,106697.0
NCSU,professor,158787.0
NCSU,professor,320553.0
NCSU,assistant_professor,97828.0
NCSU,lecturer,125186.0
NCSU,professor,296938.0
NCSU,lecturer,49583.0
NCSU,associate_professor,95515.0
NCSU,lecturer,49541.0
NCSU,professor,148454.0
NCSU,assistant_professor,108212.0
NCSU,assistant_professor,44664.0
NCSU,assistant_professor,76690.0
NCSU,assistant_professor,77250.0
NCSU,assistant_professor,99300.0
NCSU,lecturer,50000.0
NCSU,professor,144315.0
NCSU,professor,235538.0
NCSU,assistant_professor,89116.0
NCSU,professor,128312.0
NCSU,associate_professor,93788.0
NCSU,professor,153831.0
NCSU,associate_professor,118651.0
NCSU,assistant_professor,139890.0
NCSU,professor,176291.0
NCSU,lecturer,70040.0
NCSU,assistant_professor,76000.0
NCSU,professor,148229.0
NCSU,professor,173075.0
NCSU,professor,177677.0
NCSU,assistant_professor,88580.0
NCSU,assistant_professor,96820.0
NCSU,assistant_professor,106090.0
NCSU,assistant_professor,108212.0
NCSU,associate_professor,141100.0
NCSU,professor,209464.0
NCSU,assistant_professor,118947.0
NCSU,associate_professor,130277.0
NCSU,associate_professor,105462.0
NCSU,assistant_professor,130000.0
NCSU,assistant_professor,101970.0
NCSU,lecturer,54064.0
NCSU,professor,206863.0
NCSU,professor,150379.0
NCSU,professor,114670.0
NCSU,associate_professor,93359.0
NCSU,administrator,225540.0
NCSU,associate_professor,144200.0
NCSU,professor,202276.0
NCSU,assistant_professor,75141.0
NCSU,associate_professor,148454.0
NCSU,assistant_professor,72820.0
NCSU,professor,170429.0
NCSU,assistant_professor,67633.0
NCSU,administrator,199050.0
NCSU,assistant_professor,90177.0
NCSU,assistant_professor,99300.0
NCSU,associate_professor,108942.0
NCSU,lecturer,45000.0
NCSU,professor,182128.0
NCSU,assistant_professor,106090.0
NCSU,professor,154467.0
NCSU,assistant_professor,78280.0
NCSU,professor,239403.0
NCSU,assistant_professor,244007.0
NCSU,professor,140632.0
NCSU,assistant_professor,59410.0
NCSU,professor,163302.0
NCSU,lecturer,49583.0
NCSU,lecturer,67898.0
NCSU,assistant_professor,90177.0
NCSU,assistant_professor,111395.0
NCSU,lecturer,55877.0
NCSU,professor,148950.0
NCSU,assistant_professor,58710.0
NCSU,lecturer,84030.0
NCSU,professor,153285.0
NCSU,assistant_professor,133900.0
NCSU,professor,118666.0
NCSU,professor,162500.0
NCSU,professor,139205.0
NCSU,assistant_professor,109627.0
NCSU,professor,243535.0
NCSU,professor,130613.0
NCSU,professor,138020.0
NCSU,assistant_professor,80054.0
NCSU,professor,145954.0
NCSU,associate_professor,110727.0
NCSU,assistant_professor,103000.0
NCSU,assistant_professor,121800.0
NCSU,professor,127425.0
NCSU,professor,114321.0
NCSU,professor,168429.0
NCSU,assistant_professor,83000.0
NCSU,assistant_professor,154467.0
NCSU,professor,115542.0
NCSU,associate_professor,120220.0
NCSU,professor,92700.0
NCSU,professor,217627.0
NCSU,associate_professor,104077.0
NCSU,administrator,250290.0
NCSU,professor,186949.0
NCSU,lecturer,47741.0
NCSU,associate_professor,147031.0
NCSU,associate_professor,125975.0
NCSU,associate_professor,91660.0
NCSU,professor,127584.0
NCSU,administrator,236581.0
NCSU,professor,129570.0
NCSU,lecturer,55497.0
NCSU,professor,200813.0
NCSU,professor,144365.0
NCSU,associate_professor,139050.0
NCSU,assistant_professor,105920.0
NCSU,associate_professor,117760.0
NCSU,associate_professor,105810.0
NCSU,associate_professor,165500.0
NCSU,professor,157016.0
NCSU,associate_professor,113300.0
NCSU,administrator,144536.0
NCSU,professor,165400.0
NCSU,professor,143402.0
NCSU,administrator,328785.0
NCSU,professor,97802.0
NCSU,associate_professor,143485.0
NCSU,lecturer,73086.0
NCSU,professor,249579.0
NCSU,associate_professor,103721.0
NCSU,associate_professor,113228.0
NCSU,professor,111258.0
NCSU,associate_professor,141115.0
NCSU,professor,152850.0
NCSU,professor,132608.0
NCSU,associate_professor,115058.0
NCSU,associate_professor,102325.0
NCSU,assistant_professor,59238.0
NCSU,professor,127088.0
NCSU,professor,187635.0
NCSU,lecturer,55618.0
NCSU,assistant_professor,89543.0
NCSU,professor,160421.0
NCSU,lecturer,58311.0
NCSU,professor,108746.0
NCSU,associate_professor,133900.0
NCSU,lecturer,47950.0
NCSU,lecturer,65916.0
NCSU,associate_professor,95586.0
NCSU,lecturer,47950.0
NCSU,associate_professor,101469.0
NCSU,associate_professor,183989.0
NCSU,lecturer,74912.0
NCSU,professor,211070.0
NCSU,associate_professor,97041.0
NCSU,associate_professor,93873.0
NCSU,lecturer,55877.0
NCSU,lecturer,51500.0
NCSU,professor,170886.0
NCSU,lecturer,40871.0
NCSU,associate_professor,140929.0
NCSU,professor,216480.0
NCSU,associate_professor,114238.0
NCSU,professor,153832.0
NCSU,assistant_professor,78507.0
NCSU,professor,124030.0
NCSU,professor,214731.0
NCSU,professor,255170.0
NCSU,professor,115748.0
NCSU,professor,150289.0
NCSU,professor,248344.0
NCSU,associate_professor,60049.0
NCSU,associate_professor,81579.0
NCSU,associate_professor,112375.0
NCSU,lecturer,46350.0
NCSU,professor,127056.0
NCSU,professor,148694.0
NCSU,professor,190962.0
NCSU,assistant_professor,93730.0
NCSU,professor,137312.0
NCSU,professor,151764.0
NCSU,associate_professor,117333.0
NCSU,lecturer,45000.0
NCSU,lecturer,103000.0
NCSU,professor,111106.0
NCSU,professor,127138.0
NCSU,professor,114460.0
NCSU,professor,144474.0
NCSU,administrator,255875.0
NCSU,assistant_professor,100000.0
NCSU,professor,112053.0
NCSU,professor,153817.0
NCSU,assistant_professor,82400.0
NCSU,professor,137604.0
NCSU,professor,168552.0
NCSU,associate_professor,110607.0
NCSU,assistant_professor,102011.0
NCSU,professor,204737.0
NCSU,professor,179982.0
NCSU,assistant_professor,59410.0
NCSU,professor,194795.0
NCSU,professor,140076.0
NCSU,assistant_professor,58008.0
NCSU,assistant_professor,118450.0
NCSU,professor,112756.0
NCSU,professor,174704.0
NCSU,associate_professor,81252.0
NCSU,professor,140360.0
NCSU,professor,115891.0
NCSU,assistant_professor,99300.0
NCSU,associate_professor,63271.0
NCSU,professor,131348.0
NCSU,professor,210980.0
NCSU,professor,151703.0
NCSU,associate_professor,111898.0
NCSU,professor,133498.0
NCSU,assistant_professor,129828.0
NCSU,professor,156013.0
NCSU,professor,141094.0
NCSU,lecturer,65010.0
NCSU,associate_professor,112997.0
NCSU,professor,299334.0
NCSU,assistant_professor,86617.0
NCSU,associate_professor,142252.0
NCSU,lecturer,55734.0
NCSU,assistant_professor,99300.0
NCSU,professor,197055.0
NCSU,associate_professor,94516.0
NCSU,professor,102138.0
NCSU,assistant_professor,108150.0
NCSU,assistant_professor,108212.0
NCSU,associate_professor,107943.0
NCSU,associate_professor,100696.0
NCSU,lecturer,89394.0
NCSU,associate_professor,104481.0
NCSU,associate_professor,134734.0
NCSU,assistant_professor,114000.0
NCSU,associate_professor,90214.0
NCSU,professor,171017.0
NCSU,assistant_professor,42903.0
NCSU,professor,153396.0
NCSU,lecturer,55033.0
NCSU,associate_professor,99009.0
NCSU,professor,141260.0
NCSU,assistant_professor,72615.0
NCSU,associate_professor,112451.0
NCSU,associate_professor,94147.0
NCSU,assistant_professor,78000.0
NCSU,professor,231403.0
NCSU,professor,175100.0
NCSU,associate_professor,117663.0
NCSU,associate_professor,112573.0
NCSU,professor,200000.0
NCSU,assistant_professor,127308.0
NCSU,assistant_professor,66600.0
NCSU,professor,184014.0
NCSU,professor,248826.0
NCSU,professor,96363.0
NCSU,associate_professor,98115.0
NCSU,professor,195211.0
NCSU,professor,124692.0
NCSU,professor,135306.0
NCSU,professor,114533.0
NCSU,associate_professor,123953.0
NCSU,professor,101160.0
NCSU,professor,154730.0
NCSU,associate_professor,99926.0
NCSU,professor,100661.0
NCSU,assistant_professor,73942.0
NCSU,assistant_professor,97603.0
NCSU,assistant_professor,154500.0
NCSU,associate_professor,108039.0
NCSU,associate_professor,63016.0
NCSU,lecturer,46350.0
NCSU,associate_professor,121494.0
NCSU,assistant_professor,148526.0
NCSU,associate_professor,90529.0
NCSU,professor,166860.0
NCSU,professor,178296.0
NCSU,professor,170439.0
NCSU,professor,216613.0
NCSU,associate_professor,192313.0
NCSU,associate_professor,115828.0
NCSU,associate_professor,89429.0
NCSU,assistant_professor,59410.0
NCSU,associate_professor,122630.0
NCSU,assistant_professor,80340.0
NCSU,professor,118670.0
NCSU,professor,48240.0
NCSU,professor,191722.0
NCSU,professor,137239.0
NCSU,assistant_professor,75027.0
NCSU,professor,132613.0
NCSU,professor,158514.0
NCSU,administrator,355402.0
NCSU,lecturer,81934.0
NCSU,professor,156061.0
NCSU,professor,200850.0
NCSU,assistant_professor,71868.0
NCSU,professor,163246.0
NCSU,professor,120182.0
NCSU,associate_professor,180250.0
NCSU,associate_professor,47262.0
NCSU,administrator,278100.0
NCSU,professor,121130.0
NCSU,assistant_professor,98880.0
NCSU,professor,143944.0
NCSU,associate_professor,113300.0
NCSU,assistant_professor,97850.0
NCSU,lecturer,64000.0
NCSU,lecturer,37142.0
NCSU,assistant_professor,87067.0
NCSU,professor,221240.0
NCSU,professor,216689.0
NCSU,lecturer,112850.0
NCSU,associate_professor,93711.0
NCSU,professor,114071.0
NCSU,professor,171017.0
NCSU,professor,158016.0
NCSU,assistant_professor,102775.0
NCSU,assistant_professor,74160.0
NCSU,assistant_professor,76239.0
NCSU,lecturer,55727.0
NCSU,professor,140560.0
NCSU,assistant_professor,71585.0
NCSU,professor,147391.0
NCSU,assistant_professor,148950.0
NCSU,professor,223089.0
NCSU,professor,144930.0
NCSU,assistant_professor,72100.0
NCSU,assistant_professor,131758.0
NCSU,associate_professor,140000.0
NCSU,associate_professor,122570.0
NCSU,professor,125905.0
NCSU,associate_professor,115757.0
NCSU,professor,108535.0
NCSU,associate_professor,126346.0
NCSU,assistant_professor,72000.0
NCSU,professor,107536.0
NCSU,professor,114359.0
NCSU,associate_professor,89898.0
NCSU,associate_professor,87715.0
NCSU,professor,124519.0
NCSU,assistant_professor,99300.0
NCSU,professor,98536.0
NCSU,lecturer,47425.0
NCSU,assistant_professor,59930.0
NCSU,professor,149299.0
NCSU,professor,221007.0
NCSU,assistant_professor,100786.0
NCSU,assistant_professor,97850.0
NCSU,professor,199069.0
NCSU,professor,121534.0
NCSU,professor,215708.0
NCSU,professor,319967.0
NCSU,assistant_professor,79310.0
NCSU,professor,195397.0
NCSU,professor,256470.0
NCSU,associate_professor,92480.0
NCSU,professor,128344.0
NCSU,professor,187542.0
NCSU,assistant_professor,75000.0
NCSU,assistant_professor,80000.0
NCSU,associate_professor,133900.0
NCSU,lecturer,54064.0
NCSU,associate_professor,140000.0
NCSU,associate_professor,68291.0
NCSU,professor,159984.0
NCSU,associate_professor,118196.0
NCSU,assistant_professor,96820.0
NCSU,professor,152666.0
NCSU,professor,311598.0
NCSU,professor,116349.0
NCSU,assistant_professor,93053.0
NCSU,professor,143403.0
NCSU,professor,203262.0
NCSU,associate_professor,123112.0
NCSU,associate_professor,163410.0
NCSU,assistant_professor,150380.0
NCSU,professor,122680.0
NCSU,professor,231433.0
NCSU,professor,189654.0
NCSU,professor,157559.0
NCSU,professor,116007.0
NCSU,professor,123263.0
NCSU,associate_professor,115000.0
NCSU,professor,151866.0
NCSU,associate_professor,111474.0
NCSU,associate_professor,134301.0
NCSU,associate_professor,119488.0
NCSU,lecturer,49630.0
NCSU,assistant_professor,97850.0
NCSU,professor,212257.0
NCSU,assistant_professor,90177.0
NCSU,professor,128818.0
NCSU,associate_professor,108150.0
NCSU,associate_professor,141430.0
NCSU,professor,135675.0
NCSU,assistant_professor,59495.0
NCSU,associate_professor,63060.0
NCSU,professor,130834.0
NCSU,assistant_professor,141100.0
NCSU,administrator,203984.0
NCSU,associate_professor,110463.0
NCSU,professor,150020.0
NCSU,associate_professor,103010.0
NCSU,associate_professor,68861.0
NCSU,professor,145373.0
NCSU,professor,135901.0
NCSU,associate_professor,185400.0
NCSU,professor,140815.0
NCSU,associate_professor,93455.0
NCSU,associate_professor,163735.0
NCSU,associate_professor,107633.0
NCSU,professor,212701.0
NCSU,administrator,257500.0
NCSU,lecturer,49583.0
NCSU,associate_professor,145599.0
NCSU,professor,120264.0
NCSU,lecturer,76082.0
NCSU,professor,150020.0
NCSU,associate_professor,114639.0
NCSU,associate_professor,116472.0
NCSU,associate_professor,151709.0
NCSU,associate_professor,150879.0
NCSU,professor,134356.0
NCSU,assistant_professor,92850.0
NCSU,professor,144427.0
NCSU,assistant_professor,198600.0
NCSU,associate_professor,165500.0
NCSU,professor,171017.0
NCSU,professor,125296.0
NCSU,associate_professor,152166.0
NCSU,associate_professor,139050.0
NCSU,associate_professor,139050.0
NCSU,assistant_professor,140460.0
NCSU,professor,163862.0
NCSU,assistant_professor,118057.0
NCSU,assistant_professor,79311.0
NCSU,professor,128053.0
NCSU,professor,159865.0
NCSU,professor,165430.0
NCSU,associate_professor,126345.0
NCSU,professor,154236.0
NCSU,associate_professor,130277.0
NCSU,assistant_professor,117051.0
NCSU,professor,259473.0
NCSU,assistant_professor,104944.0
NCSU,professor,158966.0
NCSU,professor,130840.0
NCSU,assistant_professor,150738.0
NCSU,associate_professor,87214.0
NCSU,assistant_professor,95000.0
NCSU,assistant_professor,104817.0
NCSU,lecturer,82400.0
NCSU,professor,168022.0
NCSU,professor,313656.0
NCSU,professor,228692.0
NCSU,associate_professor,156321.0
NCSU,associate_professor,142178.0
NCSU,assistant_professor,95481.0
NCSU,professor,130098.0
NCSU,associate_professor,119184.0
NCSU,professor,178213.0
NCSU,associate_professor,149591.0
NCSU,administrator,269215.0
NCSU,associate_professor,64748.0
NCSU,associate_professor,142705.0
NCSU,associate_professor,185400.0
NCSU,lecturer,60000.0
NCSU,professor,132260.0
NCSU,assistant_professor,56599.0
NCSU,professor,173561.0
NCSU,professor,222437.0
NCSU,assistant_professor,89435.0
NCSU,professor,158070.0
NCSU,professor,180250.0
NCSU,professor,150020.0
NCSU,assistant_professor,149350.0
NCSU,professor,167224.0
NCSU,professor,170135.0
NCSU,professor,151365.0
NCSU,administrator,153628.0
NCSU,professor,233810.0
NCSU,assistant_professor,95275.0
NCSU,lecturer,55777.0
NCSU,associate_professor,135900.0
NCSU,administrator,169950.0
NCSU,professor,200177.0
NCSU,assistant_professor,93640.0
NCSU,professor,221144.0
NCSU,professor,138506.0
NCSU,professor,151926.0
NCSU,professor,115850.0
NCSU,lecturer,119191.0
NCSU,associate_professor,66234.0
NCSU,assistant_professor,108212.0
NCSU,professor,145744.0
NCSU,lecturer,53660.0
NCSU,professor,221187.0
NCSU,professor,180610.0
NCSU,lecturer,55497.0
NCSU,assistant_professor,57289.0
NCSU,associate_professor,159135.0
NCSU,lecturer,45000.0
NCSU,associate_professor,163735.0
NCSU,associate_professor,159650.0
NCSU,assistant_professor,102059.0
NCSU,associate_professor,141085.0
NCSU,assistant_professor,55620.0
NCSU,assistant_professor,152166.0
NCSU,associate_professor,153873.0
NCSU,professor,70161.0
NCSU,assistant_professor,85000.0
NCSU,professor,186338.0
NCSU,assistant_professor,86994.0
NCSU,administrator,318864.0
NCSU,professor,123423.0
NCSU,professor,164800.0
NCSU,associate_professor,134592.0
NCSU,professor,144424.0
NCSU,assistant_professor,72000.0
NCSU,professor,115038.0
NCSU,associate_professor,98164.0
NCSU,professor,94784.0
NCSU,administrator,227826.0
NCSU,administrator,150380.0
NCSU,professor,157693.0
NCSU,associate_professor,106697.0
NCSU,professor,166994.0
NCSU,associate_professor,149350.0
NCSU,administrator,148404.0
NCSU,assistant_professor,244007.0
NCSU,assistant_professor,113300.0
NCSU,professor,154245.0
NCSU,professor,109773.0
NCSU,administrator,618000.0
NCSU,professor,216309.0
NCSU,associate_professor,172450.0
NCSU,assistant_professor,111024.0
NCSU,professor,127959.0
NCSU,associate_professor,102301.0
NCSU,assistant_professor,112752.0
NCSU,assistant_professor,89116.0
NCSU,associate_professor,124722.0
NCSU,assistant_professor,107000.0
NCSU,professor,150625.0
NCSU,associate_professor,120098.0
NCSU,professor,253767.0
NCSU,assistant_professor,115409.0
NCSU,professor,128843.0
NCSU,professor,179689.0
NCSU,administrator,154506.0
NCSU,associate_professor,99300.0
NCSU,associate_professor,165160.0
NCSU,professor,206264.0
NCSU,assistant_professor,86520.0
NCSU,associate_professor,108898.0
NCSU,professor,147345.0
NCSU,professor,187010.0
NCSU,professor,160920.0
NCSU,professor,129433.0
NCSU,professor,169744.0
NCSU,professor,168632.0
NCSU,assistant_professor,80340.0
NCSU,professor,152757.0
NCSU,professor,104924.0
NCSU,assistant_professor,190550.0
NCSU,professor,153068.0
NCSU,lecturer,55777.0
NCSU,professor,95161.0
NCSU,professor,126739.0
NCSU,professor,262424.0
NCSU,professor,130972.0
NCSU,administrator,121920.0
NCSU,administrator,265225.0
NCSU,associate_professor,157572.0
NCSU,assistant_professor,88565.0
NCSU,professor,195847.0
NCSU,professor,117021.0
NCSU,professor,140753.0
NCSU,professor,176357.0
NCSU,professor,281139.0
NCSU,assistant_professor,72000.0
NCSU,assistant_professor,83281.0
NCSU,professor,189754.0
NCSU,professor,139670.0
NCSU,professor,135598.0
NCSU,associate_professor,89057.0
NCSU,professor,124249.0
NCSU,professor,139088.0
NCSU,lecturer,49480.0
NCSU,associate_professor,117507.0
NCSU,professor,135341.0
NCSU,assistant_professor,148526.0
NCSU,associate_professor,123600.0
NCSU,associate_professor,147351.0
NCSU,professor,143402.0
NCSU,associate_professor,116505.0
NCSU,associate_professor,100992.0
NCSU,assistant_professor,125186.0
NCSU,professor,233398.0
NCSU,associate_professor,111293.0
NCSU,lecturer,67297.0
NCSU,associate_professor,112369.0
NCSU,professor,175575.0
NCSU,assistant_professor,128899.0
NCSU,professor,150394.0
NCSU,administrator,165658.0
NCSU,associate_professor,113843.0
NCSU,lecturer,65042.0
NCSU,professor,193132.0
NCSU,professor,154467.0
NCSU,professor,168022.0
NCSU,assistant_professor,87217.0
NCSU,assistant_professor,83500.0
NCSU,assistant_professor,72672.0
NCSU,associate_professor,96961.0
NCSU,associate_professor,113179.0
NCSU,administrator,236117.0
NCSU,administrator,209047.0
NCSU,lecturer,56834.0
NCSU,associate_professor,115387.0
NCSU,associate_professor,117372.0
NCSU,associate_professor,87207.0
NCSU,professor,284087.0
NCSU,associate_professor,81455.0
NCSU,professor,199842.0
NCSU,associate_professor,99259.0
NCSU,associate_professor,87789.0
NCSU,professor,135812.0
NCSU,professor,156650.0
NCSU,assistant_professor,125186.0
NCSU,assistant_professor,100786.0
NCSU,lecturer,64377.0
NCSU,associate_professor,150703.0
NCSU,assistant_professor,67595.0
NCSU,professor,262650.0
NCSU,associate_professor,156121.0
NCSU,professor,153831.0
NCSU,lecturer,49480.0
NCSU,lecturer,55788.0
NCSU,assistant_professor,72100.0
NCSU,associate_professor,110417.0
NCSU,professor,157088.0
NCSU,professor,147534.0
NCSU,associate_professor,119864.0
NCSU,associate_professor,93359.0
NCSU,associate_professor,109856.0
NCSU,lecturer,49540.0
NCSU,assistant_professor,115850.0
NCSU,associate_professor,132856.0
NCSU,professor,141625.0
NCSU,professor,163211.0
NCSU,professor,212343.0
NCSU,lecturer,56568.0
NCSU,associate_professor,65859.0
NCSU,professor,206000.0
NCSU,assistant_professor,88280.0
NCSU,associate_professor,196973.0
NCSU,administrator,253635.0
NCSU,associate_professor,161296.0
NCSU,administrator,140595.0
NCSU,professor,205781.0
NCSU,associate_professor,146192.0
NCSU,professor,187425.0
NCSU,lecturer,55798.0
NCSU,associate_professor,153445.0
NCSU,professor,237441.0
NCSU,professor,134545.0
NCSU,professor,145105.0
NCSU,lecturer,66200.0
NCSU,associate_professor,107140.0
NCSU,professor,134333.0
NCSU,associate_professor,107120.0
NCSU,assistant_professor,87550.0
NCSU,assistant_professor,80340.0
NCSU,assistant_professor,144558.0
NCSU,assistant_professor,55620.0
NCSU,assistant_professor,134056.0
NCSU,assistant_professor,124630.0
NCSU,professor,157277.0
NCSU,assistant_professor,95000.0
NCSU,professor,120271.0
NCSU,professor,171704.0
NCSU,associate_professor,89682.0
NCSU,assistant_professor,90177.0
NCSU,associate_professor,102946.0
NCSU,assistant_professor,148950.0
NCSU,associate_professor,116839.0
NCSU,professor,149467.0
NCSU,professor,138445.0
NCSU,professor,217344.0
NCSU,professor,322990.0
NCSU,assistant_professor,85490.0
NCSU,assistant_professor,92649.0
NCSU,assistant_professor,82000.0
NCSU,professor,339489.0
NCSU,professor,313060.0
NCSU,associate_professor,74382.0
NCSU,professor,81865.0
NCSU,associate_professor,116868.0
NCSU,associate_professor,82750.0
NCSU,associate_professor,110412.0
NCSU,professor,171017.0
NCSU,professor,152735.0
NCSU,assistant_professor,152513.0
NCSU,professor,130803.0
NCSU,administrator,334750.0
NCSU,associate_professor,138055.0
NCSU,assistant_professor,80309.0
NCSU,associate_professor,107771.0
NCSU,associate_professor,81547.0
NCSU,professor,76525.0
NCSU,professor,129260.0
NCSU,professor,145101.0
NCSU,professor,141510.0
NCSU,professor,132744.0
NCSU,associate_professor,127211.0
NCSU,associate_professor,133521.0
NCSU,associate_professor,119484.0
NCSU,assistant_professor,114000.0
NCSU,professor,124620.0
NCSU,associate_professor,100628.0
NCSU,professor,166860.0
NCSU,assistant_professor,112122.0
NCSU,professor,102565.0
NCSU,lecturer,57954.0
NCSU,assistant_professor,83000.0
NCSU,professor,148151.0
NCSU,associate_professor,63065.0
NCSU,associate_professor,221472.0
NCSU,associate_professor,82461.0
NCSU,professor,114195.0
NCSU,lecturer,71717.0
NCSU,assistant_professor,93000.0
NCSU,associate_professor,86782.0
NCSU,lecturer,54973.0
NCSU,professor,157219.0
NCSU,professor,122741.0
NCSU,associate_professor,214060.0
NCSU,associate_professor,104680.0
NCSU,assistant_professor,53444.0
NCSU,lecturer,56229.0
NCSU,professor,181867.0
NCSU,lecturer,53331.0
NCSU,associate_professor,215040.0
NCSU,associate_professor,115387.0
NCSU,assistant_professor,80628.0
NCSU,associate_professor,163333.0
NCSU,professor,153923.0
NCSU,assistant_professor,90763.0
NCSU,professor,154116.0
NCSU,lecturer,74912.0
NCSU,associate_professor,149502.0
NCSU,assistant_professor,127865.0
NCSU,professor,213763.0
NCSU,professor,154890.0
NCSU,assistant_professor,82400.0
NCSU,professor,244110.0
NCSU,assistant_professor,132400.0
NCSU,assistant_professor,144200.0
NCSU,associate_professor,114765.0
NCSU,assistant_professor,75027.0
NCSU,associate_professor,63110.0
NCSU,professor,128941.0
NCSU,associate_professor,118019.0
NCSU,associate_professor,95925.0
NCSU,assistant_professor,98664.0
NCSU,professor,95631.0
NCSU,associate_professor,104568.0
NCSU,assistant_professor,80340.0
NCSU,professor,139050.0
NCSU,lecturer,74587.0
NCSU,professor,187295.0
NCSU,assistant_professor,76088.0
NCSU,lecturer,57430.0
NCSU,professor,125877.0
NCSU,associate_professor,113445.0
NCSU,professor,216750.0
NCSU,administrator,276193.0
NCSU,associate_professor,109092.0
NCSU,assistant_professor,78280.0
NCSU,lecturer,49583.0
NCSU,lecturer,60000.0
NCSU,assistant_professor,58710.0
NCSU,assistant_professor,105345.0
NCSU,professor,123743.0
NCSU,professor,93359.0
NCSU,assistant_professor,50716.0
NCSU,associate_professor,108174.0
NCSU,associate_professor,62961.0
NCSU,assistant_professor,144200.0
NCSU,associate_professor,83430.0
NCSU,assistant_professor,128899.0
NCSU,assistant_professor,108212.0
NCSU,assistant_professor,86520.0
NCSU,professor,185366.0
NCSU,assistant_professor,105060.0
NCSU,assistant_professor,66233.0
NCSU,administrator,234101.0
NCSU,assistant_professor,74160.0
NCSU,assistant_professor,123600.0
NCSU,associate_professor,105719.0
NCSU,professor,200564.0
NCSU,associate_professor,108580.0
NCSU,assistant_professor,146192.0
NCSU,professor,135156.0
NCSU,assistant_professor,80340.0
NCSU,professor,167070.0
NCSU,professor,295484.0
NCSU,professor,176416.0
NCSU,professor,184536.0
NCSU,professor,200637.0
NCSU,administrator,147290.0
NCSU,professor,177238.0
NCSU,associate_professor,274777.0
NCSU,lecturer,55777.0
NCSU,associate_professor,159984.0
NCSU,professor,175206.0
NCSU,assistant_professor,74160.0
NCSU,professor,209040.0
NCSU,assistant_professor,107561.0
NCSU,assistant_professor,108150.0
NCSU,assistant_professor,131758.0
NCSU,assistant_professor,141778.0
NCSU,professor,142195.0
NCSU,associate_professor,180353.0
NCSU,assistant_professor,100786.0
NCSU,professor,127021.0
NCSU,assistant_professor,111395.0
NCSU,associate_professor,150750.0
NCSU,professor,100833.0
NCSU,assistant_professor,118057.0
NCSU,professor,234495.0
NCSU,associate_professor,82750.0
NCSU,associate_professor,111095.0
NCSU,assistant_professor,92700.0
NCSU,assistant_professor,63860.0
NCSU,associate_professor,140345.0
NCSU,assistant_professor,105029.0
NCSU,associate_professor,86252.0
NCSU,associate_professor,89252.0
NCSU,associate_professor,127237.0
NCSU,professor,251421.0
NCSU,professor,211380.0
NCSU,associate_professor,105288.0
NCSU,associate_professor,102085.0
NCSU,professor,141777.0
NCSU,associate_professor,140345.0
NCSU,professor,137021.0
NCSU,assistant_professor,84000.0
NCSU,associate_professor,125157.0
NCSU,associate_professor,110693.0
NCSU,associate_professor,108942.0
NCSU,assistant_professor,132400.0
NCSU,lecturer,122850.0
NCSU,assistant_professor,117024.0
NCSU,assistant_professor,133900.0
NCSU,assistant_professor,132400.0
NCSU,associate_professor,121367.0
NCSU,administrator,237536.0
NCSU,lecturer,55806.0
NCSU,professor,161152.0
NCSU,associate_professor,67096.0
NCSU,lecturer,46350.0
NCSU,professor,216300.0
NCSU,professor,122488.0
NCSU,assistant_professor,90640.0
NCSU,assistant_professor,148454.0
NCSU,assistant_professor,84872.0
NCSU,assistant_professor,80340.0
NCSU,assistant_professor,82000.0
NCSU,professor,133087.0
NCSU,professor,196428.0
NCSU,assistant_professor,112683.0
NCSU,professor,250000.0
NCSU,assistant_professor,82000.0
NCSU,professor,156863.0
NCSU,professor,183013.0
NCSU,professor,79977.0
NCSU,professor,112239.0
NCSU,professor,133784.0
NCSU,professor,144785.0
NCSU,professor,141594.0
NCSU,lecturer,88090.0
NCSU,associate_professor,160386.0
NCSU,assistant_professor,72141.0
NCSU,professor,197209.0
NCSU,associate_professor,78975.0
NCSU,professor,168535.0
NCSU,assistant_professor,107000.0
NCSU,associate_professor,91872.0
NCSU,assistant_professor,102059.0
NCSU,assistant_professor,113092.0
NCSU,professor,195060.0
NCSU,associate_professor,151795.0
NCSU,administrator,150722.0
NCSU,administrator,226600.0
NCSU,lecturer,42966.0
NCSU,assistant_professor,66200.0
NCSU,assistant_professor,99300.0
NCSU,associate_professor,90817.0
NCSU,professor,194895.0
NCSU,professor,134491.0
NCSU,professor,150020.0
NCSU,professor,137767.0
NCSU,assistant_professor,90151.0
NCSU,lecturer,58678.0
NCSU,professor,137917.0
NCSU,professor,123600.0
NCSU,professor,151697.0
NCSU,associate_professor,208042.0
NCSU,assistant_professor,104346.0
NCSU,associate_professor,113644.0
NCSU,assistant_professor,132154.0
NCSU,professor,148732.0
NCSU,assistant_professor,96305.0
NCSU,professor,119759.0
NCSU,assistant_professor,107344.0
NCSU,associate_professor,245602.0
NCSU,professor,118316.0
NCSU,assistant_professor,82750.0
NCSU,professor,195803.0
NCSU,professor,117051.0
NCSU,professor,187395.0
NCSU,lecturer,93440.0
NCSU,professor,217634.0
NCSU,associate_professor,118450.0
NCSU,associate_professor,122972.0
NCSU,assistant_professor,90473.0
NCSU,associate_professor,96125.0
NCSU,assistant_professor,92700.0
NCSU,professor,145513.0
NCSU,assistant_professor,148950.0
NCSU,professor,130224.0
NCSU,professor,151868.0
NCSU,lecturer,50000.0
NCSU,associate_professor,104209.0
NCSU,associate_professor,89483.0
NCSU,assistant_professor,99492.0
NCSU,lecturer,92500.0
NCSU,assistant_professor,95275.0
NCSU,assistant_professor,138119.0
NCSU,assistant_professor,106090.0
NCSU,associate_professor,87973.0
NCSU,professor,189654.0
NCSU,associate_professor,82092.0
NCSU,professor,126097.0
NCSU,professor,85441.0
NCSU,assistant_professor,75022.0
NCSU,associate_professor,105656.0
NCSU,professor,219891.0
NCSU,professor,195834.0
NCSU,professor,110535.0
NCSU,lecturer,55734.0
NCSU,professor,247745.0
NCSU,professor,174979.0
NCSU,professor,230102.0
NCSU,professor,149335.0
NCSU,associate_professor,108159.0
NCSU,assistant_professor,92000.0
NCSU,assistant_professor,58710.0
NCSU,associate_professor,141065.0
NCSU,lecturer,62049.0
NCSU,assistant_professor,152261.0
NCSU,lecturer,115000.0
NCSU,assistant_professor,82750.0
NCSU,professor,137909.0
NCSU,associate_professor,93674.0
NCSU,assistant_professor,88165.0
NCSU,administrator,206000.0
NCSU,associate_professor,115387.0
NCSU,associate_professor,116699.0
NCSU,associate_professor,113300.0
NCSU,professor,228889.0
NCSU,assistant_professor,72100.0
NCSU,associate_professor,106697.0
NCSU,associate_professor,81889.0
NCSU,assistant_professor,58710.0
NCSU,professor,138610.0
NCSU,professor,193212.0
NCSU,professor,115444.0
NCSU,associate_professor,89332.0
NCSU,assistant_professor,152440.0
NCSU,associate_professor,83217.0
NCSU,assistant_professor,99300.0
NCSU,professor,139230.0
NCSU,professor,213051.0
NCSU,associate_professor,88411.0
NCSU,professor,143437.0
NCSU,professor,136067.0
NCSU,associate_professor,130000.0
NCSU,associate_professor,240000.0
NCSU,lecturer,64377.0
NCSU,professor,114177.0
NCSU,lecturer,56192.0
NCSU,assistant_professor,113300.0
NCSU,professor,161033.0
NCSU,professor,233860.0
NCSU,assistant_professor,77234.0
NCSU,associate_professor,163735.0
NCSU,professor,143051.0
NCSU,professor,146066.0
NCSU,associate_professor,69507.0
NCSU,assistant_professor,92700.0
NCSU,lecturer,77560.0
NCSU,assistant_professor,103000.0
NCSU,assistant_professor,97850.0
NCSU,professor,185789.0
NCSU,associate_professor,115925.0
NCSU,professor,119733.0
NCSU,assistant_professor,90177.0
NCSU,associate_professor,110869.0
NCSU,assistant_professor,76220.0
NCSU,associate_professor,108150.0
NCSU,professor,170973.0
NCSU,professor,150572.0
NCSU,assistant_professor,82000.0
NCSU,associate_professor,101740.0
NCSU,administrator,184592.0
NCSU,assistant_professor,71718.0
NCSU,professor,116283.0
NCSU,professor,108489.0
NCSU,assistant_professor,82000.0
NCSU,assistant_professor,108150.0
NCSU,professor,117432.0
NCSU,assistant_professor,133203.0
NCSU,assistant_professor,105060.0
NCSU,assistant_professor,96542.0
NCSU,assistant_professor,90125.0
NCSU,administrator,324450.0
NCSU,professor,144134.0
NCSU,professor,150253.0
NCSU,administrator,152239.0
NCSU,professor,188730.0
NCSU,assistant_professor,87743.0
NCSU,associate_professor,63791.0
NCSU,assistant_professor,59529.0
NCSU,assistant_professor,132400.0
NCSU,assistant_professor,108150.0
NCSU,assistant_professor,220000.0
NCSU,associate_professor,90557.0
NCSU,assistant_professor,71718.0
NCSU,associate_professor,108942.0
NCSU,administrator,176534.0
NCSU,professor,128983.0
NCSU,lecturer,49480.0
NCSU,assistant_professor,92700.0
NCSU,associate_professor,109184.0
NCSU,professor,157521.0
NCSU,assistant_professor,82750.0
NCSU,professor,133955.0
NCSU,associate_professor,89322.0
NCSU,associate_professor,156560.0
NCSU,professor,154738.0
NCSU,professor,135544.0
NCSU,professor,148699.0
NCSU,lecturer,55734.0
NCSU,assistant_professor,105060.0
NCSU,professor,203771.0
NCSU,professor,196623.0
NCSU,professor,175552.0
NCSU,professor,152786.0
NCSU,professor,246206.0
NCSU,professor,234507.0
NCSU,administrator,206000.0
NCSU,lecturer,55777.0
NCSU,professor,163327.0
NCSU,professor,76735.0
NCSU,professor,121524.0
NCSU,associate_professor,150966.0
NCSU,professor,187614.0
NCSU,lecturer,49583.0
NCSU,assistant_professor,98831.0
NCSU,associate_professor,117251.0
NCSU,associate_professor,112573.0
NCSU,professor,194915.0
NCSU,professor,146854.0
NCSU,lecturer,50000.0
NCSU,professor,158048.0
NCSU,professor,212261.0
NCSU,assistant_professor,103438.0
NCSU,assistant_professor,143856.0
NCSU,lecturer,49583.0
NCSU,associate_professor,101242.0
NCSU,professor,311408.0
NCSU,professor,205485.0
NCSU,associate_professor,91711.0
NCSU,professor,136648.0
NCSU,lecturer,56439.0
NCSU,professor,141791.0
NCSU,associate_professor,89041.0
NCSU,professor,123600.0
NCSU,professor,139936.0
NCSU,administrator,176534.0
NCSU,associate_professor,146569.0
NCSU,professor,159350.0
NCSU,professor,145694.0
NCSU,assistant_professor,71718.0
NCSU,assistant_professor,120000.0
NCSU,administrator,212180.0
NCSU,professor,153708.0
NCSU,professor,140037.0
NCSU,professor,130582.0
NCSU,professor,130707.0
NCSU,professor,120790.0
NCSU,assistant_professor,92700.0
NCSU,associate_professor,68152.0
NCSU,lecturer,74227.0
NCSU,assistant_professor,42363.0
NCSU,associate_professor,91128.0
NCSU,professor,241274.0
NCSU,assistant_professor,116699.0
NCSU,lecturer,108547.0
NCSU,professor,149505.0
NCSU,professor,132266.0
NCSU,assistant_professor,44655.0
NCSU,professor,171073.0
NCSU,assistant_professor,72100.0
NCSU,lecturer,102850.0
NCSU,professor,138226.0
NCSU,associate_professor,139280.0
NCSU,assistant_professor,82000.0
NCSU,associate_professor,161296.0
NCSU,assistant_professor,82750.0
NCSU,assistant_professor,103004.0
NCSU,lecturer,77234.0
NCSU,professor,146894.0
NCSU,professor,204096.0
NCSU,professor,133126.0
NCSU,associate_professor,76385.0
NCSU,associate_professor,111779.0
NCSU,professor,169565.0
NCSU,associate_professor,107987.0
NCSU,professor,239810.0
NCSU,professor,186139.0
NCSU,assistant_professor,135364.0
NCSU,associate_professor,158496.0
NCSU,assistant_professor,82750.0
NCSU,administrator,159650.0
NCSU,professor,143222.0
NCSU,professor,171134.0
NCSU,assistant_professor,117051.0
NCSU,professor,72311.0
NCSU,administrator,350293.0
NCSU,associate_professor,112455.0
NCSU,professor,174158.0
NCSU,associate_professor,157888.0
NCSU,associate_professor,112540.0
NCSU,professor,160264.0
NCSU,professor,122736.0
NCSU,professor,124999.0
NCSU,lecturer,77234.0
NCSU,associate_professor,107268.0
NCSU,professor,208090.0
NCSU,associate_professor,67541.0
NCSU,professor,185830.0
NCSU,professor,168815.0
NCSU,professor,158017.0
NCSU,assistant_professor,93359.0
NCSU,associate_professor,92718.0
NCSU,professor,131989.0
NCSU,associate_professor,115969.0
NCSU,associate_professor,139020.0
NCSU,associate_professor,129224.0
NCSU,professor,134444.0
NCSU,assistant_professor,105060.0
NCSU,associate_professor,115986.0
NCSU,administrator,173276.0
NCSU,professor,137939.0
NCSU,professor,169309.0
NCSU,professor,136911.0
NCSU,associate_professor,92287.0
NCSU,professor,85151.0
NCSU,professor,152794.0
NCSU,associate_professor,119266.0
NCSU,lecturer,103616.0
NCSU,professor,103484.0
NCSU,lecturer,46350.0
NCSU,professor,128755.0
NCSU,professor,224828.0
NCSU,associate_professor,105634.0
NCSU,administrator,191665.0
NCSU,professor,121331.0
NCSU,associate_professor,142705.0
NCSU,professor,161087.0
NCSU,assistant_professor,152440.0
NCSU,associate_professor,94916.0
NCSU,associate_professor,95963.0
NCSU,associate_professor,150664.0
NCSU,associate_professor,124171.0
NCSU,assistant_professor,143222.0
NCSU,professor,113078.0
NCSU,assistant_professor,108150.0
NCSU,professor,63021.0
NCSU,associate_professor,103360.0
NCSU,professor,157476.0
NCSU,assistant_professor,59450.0
NCSU,associate_professor,113300.0
NCSU,associate_professor,117598.0
NCSU,administrator,247200.0
NCSU,lecturer,56264.0
NCSU,professor,153351.0
NCSU,associate_professor,105068.0
NCSU,administrator,231368.0
NCSU,assistant_professor,92700.0
NCSU,associate_professor,149612.0
NCSU,professor,95160.0
NCSU,assistant_professor,102419.0
NCSU,administrator,463500.0
NCSU,associate_professor,97953.0
NCSU,associate_professor,102782.0
NCSU,associate_professor,77520.0
NCSU,lecturer,55748.0
NCSU,lecturer,100227.0
NCSU,professor,131164.0
NCSU,lecturer,55727.0
NCSU,associate_professor,63145.0
NCSU,associate_professor,106828.0
NCSU,professor,209197.0
NCSU,assistant_professor,154163.0
NCSU,professor,124926.0
NCSU,professor,113803.0
NCSU,professor,211825.0
NCSU,assistant_professor,108150.0
NCSU,associate_professor,127308.0
NCSU,professor,252201.0
NCSU,associate_professor,116472.0
NCSU,professor,131985.0
NCSU,professor,140064.0
NCSU,lecturer,55801.0
NCSU,professor,140643.0
NCSU,associate_professor,105956.0
NCSU,administrator,236810.0
NCSU,associate_professor,116737.0
NCSU,professor,124736.0
NCSU,professor,230653.0
NCSU,professor,150505.0
NCSU,assistant_professor,86672.0
NCSU,professor,225110.0
NCSU,assistant_professor,90177.0
NCSU,administrator,200850.0
NCSU,professor,197163.0
NCSU,associate_professor,143485.0
NCSU,associate_professor,142701.0
NCSU,assistant_professor,87621.0
NCSU,associate_professor,127237.0
NCSU,administrator,220667.0
NCSU,lecturer,51500.0
NCSU,assistant_professor,99300.0
NCSU,professor,109869.0
NCSU,professor,113300.0
NCSU,assistant_professor,104817.0
NCSU,assistant_professor,99910.0
NCSU,professor,112810.0
NCSU,professor,137493.0
NCSU,professor,95161.0
NCSU,professor,180843.0
NCSU,assistant_professor,57350.0
NCSU,assistant_professor,110334.0
NCSU,assistant_professor,128750.0
NCSU,associate_professor,163114.0
NCSU,assistant_professor,160434.0
NCSU,assistant_professor,92500.0
NCSU,associate_professor,63103.0
NCSU,professor,146312.0
NCSU,lecturer,102107.0
NCSU,assistant_professor,52934.0
NCSU,professor,260466.0
NCSU,assistant_professor,72100.0
NCSU,professor,167765.0
NCSU,professor,147011.0
NCSU,professor,181547.0
NCSU,professor,150020.0
NCSU,associate_professor,121730.0
NCSU,assistant_professor,118450.0
NCSU,assistant_professor,110255.0
NCSU,associate_professor,109358.0
NCSU,professor,130421.0
NCSU,professor,141510.0
NCSU,associate_professor,96432.0
NCSU,professor,116733.0
NCSU,associate_professor,144889.0
NCSU,professor,151693.0
NCSU,administrator,171017.0
NCSU,lecturer,49540.0
NCSU,professor,206876.0
NCSU,assistant_professor,88606.0
NCSU,professor,174108.0
NCSU,associate_professor,116115.0
NCSU,professor,132422.0
NCSU,professor,176788.0
NCSU,associate_professor,114448.0
NCSU,associate_professor,99479.0
NCSU,lecturer,61979.0
NCSU,assistant_professor,100454.0
NCSU,assistant_professor,110000.0
NCSU,associate_professor,78901.0
NCSU,assistant_professor,154163.0
NCSU,assistant_professor,126064.0
NCSU,professor,143903.0
NCSU,assistant_professor,89711.0
NCSU,associate_professor,118415.0
NCSU,professor,153079.0
NCSU,associate_professor,105416.0
NCSU,professor,110303.0
NCSU,professor,133538.0
NCSU,associate_professor,63088.0
NCSU,professor,232199.0
NCSU,professor,147161.0
NCSU,assistant_professor,103438.0
NCSU,associate_professor,111755.0
NCSU,assistant_professor,92500.0
NCSU,professor,163210.0
NCSU,administrator,170000.0
NCSU,professor,134821.0
NCSU,assistant_professor,87000.0
NCSU,professor,68078.0
NCSU,associate_professor,199649.0
NCSU,professor,161781.0
NCSU,assistant_professor,150152.0
NCSU,professor,156564.0
NCSU,assistant_professor,109230.0
NCSU,lecturer,55618.0
NCSU,professor,184195.0
NCSU,associate_professor,116699.0
NCSU,assistant_professor,148526.0
NCSU,assistant_professor,44290.0
NCSU,professor,149334.0
NCSU,professor,143402.0
NCSU,professor,121112.0
NCSU,assistant_professor,82400.0
NCSU,associate_professor,91887.0
NCSU,assistant_professor,154467.0
NCSU,associate_professor,131745.0
NCSU,assistant_professor,59485.0
NCSU,professor,165201.0
NCSU,assistant_professor,142883.0
NCSU,associate_professor,92969.0
NCSU,professor,138460.0
NCSU,professor,162400.0
NCSU,professor,234946.0
NCSU,lecturer,53708.0
NCSU,assistant_professor,133900.0
NCSU,lecturer,47950.0
NCSU,professor,122478.0
NCSU,assistant_professor,105345.0
NCSU,assistant_professor,115113.0
NCSU,professor,107210.0
NCSU,assistant_professor,84605.0
NCSU,associate_professor,119517.0
NCSU,assistant_professor,85000.0
NCSU,assistant_professor,118450.0
NCSU,associate_professor,138963.0
NCSU,professor,143403.0
NCSU,professor,140006.0
NCSU,professor,206500.0
NCSU,professor,233810.0
NCSU,assistant_professor,86520.0
NCSU,associate_professor,115387.0
NCSU,lecturer,67740.0
NCSU,professor,137265.0
NCSU,associate_professor,111637.0
NCSU,associate_professor,127249.0
NCSU,assistant_professor,112122.0
NCSU,associate_professor,133806.0
NCSU,professor,191459.0
NCSU,assistant_professor,101507.0
NCSU,professor,192553.0
NCSU,assistant_professor,99300.0
NCSU,associate_professor,128512.0
NCSU,associate_professor,92648.0
NCSU,associate_professor,99521.0
NCSU,assistant_professor,106055.0
NCSU,assistant_professor,105060.0
NCSU,assistant_professor,102775.0
NCSU,associate_professor,116282.0
NCSU,associate_professor,108002.0
NCSU,associate_professor,130007.0
NCSU,lecturer,85000.0
NCSU,associate_professor,118651.0
NCSU,associate_professor,84070.0
NCSU,professor,135374.0
NCSU,professor,117051.0
NCSU,professor,161047.0
NCSU,professor,239242.0
NCSU,professor,217014.0
NCSU,assistant_professor,94000.0
NCSU,lecturer,51500.0
NCSU,administrator,207801.0
NCSU,lecturer,46350.0
NCSU,assistant_professor,71718.0
NCSU,associate_professor,145343.0
NCSU,associate_professor,232979.0
NCSU,professor,127064.0
NCSU,professor,159650.0
NCSU,lecturer,61730.0
NCSU,professor,161595.0
NCSU,professor,120864.0
NCSU,assistant_professor,103863.0
NCSU,assistant_professor,81434.0
NCSU,professor,161643.0
NCSU,professor,267800.0
NCSU,professor,147470.0
NCSU,assistant_professor,144200.0
NCSU,administrator,247152.0
NCSU,professor,134029.0
NCSU,professor,236900.0
NCSU,professor,141978.0
NCSU,assistant_professor,73130.0
NCSU,lecturer,63966.0
NCSU,associate_professor,86005.0
NCSU,assistant_professor,86994.0
NCSU,professor,150086.0
NCSU,professor,213171.0
NCSU,professor,171092.0
NCSU,assistant_professor,116699.0
NCSU,assistant_professor,95481.0
NCSU,associate_professor,135795.0
NCSU,lecturer,55875.0
NCSU,professor,171017.0
NCSU,professor,178406.0
NCSU,lecturer,49438.0
NCSU,administrator,163826.0
NCSU,professor,141071.0
NCSU,assistant_professor,131840.0
NCSU,associate_professor,168115.0
NCSU,assistant_professor,92700.0
NCSU,professor,126267.0
NCSU,professor,146657.0
NCSU,professor,306405.0
NCSU,associate_professor,122266.0
NCSU,associate_professor,185658.0
NCSU,associate_professor,124795.0
NCSU,assistant_professor,79310.0
NCSU,assistant_professor,154163.0
NCSU,associate_professor,146312.0
NCSU,assistant_professor,95790.0
NCSU,assistant_professor,80340.0
NCSU,assistant_professor,113300.0
NCSU,professor,104308.0
NCSU,associate_professor,110690.0
NCSU,professor,148059.0
NCSU,associate_professor,122570.0
NCSU,assistant_professor,111395.0
NCSU,professor,199163.0
NCSU,professor,214325.0
NCSU,professor,137168.0
NCSU,professor,151866.0
NCSU,assistant_professor,139050.0
NCSU,associate_professor,66979.0
NCSU,professor,157189.0
NCSU,associate_professor,93076.0
NCSU,assistant_professor,103000.0
NCSU,associate_professor,111912.0
NCSU,professor,192670.0
NCSU,associate_professor,85490.0
NCSU,professor,194986.0
NCSU,assistant_professor,80628.0
NCSU,professor,316167.0
NCSU,administrator,157624.0
NCSU,professor,191861.0
NCSU,professor,222664.0
NCSU,associate_professor,89272.0
NCSU,assistant_professor,75190.0
NCSU,professor,107247.0
NCSU,professor,247573.0
NCSU,professor,112000.0
NCSU,assistant_professor,162694.0
NCSU,associate_professor,109183.0
NCSU,assistant_professor,57364.0
NCSU,professor,151868.0
NCSU,professor,141053.0
NCSU,professor,95920.0
NCSU,assistant_professor,130000.0
NCSU,assistant_professor,144200.0
NCSU,associate_professor,129430.0
NCSU,assistant_professor,72615.0
NCSU,professor,147362.0
NCSU,professor,289573.0
NCSU,assistant_professor,110334.0
NCSU,assistant_professor,97850.0
NCSU,professor,192198.0
NCSU,associate_professor,115785.0
NCSU,associate_professor,81844.0
NCSU,assistant_professor,82400.0
NCSU,professor,252783.0
NCSU,assistant_professor,59450.0
NCSU,assistant_professor,150000.0
NCSU,associate_professor,111219.0
NCSU,lecturer,60497.0
NCSU,professor,99776.0
NCSU,professor,151367.0
NCSU,professor,210000.0
NCSU,professor,125000.0
NCSU,assistant_professor,97850.0
NCSU,professor,140461.0
NCSU,assistant_professor,80228.0
NCSU,associate_professor,116724.0
NCSU,associate_professor,116953.0
NCSU,professor,193400.0
NCSU,associate_professor,128288.0
NCSU,professor,215639.0
NCSU,professor,125905.0
NCSU,associate_professor,148148.0
NCSU,assistant_professor,52512.0
NCSU,professor,252252.0
NCSU,lecturer,59886.0
NCSU,professor,131237.0
NCSU,lecturer,74485.0
NCSU,professor,124974.0
NCSU,associate_professor,112954.0
NCSU,professor,116337.0
NCSU,assistant_professor,82655.0
NCSU,assistant_professor,73292.0
NCSU,professor,68058.0
NCSU,professor,113789.0
NCSU,assistant_professor,85490.0
NCSU,associate_professor,168109.0
NCSU,associate_professor,196797.0
NCSU,professor,183507.0
NCSU,assistant_professor,72100.0
NCSU,professor,109733.0
NCSU,lecturer,55618.0
NCSU,assistant_professor,96910.0
NCSU,associate_professor,120198.0
NCSU,associate_professor,111207.0
NCSU,associate_professor,105656.0
NCSU,assistant_professor,99300.0
NCSU,assistant_professor,98000.0
NCSU,associate_professor,129324.0
NCSU,professor,164440.0
NCSU,professor,158282.0
NCSU,professor,93540.0
NCSU,associate_professor,185658.0
NCSU,professor,154671.0
NCSU,administrator,137917.0
NCSU,professor,186047.0
NCSU,assistant_professor,103068.0
NCSU,administrator,176599.0
NCSU,administrator,319747.0
NCSU,assistant_professor,79310.0
NCSU,professor,164639.0
NCSU,associate_professor,134946.0
NCSU,assistant_professor,115113.0
NCSU,associate_professor,142684.0
NCSU,associate_professor,103725.0
NCSU,professor,152149.0
NCSU,professor,94810.0
NCSU,assistant_professor,75190.0
NCSU,associate_professor,89879.0
NCSU,professor,145158.0
NCSU,associate_professor,122697.0
NCSU,professor,260755.0
NCSU,associate_professor,150171.0
NCSU,assistant_professor,82511.0
NCSU,assistant_professor,109627.0
NCSU,professor,195736.0
NCSU,assistant_professor,82400.0
NCSU,professor,177281.0
NCSU,professor,118712.0
NCSU,assistant_professor,80628.0
NCSU,professor,117399.0
NCSU,associate_professor,146377.0
NCSU,professor,120402.0
NCSU,lecturer,108060.0
NCSU,assistant_professor,82000.0
NCSU,professor,132613.0
NCSU,professor,227409.0
NCSU,professor,116885.0
NCSU,assistant_professor,87550.0
NCSU,administrator,189751.0
NCSU,professor,213186.0
NCSU,assistant_professor,185000.0
NCSU,assistant_professor,113300.0
NCSU,assistant_professor,80340.0
NCSU,assistant_professor,92700.0
NCSU,professor,132700.0
NCSU,professor,99300.0
NCSU,associate_professor,115574.0
NCSU,assistant_professor,101846.0
NCSU,associate_professor,162678.0
NCSU,lecturer,77250.0
NCSU,professor,167359.0
NCSU,professor,106790.0
NCSU,lecturer,101633.0
NCSU,associate_professor,148888.0
NCSU,professor,144679.0
NCSU,associate_professor,125000.0
NCSU,professor,148526.0
NCSU,professor,131277.0
NCSU,professor,176025.0
NCSU,professor,63713.0
NCSU,assistant_professor,76513.0
NCSU,professor,153300.0
NCSU,associate_professor,167499.0
NCSU,professor,150831.0
NCSU,associate_professor,122248.0
NCSU,professor,152451.0
NCSU,associate_professor,160680.0
NCSU,associate_professor,161200.0
NCSU,associate_professor,124625.0
NCSU,professor,146051.0
NCSU,assistant_professor,117051.0
NCSU,professor,226824.0
NCSU,professor,194011.0
NCSU,professor,152889.0
NCSU,associate_professor,163036.0
NCSU,lecturer,49583.0
NCSU,professor,146745.0
NCSU,assistant_professor,53393.0
NCSU,assistant_professor,98133.0
NCSU,associate_professor,78681.0
NCSU,professor,160680.0
NCSU,lecturer,50000.0
NCSU,professor,175479.0
NCSU,lecturer,54000.0
NCSU,assistant_professor,132400.0
NCSU,associate_professor,125557.0
NCSU,professor,220107.0
NCSU,professor,165163.0
NCSU,assistant_professor,132400.0
NCSU,lecturer,120000.0
NCSU,assistant_professor,114195.0
NCSU,professor,144200.0
NCSU,associate_professor,163402.0
NCSU,associate_professor,149635.0
NCSU,associate_professor,117779.0
NCSU,professor,152933.0
NCSU,professor,145671.0
NCSU,associate_professor,119282.0
NCSU,assistant_professor,120000.0
NCSU,assistant_professor,61089.0
NCSU,professor,180053.0
NCSU,associate_professor,99040.0
NCSU,assistant_professor,103000.0
NCSU,administrator,175049.0
NCSU,assistant_professor,89599.0
NCSU,lecturer,54756.0
NCSU,assistant_professor,103000.0
NCSU,lecturer,61026.0
NCSU,lecturer,55618.0
NCSU,associate_professor,111666.0
NCSU,assistant_professor,114390.0
NCSU,professor,125469.0
NCSU,associate_professor,93712.0
NCSU,associate_professor,91606.0
NCSU,associate_professor,140460.0
NCSU,professor,131705.0
NCSU,associate_professor,114644.0
NCSU,lecturer,49226.0
NCSU,assistant_professor,101834.0
NCSU,professor,157755.0
NCSU,assistant_professor,72100.0
NCSU,associate_professor,129854.0
NCSU,assistant_professor,123600.0
NCSU,associate_professor,118491.0
NCSU,associate_professor,114188.0
NCSU,assistant_professor,112752.0
NCSU,lecturer,97700.0
NCSU,professor,132226.0
NCSU,administrator,342722.0
NCSU,administrator,230100.0
NCSU,professor,127296.0
NCSU,lecturer,83409.0
NCSU,lecturer,70980.0
NCSU,associate_professor,133344.0
NCSU,associate_professor,67363.0
NCSU,assistant_professor,82000.0
NCSU,associate_professor,106581.0
NCSU,lecturer,56000.0
NCSU,associate_professor,85000.0
NCSU,professor,135809.0
NCSU,associate_professor,151149.0
NCSU,assistant_professor,93784.0
NCSU,professor,126345.0
NCSU,associate_professor,159135.0
NCSU,professor,143702.0
NCSU,assistant_professor,128899.0
NCSU,associate_professor,93455.0
NCSU,professor,167433.0
NCSU,associate_professor,163765.0
NCSU,professor,202322.0
NCSU,administrator,181026.0
NCSU,professor,144804.0
NCSU,administrator,119044.0
NCSU,lecturer,58194.0
NCSU,professor,114367.0
NCSU,professor,296365.0
NCSU,assistant_professor,99492.0
NCSU,professor,156846.0
NCSU,lecturer,61848.0
NCSU,professor,146350.0
NCSU,professor,154235.0
NCSU,associate_professor,100056.0
NCSU,professor,196711.0
NCSU,associate_professor,81750.0
NCSU,professor,209191.0
NCSU,professor,215286.0
NCSU,associate_professor,134946.0
NCSU,professor,268844.0
NCSU,lecturer,57653.0
NCSU,assistant_professor,103940.0
NCSU,associate_professor,100090.0
NCSU,assistant_professor,75190.0
NCSU,lecturer,95924.0
NCSU,associate_professor,99852.0
NCSU,associate_professor,172293.0
NCSU,lecturer,79677.0
NCSU,associate_professor,140345.0
NCSU,assistant_professor,148950.0
NCSU,associate_professor,91711.0
NCSU,lecturer,97815.0
NCSU,associate_professor,122332.0
NCSU,assistant_professor,92989.0
NCSU,associate_professor,108741.0
NCSU,lecturer,64240.0
NCSU,professor,212750.0
NCSU,assistant_professor,92082.0
NCSU,professor,150395.0
NCSU,assistant_professor,87550.0
NCSU,associate_professor,139020.0
NCSU,assistant_professor,87550.0
NCSU,associate_professor,146260.0
NCSU,assistant_professor,93009.0
NCSU,associate_professor,131021.0
NCSU,professor,197815.0
NCSU,professor,127026.0
NCSU,professor,150253.0
NCSU,associate_professor,137917.0
NCSU,assistant_professor,127308.0
NCSU,professor,170000.0
NCSU,assistant_professor,127308.0
NCSU,assistant_professor,132400.0
NCSU,associate_professor,118338.0
NCSU,assistant_professor,117024.0
NCSU,professor,152628.0
NCSU,professor,125987.0
NCSU,professor,206027.0
NCSU,assistant_professor,99300.0
NCSU,professor,194670.0
NCSU,assistant_professor,112752.0
NCSU,associate_professor,108150.0
NCSU,professor,181144.0
NCSU,professor,177282.0
NCSU,associate_professor,116802.0
NCSU,professor,245799.0
NCSU,assistant_professor,59516.0
NCSU,professor,207050.0
NCSU,associate_professor,103431.0
NCSU,assistant_professor,134056.0
NCSU,professor,160039.0
NCSU,associate_professor,96418.0
NCSU,professor,198600.0
NCSU,lecturer,97550.0
NCSU,associate_professor,106332.0
NCSU,professor,140909.0
NCSU,professor,132098.0
NCSU,associate_professor,143485.0
NCSU,associate_professor,140385.0
NCSU,professor,150204.0
NCSU,professor,150264.0
NCSU,assistant_professor,57350.0
NCSU,professor,134438.0
NCSU,professor,257796.0
NCSU,assistant_professor,74160.0
NCSU,associate_professor,120510.0
NCSU,assistant_professor,112270.0
NCSU,assistant_professor,59000.0
NCSU,professor,131210.0
NCSU,associate_professor,63065.0
NCSU,assistant_professor,101846.0
NCSU,professor,150369.0
NCSU,administrator,213282.0
NCSU,assistant_professor,108150.0
NCSU,assistant_professor,101507.0
NCSU,associate_professor,108942.0
NCSU,professor,181786.0
NCSU,professor,157233.0
NCSU,assistant_professor,125145.0
NCSU,assistant_professor,99300.0
NCSU,professor,169369.0
NCSU,associate_professor,116802.0
NCSU,professor,233998.0
NCSU,assistant_professor,112122.0
NCSU,professor,214252.0
NCSU,associate_professor,101505.0
NCSU,lecturer,75547.0
NCSU,professor,113300.0
NCSU,assistant_professor,97248.0
NCSU,assistant_professor,190550.0
NCSU,associate_professor,132400.0
NCSU,assistant_professor,95000.0
NCSU,professor,171017.0
NCSU,associate_professor,153831.0
NCSU,professor,125210.0
NCSU,associate_professor,123795.0
NCSU,professor,204078.0
UNC-CH,associate_professor,204000.0
UNC-CH,administrator,149350.0
UNC-CH,professor,162200.0
UNC-CH,associate_professor,64591.0
UNC-CH,professor,134396.0
UNC-CH,associate_professor,205000.0
UNC-CH,professor,71826.0
UNC-CH,associate_professor,267080.0
UNC-CH,professor,155167.0
UNC-CH,associate_professor,125357.0
UNC-CH,administrator,441334.0
UNC-CH,professor,151642.0
UNC-CH,assistant_professor,123501.0
UNC-CH,professor,120967.0
UNC-CH,professor,240000.0
UNC-CH,associate_professor,166200.0
UNC-CH,associate_professor,363075.0
UNC-CH,professor,129062.0
UNC-CH,professor,154571.0
UNC-CH,professor,190324.0
UNC-CH,professor,172648.0
UNC-CH,professor,159135.0
UNC-CH,professor,306468.0
UNC-CH,associate_professor,208000.0
UNC-CH,professor,220200.0
UNC-CH,associate_professor,59832.0
UNC-CH,professor,204538.0
UNC-CH,professor,504367.0
UNC-CH,professor,137861.0
UNC-CH,assistant_professor,113300.0
UNC-CH,professor,137917.0
UNC-CH,professor,300000.0
UNC-CH,associate_professor,124824.0
UNC-CH,professor,118018.0
UNC-CH,lecturer,79088.0
UNC-CH,associate_professor,159878.0
UNC-CH,professor,150064.0
UNC-CH,associate_professor,77883.0
UNC-CH,lecturer,154425.0
UNC-CH,professor,136139.0
UNC-CH,associate_professor,147760.0
UNC-CH,professor,214000.0
UNC-CH,professor,159437.0
UNC-CH,professor,178696.0
UNC-CH,professor,163261.0
UNC-CH,lecturer,86557.0
UNC-CH,professor,376330.0
UNC-CH,professor,142687.0
UNC-CH,professor,267132.0
UNC-CH,professor,136219.0
UNC-CH,associate_professor,174112.0
UNC-CH,lecturer,89034.97
UNC-CH,professor,118233.0
UNC-CH,professor,195000.0
UNC-CH,associate_professor,93563.0
UNC-CH,associate_professor,315000.0
UNC-CH,associate_professor,241780.0
UNC-CH,professor,212026.0
UNC-CH,lecturer,198913.0
UNC-CH,associate_professor,97335.0
UNC-CH,assistant_professor,262900.8
UNC-CH,assistant_professor,240000.0
UNC-CH,assistant_professor,349208.03
UNC-CH,assistant_professor,190000.0
UNC-CH,professor,188027.0
UNC-CH,assistant_professor,224326.0
UNC-CH,assistant_professor,103500.0
UNC-CH,assistant_professor,82737.0
UNC-CH,assistant_professor,240000.0
UNC-CH,assistant_professor,261868.0
UNC-CH,professor,86717.0
UNC-CH,associate_professor,211900.0
UNC-CH,lecturer,86557.0
UNC-CH,associate_professor,180353.0
UNC-CH,associate_professor,211000.0
UNC-CH,assistant_professor,125000.0
UNC-CH,associate_professor,519421.0
UNC-CH,assistant_professor,250000.0
UNC-CH,associate_professor,59287.0
UNC-CH,associate_professor,139050.0
UNC-CH,associate_professor,370000.0
UNC-CH,assistant_professor,66950.0
UNC-CH,assistant_professor,296242.0
UNC-CH,professor,111594.0
UNC-CH,associate_professor,176578.0
UNC-CH,professor,174215.0
UNC-CH,assistant_professor,333302.0
UNC-CH,assistant_professor,250000.0
UNC-CH,assistant_professor,137700.0
UNC-CH,assistant_professor,90967.0
UNC-CH,associate_professor,63204.0
UNC-CH,associate_professor,212000.0
UNC-CH,professor,504367.0
UNC-CH,assistant_professor,215000.0
UNC-CH,lecturer,148100.0
UNC-CH,assistant_professor,115670.0
UNC-CH,professor,272950.0
UNC-CH,assistant_professor,97922.0
UNC-CH,assistant_professor,195000.0
UNC-CH,associate_professor,190700.0
UNC-CH,professor,212180.0
UNC-CH,assistant_professor,86000.0
UNC-CH,assistant_professor,90000.0
UNC-CH,assistant_professor,204117.0
UNC-CH,professor,216300.0
UNC-CH,associate_professor,221791.0
UNC-CH,assistant_professor,102000.0
UNC-CH,associate_professor,128541.0
UNC-CH,lecturer,72000.0
UNC-CH,assistant_professor,125000.0
UNC-CH,assistant_professor,84560.32
UNC-CH,associate_professor,133900.0
UNC-CH,assistant_professor,108150.0
UNC-CH,assistant_professor,101970.0
UNC-CH,professor,92753.0
UNC-CH,assistant_professor,100940.0
UNC-CH,assistant_professor,234000.0
UNC-CH,associate_professor,360727.0
UNC-CH,lecturer,178298.0
UNC-CH,associate_professor,151754.0
UNC-CH,assistant_professor,191321.0
UNC-CH,assistant_professor,49138.0
UNC-CH,professor,75784.0
UNC-CH,associate_professor,106291.0
UNC-CH,associate_professor,129012.0
UNC-CH,assistant_professor,328626.0
UNC-CH,assistant_professor,96285.0
UNC-CH,assistant_professor,95000.0
UNC-CH,associate_professor,374265.0
UNC-CH,professor,306000.0
UNC-CH,associate_professor,330000.0
UNC-CH,associate_professor,131840.0
UNC-CH,assistant_professor,90640.0
UNC-CH,assistant_professor,64375.0
UNC-CH,assistant_professor,65000.0
UNC-CH,assistant_professor,439992.0
UNC-CH,assistant_professor,445000.0
UNC-CH,assistant_professor,250000.0
UNC-CH,assistant_professor,244000.0
UNC-CH,administrator,368876.0
UNC-CH,professor,357892.0
UNC-CH,professor,103824.0
UNC-CH,associate_professor,173663.0
UNC-CH,assistant_professor,267101.0
UNC-CH,associate_professor,127484.0
UNC-CH,associate_professor,63737.0
UNC-CH,assistant_professor,141100.0
UNC-CH,associate_professor,118513.0
UNC-CH,assistant_professor,105000.0
UNC-CH,assistant_professor,159135.0
UNC-CH,professor,297221.6
UNC-CH,administrator,206876.0
UNC-CH,professor,120356.96
UNC-CH,professor,153164.0
UNC-CH,associate_professor,480000.0
UNC-CH,associate_professor,158812.0
UNC-CH,assistant_professor,113300.0
UNC-CH,professor,387070.0
UNC-CH,professor,245391.0
UNC-CH,assistant_professor,133900.0
UNC-CH,associate_professor,140500.0
UNC-CH,professor,71646.0
UNC-CH,professor,176360.0
UNC-CH,professor,140723.0
UNC-CH,professor,159991.0
UNC-CH,professor,148609.0
UNC-CH,associate_professor,124262.0
UNC-CH,professor,535000.0
UNC-CH,administrator,201571.0
UNC-CH,professor,380000.0
UNC-CH,associate_professor,128671.0
UNC-CH,professor,159435.0
UNC-CH,professor,355581.0
UNC-CH,professor,210397.0
UNC-CH,associate_professor,96035.0
UNC-CH,professor,360222.0
UNC-CH,lecturer,88883.85
UNC-CH,professor,153115.0
UNC-CH,professor,191250.0
UNC-CH,professor,142080.0
UNC-CH,professor,82879.0
UNC-CH,associate_professor,157019.0
UNC-CH,professor,131375.0
UNC-CH,professor,223122.75
UNC-CH,assistant_professor,133900.0
UNC-CH,associate_professor,108097.0
UNC-CH,professor,365000.0
UNC-CH,professor,143400.0
UNC-CH,professor,170803.0
UNC-CH,professor,160602.0
UNC-CH,professor,157834.0
UNC-CH,associate_professor,131363.0
UNC-CH,professor,240000.0
UNC-CH,professor,319624.0
UNC-CH,associate_professor,104468.0
UNC-CH,professor,365184.0
UNC-CH,professor,141877.0
UNC-CH,assistant_professor,324838.35
UNC-CH,professor,643750.0
UNC-CH,associate_professor,246269.0
UNC-CH,associate_professor,130491.0
UNC-CH,associate_professor,79625.0
UNC-CH,professor,182114.0
UNC-CH,assistant_professor,71249.0
UNC-CH,associate_professor,98754.0
UNC-CH,associate_professor,129598.0
UNC-CH,professor,278223.0
UNC-CH,assistant_professor,53560.0
UNC-CH,associate_professor,102435.0
UNC-CH,associate_professor,110793.0
UNC-CH,professor,463616.0
UNC-CH,assistant_professor,224326.0
UNC-CH,associate_professor,154478.0
UNC-CH,professor,269503.0
UNC-CH,professor,186328.0
UNC-CH,associate_professor,315264.0
UNC-CH,associate_professor,100532.0
UNC-CH,professor,203014.0
UNC-CH,associate_professor,121573.0
UNC-CH,professor,160188.0
UNC-CH,professor,190271.0
UNC-CH,professor,266281.0
UNC-CH,professor,152967.0
UNC-CH,professor,231619.0
UNC-CH,assistant_professor,206876.0
UNC-CH,professor,132738.0
UNC-CH,associate_professor,206650.0
UNC-CH,professor,298700.0
UNC-CH,professor,328570.0
UNC-CH,professor,450410.0
UNC-CH,administrator,203940.0
UNC-CH,professor,266360.0
UNC-CH,associate_professor,267080.0
UNC-CH,professor,232280.0
UNC-CH,professor,162914.0
UNC-CH,professor,270000.0
UNC-CH,professor,140994.0
UNC-CH,professor,392753.0
UNC-CH,professor,201167.0
UNC-CH,professor,335711.0
UNC-CH,professor,174654.0
UNC-CH,professor,297221.6
UNC-CH,associate_professor,123050.0
UNC-CH,professor,143671.0
UNC-CH,professor,162225.0
UNC-CH,professor,142198.0
UNC-CH,professor,280182.0
UNC-CH,professor,490626.0
UNC-CH,professor,162175.0
UNC-CH,professor,92641.0
UNC-CH,professor,266511.0
UNC-CH,associate_professor,195622.0
UNC-CH,assistant_professor,224326.0
UNC-CH,associate_professor,169023.0
UNC-CH,associate_professor,109247.0
UNC-CH,assistant_professor,138801.0
UNC-CH,assistant_professor,87524.0
UNC-CH,assistant_professor,103000.0
UNC-CH,assistant_professor,205607.0
UNC-CH,associate_professor,128604.0
UNC-CH,lecturer,97151.6
UNC-CH,assistant_professor,215000.0
UNC-CH,associate_professor,251658.0
UNC-CH,professor,148288.0
UNC-CH,assistant_professor,104000.0
UNC-CH,associate_professor,164440.0
UNC-CH,professor,133488.0
UNC-CH,assistant_professor,107100.0
UNC-CH,assistant_professor,82737.0
UNC-CH,professor,371527.0
UNC-CH,assistant_professor,68959.0
UNC-CH,assistant_professor,117420.0
UNC-CH,assistant_professor,463375.0
UNC-CH,associate_professor,142302.0
UNC-CH,lecturer,159135.0
UNC-CH,associate_professor,139050.0
UNC-CH,professor,247151.0
UNC-CH,professor,375000.0
UNC-CH,associate_professor,99932.0
UNC-CH,associate_professor,123600.0
UNC-CH,assistant_professor,325000.0
UNC-CH,associate_professor,332348.0
UNC-CH,lecturer,78045.0
UNC-CH,assistant_professor,86994.0
UNC-CH,associate_professor,94021.0
UNC-CH,assistant_professor,120927.0
UNC-CH,professor,371527.0
UNC-CH,professor,151091.0
UNC-CH,professor,395000.0
UNC-CH,associate_professor,221791.0
UNC-CH,assistant_professor,148526.0
UNC-CH,assistant_professor,226791.0
UNC-CH,associate_professor,119014.0
UNC-CH,assistant_professor,105000.0
UNC-CH,professor,250000.0
UNC-CH,associate_professor,127308.0
UNC-CH,professor,208669.0
UNC-CH,associate_professor,432931.0
UNC-CH,associate_professor,231209.0
UNC-CH,assistant_professor,439992.0
UNC-CH,professor,176604.0
UNC-CH,professor,242000.0
UNC-CH,assistant_professor,189000.0
UNC-CH,professor,150064.0
UNC-CH,professor,305516.0
UNC-CH,assistant_professor,327301.28
UNC-CH,assistant_professor,123600.0
UNC-CH,lecturer,80500.0
UNC-CH,associate_professor,376646.0
UNC-CH,associate_professor,80056.0
UNC-CH,associate_professor,119964.0
UNC-CH,lecturer,80500.0
UNC-CH,associate_professor,129200.0
UNC-CH,assistant_professor,133900.0
UNC-CH,associate_professor,243405.15
UNC-CH,assistant_professor,146312.0
UNC-CH,lecturer,88400.0
UNC-CH,lecturer,79300.0
UNC-CH,assistant_professor,95275.0
UNC-CH,lecturer,186541.0
UNC-CH,professor,264801.0
UNC-CH,assistant_professor,180000.0
UNC-CH,assistant_professor,281351.0
UNC-CH,professor,149350.0
UNC-CH,lecturer,57000.0
UNC-CH,lecturer,149350.0
UNC-CH,assistant_professor,152166.0
UNC-CH,lecturer,110000.0
UNC-CH,assistant_professor,357274.13
UNC-CH,assistant_professor,137917.0
UNC-CH,professor,338416.0
UNC-CH,assistant_professor,239437.59
UNC-CH,assistant_professor,92700.0
UNC-CH,professor,108954.0
UNC-CH,assistant_professor,250706.0
UNC-CH,associate_professor,320000.0
UNC-CH,assistant_professor,55167.0
UNC-CH,assistant_professor,62000.0
UNC-CH,associate_professor,104990.0
UNC-CH,associate_professor,279983.0
UNC-CH,associate_professor,127895.0
UNC-CH,associate_professor,154500.0
UNC-CH,assistant_professor,148950.0
UNC-CH,associate_professor,109026.0
UNC-CH,associate_professor,97391.0
UNC-CH,assistant_professor,142745.0
UNC-CH,lecturer,97151.6
UNC-CH,assistant_professor,105920.0
UNC-CH,professor,371527.0
UNC-CH,assistant_professor,104817.0
UNC-CH,assistant_professor,260000.0
UNC-CH,lecturer,191646.0
UNC-CH,assistant_professor,328626.0
UNC-CH,associate_professor,280000.0
UNC-CH,administrator,236900.0
UNC-CH,assistant_professor,66375.0
UNC-CH,professor,195700.0
UNC-CH,lecturer,93500.0
UNC-CH,professor,504057.0
UNC-CH,professor,175000.0
UNC-CH,professor,371527.0
UNC-CH,assistant_professor,74160.0
UNC-CH,assistant_professor,240000.0
UNC-CH,associate_professor,247296.0
UNC-CH,professor,589106.81
UNC-CH,assistant_professor,91026.0
UNC-CH,associate_professor,231003.0
UNC-CH,assistant_professor,97645.0
UNC-CH,associate_professor,525000.0
UNC-CH,assistant_professor,107500.0
UNC-CH,assistant_professor,201289.0
UNC-CH,lecturer,84460.0
UNC-CH,assistant_professor,78000.0
UNC-CH,professor,292500.0
UNC-CH,professor,169950.0
UNC-CH,lecturer,80500.0
UNC-CH,assistant_professor,86994.0
UNC-CH,lecturer,95982.0
UNC-CH,assistant_professor,114330.0
UNC-CH,assistant_professor,222612.0
UNC-CH,assistant_professor,198624.0
UNC-CH,associate_professor,220000.0
UNC-CH,associate_professor,209000.0
UNC-CH,professor,210622.0
UNC-CH,associate_professor,221791.0
UNC-CH,associate_professor,221791.0
UNC-CH,assistant_professor,98056.0
UNC-CH,associate_professor,221791.0
UNC-CH,associate_professor,119905.0
UNC-CH,assistant_professor,220200.15
UNC-CH,associate_professor,128177.0
UNC-CH,assistant_professor,208691.0
UNC-CH,professor,269024.0
UNC-CH,professor,113339.0
UNC-CH,lecturer,61285.0
UNC-CH,assistant_professor,55620.0
UNC-CH,associate_professor,145168.0
UNC-CH,assistant_professor,220200.0
UNC-CH,assistant_professor,202000.0
UNC-CH,associate_professor,27810.0
UNC-CH,associate_professor,170500.0
UNC-CH,professor,499844.0
UNC-CH,assistant_professor,209804.0
UNC-CH,assistant_professor,86520.0
UNC-CH,lecturer,75140.0
UNC-CH,assistant_professor,97064.0
UNC-CH,associate_professor,119663.0
UNC-CH,administrator,202554.0
UNC-CH,professor,352044.0
UNC-CH,assistant_professor,140675.0
UNC-CH,assistant_professor,56727.27
UNC-CH,assistant_professor,88580.0
UNC-CH,assistant_professor,124903.0
UNC-CH,assistant_professor,220000.0
UNC-CH,assistant_professor,129974.0
UNC-CH,professor,195700.0
UNC-CH,associate_professor,188836.0
UNC-CH,assistant_professor,110000.0
UNC-CH,assistant_professor,67980.0
UNC-CH,assistant_professor,115432.0
UNC-CH,lecturer,125000.0
UNC-CH,lecturer,61285.0
UNC-CH,professor,185406.0
UNC-CH,associate_professor,129200.0
UNC-CH,professor,482824.64
UNC-CH,assistant_professor,82737.0
UNC-CH,assistant_professor,101970.0
UNC-CH,assistant_professor,328626.0
UNC-CH,professor,270992.0
UNC-CH,associate_professor,148805.0
UNC-CH,assistant_professor,328626.0
UNC-CH,professor,257500.0
UNC-CH,professor,279779.0
UNC-CH,associate_professor,175049.0
UNC-CH,professor,78345.0
UNC-CH,assistant_professor,139050.0
UNC-CH,assistant_professor,84000.0
UNC-CH,assistant_professor,205400.0
UNC-CH,professor,215684.0
UNC-CH,associate_professor,123000.0
UNC-CH,associate_professor,147000.0
UNC-CH,assistant_professor,328626.0
UNC-CH,lecturer,85564.7
UNC-CH,associate_professor,200000.0
UNC-CH,assistant_professor,240000.0
UNC-CH,associate_professor,224000.0
UNC-CH,professor,504367.0
UNC-CH,associate_professor,80416.0
UNC-CH,lecturer,88400.0
UNC-CH,associate_professor,116761.0
UNC-CH,lecturer,79300.0
UNC-CH,associate_professor,477727.0
UNC-CH,assistant_professor,128876.0
UNC-CH,assistant_professor,191321.0
UNC-CH,assistant_professor,187460.0
UNC-CH,associate_professor,116280.0
UNC-CH,assistant_professor,82737.0
UNC-CH,professor,206208.0
UNC-CH,associate_professor,46443.0
UNC-CH,associate_professor,133899.0
UNC-CH,professor,89000.0
UNC-CH,associate_professor,207000.0
UNC-CH,professor,260000.0
UNC-CH,professor,117200.0
UNC-CH,professor,212630.0
UNC-CH,assistant_professor,82620.0
UNC-CH,assistant_professor,250000.0
UNC-CH,lecturer,103000.0
UNC-CH,professor,112026.0
UNC-CH,professor,178696.0
UNC-CH,professor,210473.0
UNC-CH,professor,153316.0
UNC-CH,professor,437000.0
UNC-CH,assistant_professor,101970.0
UNC-CH,professor,335096.0
UNC-CH,professor,125036.0
UNC-CH,associate_professor,109286.0
UNC-CH,professor,404091.0
UNC-CH,professor,292626.0
UNC-CH,professor,304200.0
UNC-CH,assistant_professor,126385.0
UNC-CH,associate_professor,154828.0
UNC-CH,assistant_professor,135000.0
UNC-CH,professor,202371.0
UNC-CH,professor,159650.0
UNC-CH,professor,295144.33
UNC-CH,associate_professor,241638.0
UNC-CH,professor,200850.0
UNC-CH,assistant_professor,151178.0
UNC-CH,lecturer,90000.0
UNC-CH,professor,195022.0
UNC-CH,professor,172528.0
UNC-CH,professor,310675.0
UNC-CH,assistant_professor,202275.7
UNC-CH,professor,134204.0
UNC-CH,associate_professor,133900.0
UNC-CH,professor,152852.0
UNC-CH,assistant_professor,191321.0
UNC-CH,associate_professor,231694.0
UNC-CH,associate_professor,135688.0
UNC-CH,professor,406824.0
UNC-CH,professor,272686.0
UNC-CH,professor,283250.0
UNC-CH,professor,337666.67
UNC-CH,assistant_professor,88500.0
UNC-CH,associate_professor,335000.0
UNC-CH,associate_professor,288581.6
UNC-CH,associate_professor,297917.0
UNC-CH,professor,71338.0
UNC-CH,professor,365276.47
UNC-CH,professor,192301.0
UNC-CH,professor,380976.0
UNC-CH,associate_professor,267080.0
UNC-CH,professor,149066.0
UNC-CH,professor,298911.0
UNC-CH,administrator,267038.0
UNC-CH,professor,149839.0
UNC-CH,professor,185658.0
UNC-CH,assistant_professor,102379.0
UNC-CH,professor,127491.0
UNC-CH,professor,298700.0
UNC-CH,professor,192709.0
UNC-CH,professor,130050.0
UNC-CH,associate_professor,96230.0
UNC-CH,professor,182651.0
UNC-CH,associate_professor,164440.0
UNC-CH,associate_professor,236448.0
UNC-CH,professor,164664.0
UNC-CH,professor,178696.0
UNC-CH,professor,348000.0
UNC-CH,professor,288400.0
UNC-CH,professor,660000.0
UNC-CH,assistant_professor,141106.0
UNC-CH,assistant_professor,118747.0
UNC-CH,professor,258014.0
UNC-CH,professor,185842.0
UNC-CH,assistant_professor,225000.0
UNC-CH,professor,71660.0
UNC-CH,associate_professor,133279.0
UNC-CH,lecturer,238555.56
UNC-CH,professor,198563.0
UNC-CH,professor,70882.0
UNC-CH,associate_professor,102591.0
UNC-CH,lecturer,100710.0
UNC-CH,professor,195700.0
UNC-CH,associate_professor,63555.0
UNC-CH,associate_professor,495382.0
UNC-CH,associate_professor,439501.69
UNC-CH,assistant_professor,322515.14
UNC-CH,associate_professor,65646.0
UNC-CH,assistant_professor,91237.0
UNC-CH,associate_professor,294224.0
UNC-CH,associate_professor,99948.0
UNC-CH,associate_professor,92264.0
UNC-CH,assistant_professor,439992.0
UNC-CH,assistant_professor,80327.0
UNC-CH,assistant_professor,337338.35
UNC-CH,assistant_professor,86005.0
UNC-CH,associate_professor,202867.0
UNC-CH,professor,149839.0
UNC-CH,assistant_professor,246456.0
UNC-CH,associate_professor,118450.0
UNC-CH,associate_professor,178549.0
UNC-CH,assistant_professor,234000.0
UNC-CH,associate_professor,519421.13
UNC-CH,assistant_professor,198624.0
UNC-CH,assistant_professor,106090.0
UNC-CH,assistant_professor,260000.0
UNC-CH,assistant_professor,158474.0
UNC-CH,assistant_professor,71070.0
UNC-CH,professor,320000.0
UNC-CH,assistant_professor,275730.0
UNC-CH,assistant_professor,187272.0
UNC-CH,assistant_professor,237732.0
UNC-CH,assistant_professor,72615.0
UNC-CH,professor,186328.0
UNC-CH,assistant_professor,236000.0
UNC-CH,assistant_professor,361604.0
UNC-CH,assistant_professor,88585.0
UNC-CH,lecturer,113300.0
UNC-CH,lecturer,88400.0
UNC-CH,assistant_professor,100567.0
UNC-CH,assistant_professor,175000.0
UNC-CH,associate_professor,382000.0
UNC-CH,assistant_professor,260000.0
UNC-CH,assistant_professor,103968.0
UNC-CH,assistant_professor,248450.0
UNC-CH,assistant_professor,82737.0
UNC-CH,associate_professor,450000.0
UNC-CH,associate_professor,222200.0
UNC-CH,lecturer,156400.0
UNC-CH,assistant_professor,201289.0
UNC-CH,professor,278100.0
UNC-CH,assistant_professor,190000.0
UNC-CH,assistant_professor,83368.0
UNC-CH,assistant_professor,101764.0
UNC-CH,professor,265023.0
UNC-CH,assistant_professor,134734.0
UNC-CH,assistant_professor,394619.0
UNC-CH,assistant_professor,136712.0
UNC-CH,professor,258245.0
UNC-CH,assistant_professor,82737.0
UNC-CH,professor,79219.0
UNC-CH,assistant_professor,113300.0
UNC-CH,associate_professor,265930.0
UNC-CH,assistant_professor,132968.0
UNC-CH,associate_professor,80135.0
UNC-CH,assistant_professor,103000.0
UNC-CH,professor,195022.0
UNC-CH,associate_professor,243405.15
UNC-CH,associate_professor,156560.0
UNC-CH,assistant_professor,93031.0
UNC-CH,associate_professor,233302.0
UNC-CH,professor,259910.15
UNC-CH,associate_professor,165680.0
UNC-CH,associate_professor,267080.0
UNC-CH,professor,206000.0
UNC-CH,assistant_professor,89646.0
UNC-CH,associate_professor,157430.0
UNC-CH,professor,291804.0
UNC-CH,associate_professor,97850.0
UNC-CH,assistant_professor,87790.0
UNC-CH,associate_professor,549000.0
UNC-CH,assistant_professor,131325.0
UNC-CH,associate_professor,110334.0
UNC-CH,assistant_professor,224009.0
UNC-CH,associate_professor,149106.0
UNC-CH,assistant_professor,127308.0
UNC-CH,assistant_professor,106090.0
UNC-CH,assistant_professor,220200.15
UNC-CH,associate_professor,89392.0
UNC-CH,assistant_professor,322515.14
UNC-CH,assistant_professor,154500.0
UNC-CH,assistant_professor,159984.0
UNC-CH,assistant_professor,113300.0
UNC-CH,associate_professor,135704.0
UNC-CH,associate_professor,61438.0
UNC-CH,professor,175100.0
UNC-CH,professor,379886.0
UNC-CH,associate_professor,131325.0
UNC-CH,assistant_professor,204117.0
UNC-CH,associate_professor,280000.0
UNC-CH,lecturer,55938.48
UNC-CH,associate_professor,453885.0
UNC-CH,assistant_professor,329756.1
UNC-CH,assistant_professor,94243.0
UNC-CH,assistant_professor,105369.0
UNC-CH,associate_professor,321000.0
UNC-CH,professor,207928.03
UNC-CH,assistant_professor,95790.0
UNC-CH,assistant_professor,95790.0
UNC-CH,professor,267250.0
UNC-CH,lecturer,111724.34
UNC-CH,professor,378275.0
UNC-CH,lecturer,116905.0
UNC-CH,assistant_professor,463375.0
UNC-CH,associate_professor,131840.0
UNC-CH,associate_professor,174639.0
UNC-CH,assistant_professor,68959.0
UNC-CH,professor,244721.0
UNC-CH,assistant_professor,214976.0
UNC-CH,assistant_professor,234000.0
UNC-CH,assistant_professor,220200.0
UNC-CH,assistant_professor,280000.0
UNC-CH,professor,334374.3
UNC-CH,professor,190962.0
UNC-CH,lecturer,189664.0
UNC-CH,professor,177002.0
UNC-CH,associate_professor,122004.0
UNC-CH,assistant_professor,86994.0
UNC-CH,assistant_professor,224326.33
UNC-CH,assistant_professor,86994.0
UNC-CH,assistant_professor,275211.0
UNC-CH,assistant_professor,128590.0
UNC-CH,associate_professor,158732.0
UNC-CH,assistant_professor,328626.0
UNC-CH,lecturer,105500.0
UNC-CH,assistant_professor,82737.0
UNC-CH,associate_professor,360727.0
UNC-CH,lecturer,89187.0
UNC-CH,lecturer,209960.0
UNC-CH,associate_professor,251293.0
UNC-CH,assistant_professor,72100.0
UNC-CH,lecturer,65000.0
UNC-CH,assistant_professor,66950.0
UNC-CH,assistant_professor,86994.0
UNC-CH,professor,287000.0
UNC-CH,assistant_professor,328626.0
UNC-CH,professor,257500.0
UNC-CH,associate_professor,128000.0
UNC-CH,professor,83542.0
UNC-CH,associate_professor,109580.0
UNC-CH,assistant_professor,360000.0
UNC-CH,assistant_professor,240000.0
UNC-CH,assistant_professor,79310.0
UNC-CH,assistant_professor,145657.0
UNC-CH,assistant_professor,74160.0
UNC-CH,professor,175100.0
UNC-CH,assistant_professor,193743.0
UNC-CH,assistant_professor,92821.0
UNC-CH,assistant_professor,140000.0
UNC-CH,assistant_professor,82737.0
UNC-CH,professor,275000.0
UNC-CH,assistant_professor,106600.0
UNC-CH,assistant_professor,175000.0
UNC-CH,associate_professor,147333.0
UNC-CH,assistant_professor,95481.0
UNC-CH,assistant_professor,309500.0
UNC-CH,assistant_professor,97094.0
UNC-CH,associate_professor,154467.0
UNC-CH,professor,255608.0
UNC-CH,assistant_professor,355432.73
UNC-CH,associate_professor,108150.0
UNC-CH,assistant_professor,225000.0
UNC-CH,lecturer,88400.0
UNC-CH,administrator,336876.0
UNC-CH,associate_professor,148629.0
UNC-CH,professor,195850.0
UNC-CH,professor,287000.0
UNC-CH,associate_professor,106821.0
UNC-CH,assistant_professor,108150.0
UNC-CH,associate_professor,150280.0
UNC-CH,assistant_professor,209804.0
UNC-CH,assistant_professor,328626.0
UNC-CH,assistant_professor,187500.0
UNC-CH,associate_professor,162830.0
UNC-CH,associate_professor,114085.0
UNC-CH,lecturer,74263.0
UNC-CH,associate_professor,137917.0
UNC-CH,assistant_professor,90450.0
UNC-CH,associate_professor,119700.0
UNC-CH,associate_professor,155347.0
UNC-CH,associate_professor,222295.0
UNC-CH,assistant_professor,144200.0
UNC-CH,assistant_professor,57373.0
UNC-CH,professor,318297.6
UNC-CH,assistant_professor,328626.0
UNC-CH,assistant_professor,212087.0
UNC-CH,assistant_professor,125000.0
UNC-CH,assistant_professor,64700.0
UNC-CH,assistant_professor,94611.0
UNC-CH,lecturer,88000.0
UNC-CH,associate_professor,122230.0
UNC-CH,assistant_professor,95235.0
UNC-CH,associate_professor,231003.0
UNC-CH,professor,569546.01
UNC-CH,lecturer,230286.5
UNC-CH,professor,286971.0
UNC-CH,professor,337841.7
UNC-CH,professor,161643.0
UNC-CH,professor,264981.0
UNC-CH,professor,334968.0
UNC-CH,professor,174677.0
UNC-CH,professor,174677.0
UNC-CH,professor,137193.0
UNC-CH,associate_professor,241418.0
UNC-CH,associate_professor,125984.0
UNC-CH,associate_professor,87659.0
UNC-CH,professor,275000.0
UNC-CH,professor,109854.0
UNC-CH,associate_professor,374434.63
UNC-CH,professor,374964.0
UNC-CH,associate_professor,80299.0
UNC-CH,professor,175341.0
UNC-CH,professor,271500.0
UNC-CH,professor,386172.0
UNC-CH,associate_professor,114907.0
UNC-CH,associate_professor,221791.0
UNC-CH,associate_professor,105848.98
UNC-CH,professor,306962.0
UNC-CH,professor,179993.0
UNC-CH,associate_professor,268630.0
UNC-CH,professor,372793.0
UNC-CH,professor,249719.0
UNC-CH,professor,179423.0
UNC-CH,professor,187651.58
UNC-CH,assistant_professor,143231.0
UNC-CH,associate_professor,161442.5
UNC-CH,professor,114814.0
UNC-CH,assistant_professor,328626.0
UNC-CH,professor,109243.0
UNC-CH,professor,137917.0
UNC-CH,professor,189333.0
UNC-CH,professor,212974.0
UNC-CH,professor,212000.0
UNC-CH,professor,163905.0
UNC-CH,professor,316952.0
UNC-CH,associate_professor,98791.0
UNC-CH,associate_professor,267080.0
UNC-CH,professor,131803.0
UNC-CH,associate_professor,294224.0
UNC-CH,professor,325078.4
UNC-CH,professor,72129.0
UNC-CH,professor,131598.0
UNC-CH,associate_professor,84975.0
UNC-CH,associate_professor,162318.0
UNC-CH,professor,266281.0
UNC-CH,professor,195700.0
UNC-CH,professor,222048.0
UNC-CH,professor,250000.0
UNC-CH,professor,200850.0
UNC-CH,assistant_professor,328626.0
UNC-CH,associate_professor,133900.0
UNC-CH,assistant_professor,201289.0
UNC-CH,assistant_professor,105000.0
UNC-CH,assistant_professor,90000.0
UNC-CH,professor,287000.0
UNC-CH,associate_professor,477727.0
UNC-CH,assistant_professor,267101.0
UNC-CH,assistant_professor,82737.0
UNC-CH,assistant_professor,239437.59
UNC-CH,lecturer,80500.0
UNC-CH,professor,354881.88
UNC-CH,assistant_professor,297000.0
UNC-CH,associate_professor,280000.0
UNC-CH,assistant_professor,128000.0
UNC-CH,assistant_professor,135965.0
UNC-CH,assistant_professor,119482.0
UNC-CH,associate_professor,124287.0
UNC-CH,associate_professor,322034.0
UNC-CH,associate_professor,167415.0
UNC-CH,assistant_professor,93640.0
UNC-CH,assistant_professor,112284.0
UNC-CH,assistant_professor,100208.0
UNC-CH,associate_professor,147314.0
UNC-CH,associate_professor,123185.0
UNC-CH,assistant_professor,92680.0
UNC-CH,professor,78779.0
UNC-CH,assistant_professor,274069.0
UNC-CH,assistant_professor,328626.0
UNC-CH,assistant_professor,439992.0
UNC-CH,associate_professor,101471.0
UNC-CH,assistant_professor,102000.0
UNC-CH,assistant_professor,95000.0
UNC-CH,assistant_professor,334729.0
UNC-CH,associate_professor,380000.0
UNC-CH,assistant_professor,224326.33
UNC-CH,assistant_professor,73645.0
UNC-CH,assistant_professor,66950.0
UNC-CH,associate_professor,124630.0
UNC-CH,associate_professor,173555.0
UNC-CH,associate_professor,380000.0
UNC-CH,assistant_professor,192000.0
UNC-CH,professor,151482.0
UNC-CH,assistant_professor,89636.0
UNC-CH,professor,140000.0
UNC-CH,assistant_professor,96542.0
UNC-CH,professor,221000.0
UNC-CH,associate_professor,63772.0
UNC-CH,administrator,363141.0
UNC-CH,professor,442162.73
UNC-CH,assistant_professor,135960.0
UNC-CH,professor,206071.0
UNC-CH,assistant_professor,72000.0
UNC-CH,assistant_professor,220200.15
UNC-CH,lecturer,87783.87
UNC-CH,professor,306962.0
UNC-CH,professor,625000.0
UNC-CH,assistant_professor,300000.0
UNC-CH,professor,125032.0
UNC-CH,assistant_professor,87472.0
UNC-CH,assistant_professor,200000.0
UNC-CH,assistant_professor,97850.0
UNC-CH,assistant_professor,102477.0
UNC-CH,assistant_professor,125000.0
UNC-CH,assistant_professor,320250.0
UNC-CH,assistant_professor,328626.0
UNC-CH,assistant_professor,239000.0
UNC-CH,assistant_professor,350330.0
UNC-CH,professor,195700.0
UNC-CH,assistant_professor,85000.0
UNC-CH,associate_professor,229788.0
UNC-CH,assistant_professor,148526.0
UNC-CH,assistant_professor,82737.0
UNC-CH,associate_professor,154336.0
UNC-CH,associate_professor,80000.0
UNC-CH,lecturer,135000.0
UNC-CH,assistant_professor,127835.7
UNC-CH,assistant_professor,255000.0
UNC-CH,assistant_professor,133900.0
UNC-CH,professor,272950.0
UNC-CH,associate_professor,64052.0
UNC-CH,associate_professor,143956.0
UNC-CH,lecturer,121148.0
UNC-CH,professor,155000.0
UNC-CH,associate_professor,241418.42
UNC-CH,assistant_professor,82750.0
UNC-CH,lecturer,88400.0
UNC-CH,associate_professor,99586.0
UNC-CH,professor,182058.0
UNC-CH,lecturer,61285.0
UNC-CH,professor,163667.0
UNC-CH,assistant_professor,68865.0
UNC-CH,professor,504367.0
UNC-CH,assistant_professor,84660.0
UNC-CH,assistant_professor,88580.0
UNC-CH,assistant_professor,140000.0
UNC-CH,professor,370000.0
UNC-CH,associate_professor,280000.0
UNC-CH,assistant_professor,174761.0
UNC-CH,professor,144742.0
UNC-CH,assistant_professor,103000.0
UNC-CH,associate_professor,360727.0
UNC-CH,professor,570000.0
UNC-CH,assistant_professor,82737.0
UNC-CH,assistant_professor,271414.0
UNC-CH,associate_professor,125771.0
UNC-CH,professor,246779.0
UNC-CH,lecturer,97151.6
UNC-CH,assistant_professor,96655.0
UNC-CH,assistant_professor,71070.0
UNC-CH,assistant_professor,91155.0
UNC-CH,assistant_professor,159984.0
UNC-CH,associate_professor,98823.0
UNC-CH,assistant_professor,239000.0
UNC-CH,assistant_professor,84460.0
UNC-CH,associate_professor,171000.0
UNC-CH,assistant_professor,52000.0
UNC-CH,associate_professor,155552.0
UNC-CH,professor,262600.0
UNC-CH,associate_professor,123539.0
UNC-CH,associate_professor,99717.0
UNC-CH,assistant_professor,102000.0
UNC-CH,assistant_professor,93980.0
UNC-CH,assistant_professor,103000.0
UNC-CH,assistant_professor,90000.0
UNC-CH,assistant_professor,154500.0
UNC-CH,assistant_professor,74160.0
UNC-CH,assistant_professor,52000.0
UNC-CH,associate_professor,132168.0
UNC-CH,professor,287775.0
UNC-CH,professor,180002.0
UNC-CH,professor,89000.0
UNC-CH,associate_professor,125000.0
UNC-CH,associate_professor,252357.0
UNC-CH,professor,237930.0
UNC-CH,professor,389490.0
UNC-CH,professor,179634.0
UNC-CH,professor,289849.0
UNC-CH,professor,129470.0
UNC-CH,professor,144104.0
UNC-CH,professor,360000.0
UNC-CH,assistant_professor,142745.0
UNC-CH,professor,266636.0
UNC-CH,professor,550000.0
UNC-CH,professor,136483.0
UNC-CH,professor,139120.0
UNC-CH,professor,163660.0
UNC-CH,lecturer,123600.0
UNC-CH,professor,118430.0
UNC-CH,professor,164410.0
UNC-CH,assistant_professor,217128.0
UNC-CH,professor,156034.0
UNC-CH,associate_professor,97850.0
UNC-CH,lecturer,258068.0
UNC-CH,professor,395116.24
UNC-CH,associate_professor,122830.0
UNC-CH,associate_professor,186520.0
UNC-CH,associate_professor,413406.04
UNC-CH,associate_professor,154500.0
UNC-CH,assistant_professor,328626.0
UNC-CH,associate_professor,241000.0
UNC-CH,administrator,463500.0
UNC-CH,associate_professor,109273.0
UNC-CH,professor,262650.0
UNC-CH,lecturer,109007.0
UNC-CH,associate_professor,221791.0
UNC-CH,assistant_professor,119882.0
UNC-CH,professor,126974.0
UNC-CH,associate_professor,221450.0
UNC-CH,assistant_professor,214976.0
UNC-CH,professor,71826.0
UNC-CH,lecturer,86160.0
UNC-CH,associate_professor,272417.0
UNC-CH,assistant_professor,128750.0
UNC-CH,assistant_professor,230000.0
UNC-CH,associate_professor,179089.0
UNC-CH,associate_professor,142000.0
UNC-CH,associate_professor,243405.15
UNC-CH,professor,223426.0
UNC-CH,lecturer,97201.0
UNC-CH,associate_professor,254685.0
UNC-CH,professor,182858.0
UNC-CH,assistant_professor,85490.0
UNC-CH,professor,105099.0
UNC-CH,assistant_professor,203264.0
UNC-CH,professor,247208.0
UNC-CH,assistant_professor,516363.0
UNC-CH,assistant_professor,164800.0
UNC-CH,associate_professor,78447.0
UNC-CH,associate_professor,83315.0
UNC-CH,associate_professor,159973.0
UNC-CH,assistant_professor,110210.0
UNC-CH,lecturer,80262.15
UNC-CH,professor,149350.0
UNC-CH,professor,73900.0
UNC-CH,associate_professor,222295.0
UNC-CH,assistant_professor,123501.0
UNC-CH,assistant_professor,79170.0
UNC-CH,professor,440000.0
UNC-CH,assistant_professor,83477.0
UNC-CH,professor,269024.0
UNC-CH,professor,511500.0
UNC-CH,professor,442006.88
UNC-CH,associate_professor,231750.0
UNC-CH,professor,117307.0
UNC-CH,professor,190962.0
UNC-CH,professor,232778.0
UNC-CH,assistant_professor,55167.0
UNC-CH,professor,117480.0
UNC-CH,associate_professor,98754.0
UNC-CH,assistant_professor,117420.0
UNC-CH,assistant_professor,98322.0
UNC-CH,professor,119395.0
UNC-CH,associate_professor,108601.0
UNC-CH,associate_professor,144999.0
UNC-CH,assistant_professor,82737.0
UNC-CH,professor,266281.0
UNC-CH,professor,283833.0
UNC-CH,assistant_professor,185400.0
UNC-CH,professor,316952.0
UNC-CH,professor,504367.0
UNC-CH,professor,285781.0
UNC-CH,professor,140000.0
UNC-CH,associate_professor,47208.0
UNC-CH,professor,257108.0
UNC-CH,professor,283225.5
UNC-CH,professor,253753.0
UNC-CH,administrator,162575.0
UNC-CH,professor,129081.0
UNC-CH,professor,195600.1
UNC-CH,professor,267800.0
UNC-CH,professor,293520.0
UNC-CH,lecturer,123664.0
UNC-CH,professor,502199.0
UNC-CH,assistant_professor,234085.0
UNC-CH,professor,211680.0
UNC-CH,assistant_professor,262302.0
UNC-CH,lecturer,66300.0
UNC-CH,assistant_professor,89116.0
UNC-CH,assistant_professor,57680.0
UNC-CH,assistant_professor,57373.0
UNC-CH,associate_professor,155400.0
UNC-CH,associate_professor,221791.0
UNC-CH,lecturer,110000.0
UNC-CH,professor,178696.0
UNC-CH,associate_professor,243405.15
UNC-CH,lecturer,80000.0
UNC-CH,assistant_professor,106090.0
UNC-CH,assistant_professor,260000.0
UNC-CH,lecturer,187500.0
UNC-CH,assistant_professor,154506.0
UNC-CH,professor,330000.0
UNC-CH,professor,526151.0
UNC-CH,assistant_professor,311862.0
UNC-CH,assistant_professor,107100.0
UNC-CH,associate_professor,80000.0
UNC-CH,professor,513725.0
UNC-CH,associate_professor,358295.0
UNC-CH,assistant_professor,165362.0
UNC-CH,associate_professor,250000.0
UNC-CH,associate_professor,294224.0
UNC-CH,lecturer,98880.0
UNC-CH,assistant_professor,127308.0
UNC-CH,associate_professor,150448.0
UNC-CH,assistant_professor,114330.0
UNC-CH,professor,129437.0
UNC-CH,associate_professor,263066.0
UNC-CH,associate_professor,68047.0
UNC-CH,assistant_professor,65776.0
UNC-CH,professor,395000.0
UNC-CH,professor,227033.0
UNC-CH,associate_professor,136522.0
UNC-CH,lecturer,79300.0
UNC-CH,professor,337714.0
UNC-CH,associate_professor,61880.0
UNC-CH,assistant_professor,224326.33
UNC-CH,professor,216881.0
UNC-CH,assistant_professor,107344.0
UNC-CH,professor,154573.0
UNC-CH,professor,325000.0
UNC-CH,assistant_professor,102000.0
UNC-CH,assistant_professor,238000.0
UNC-CH,assistant_professor,101767.0
UNC-CH,professor,279923.13
UNC-CH,assistant_professor,133900.0
UNC-CH,associate_professor,120188.0
UNC-CH,assistant_professor,82737.0
UNC-CH,assistant_professor,75450.0
UNC-CH,lecturer,97151.6
UNC-CH,assistant_professor,140675.0
UNC-CH,associate_professor,130491.0
UNC-CH,associate_professor,140548.0
UNC-CH,associate_professor,142258.0
UNC-CH,administrator,599409.0
UNC-CH,professor,271556.0
UNC-CH,assistant_professor,149350.0
UNC-CH,professor,146429.0
UNC-CH,assistant_professor,191321.0
UNC-CH,lecturer,75140.0
UNC-CH,assistant_professor,236000.0
UNC-CH,assistant_professor,75190.0
UNC-CH,professor,151709.0
UNC-CH,associate_professor,147000.0
UNC-CH,associate_professor,113300.0
UNC-CH,lecturer,78000.0
UNC-CH,assistant_professor,82737.0
UNC-CH,assistant_professor,140039.0
UNC-CH,assistant_professor,250000.0
UNC-CH,associate_professor,227903.7
UNC-CH,assistant_professor,432941.83
UNC-CH,assistant_professor,191321.0
UNC-CH,assistant_professor,347511.0
UNC-CH,professor,171841.0
UNC-CH,assistant_professor,82737.0
UNC-CH,associate_professor,97462.0
UNC-CH,assistant_professor,260000.0
UNC-CH,lecturer,88400.0
UNC-CH,associate_professor,206900.0
UNC-CH,associate_professor,95481.0
UNC-CH,assistant_professor,130810.0
UNC-CH,associate_professor,267080.0
UNC-CH,associate_professor,154043.0
UNC-CH,associate_professor,127308.0
UNC-CH,professor,211512.0
UNC-CH,assistant_professor,84560.32
UNC-CH,associate_professor,155235.0
UNC-CH,professor,442162.73
UNC-CH,professor,270341.22
UNC-CH,professor,388010.0
UNC-CH,professor,149463.0
UNC-CH,associate_professor,83281.0
UNC-CH,professor,159311.0
UNC-CH,associate_professor,107175.0
UNC-CH,professor,274003.56
UNC-CH,associate_professor,240000.0
UNC-CH,professor,525000.0
UNC-CH,associate_professor,121697.0
UNC-CH,assistant_professor,114336.0
UNC-CH,associate_professor,131078.0
UNC-CH,professor,140054.0
UNC-CH,professor,156900.0
UNC-CH,assistant_professor,165510.0
UNC-CH,professor,236900.0
UNC-CH,professor,309000.0
UNC-CH,associate_professor,241418.42
UNC-CH,professor,483642.0
UNC-CH,professor,112120.0
UNC-CH,professor,256413.0
UNC-CH,lecturer,71857.0
UNC-CH,professor,256631.0
UNC-CH,associate_professor,232503.0
UNC-CH,professor,287692.0
UNC-CH,lecturer,95383.6
UNC-CH,professor,161561.0
UNC-CH,professor,229850.0
UNC-CH,associate_professor,132419.0
UNC-CH,associate_professor,200000.0
UNC-CH,professor,142714.0
UNC-CH,professor,214948.0
UNC-CH,professor,234000.0
UNC-CH,professor,153831.0
UNC-CH,professor,126416.0
UNC-CH,professor,124516.0
UNC-CH,lecturer,186534.0
UNC-CH,associate_professor,77189.0
UNC-CH,professor,164793.0
UNC-CH,professor,112615.0
UNC-CH,professor,138615.0
UNC-CH,lecturer,76385.0
UNC-CH,associate_professor,294224.0
UNC-CH,professor,177771.0
UNC-CH,professor,80648.0
UNC-CH,associate_professor,201571.0
UNC-CH,professor,185634.0
UNC-CH,assistant_professor,122432.0
UNC-CH,professor,485635.0
UNC-CH,professor,119395.0
UNC-CH,professor,86353.0
UNC-CH,professor,185000.0
UNC-CH,professor,277500.0
UNC-CH,assistant_professor,115432.0
UNC-CH,professor,121693.0
UNC-CH,associate_professor,131880.0
UNC-CH,professor,310999.7
UNC-CH,professor,332981.0
UNC-CH,professor,218985.0
UNC-CH,associate_professor,48142.0
UNC-CH,professor,204185.0
UNC-CH,professor,70882.0
UNC-CH,professor,143404.0
UNC-CH,assistant_professor,57373.0
UNC-CH,associate_professor,195700.0
UNC-CH,assistant_professor,131325.0
UNC-CH,assistant_professor,220903.16
UNC-CH,assistant_professor,113300.0
UNC-CH,assistant_professor,158282.0
UNC-CH,assistant_professor,221697.85
UNC-CH,associate_professor,413406.04
UNC-CH,associate_professor,319462.0
UNC-CH,lecturer,85000.0
UNC-CH,professor,504367.0
UNC-CH,professor,185400.0
UNC-CH,professor,132173.0
UNC-CH,assistant_professor,250000.0
UNC-CH,professor,333318.0
UNC-CH,assistant_professor,106605.0
UNC-CH,professor,149350.0
UNC-CH,assistant_professor,95481.0
UNC-CH,lecturer,72100.0
UNC-CH,assistant_professor,66950.0
UNC-CH,lecturer,88000.0
UNC-CH,assistant_professor,275000.0
UNC-CH,assistant_professor,89116.0
UNC-CH,assistant_professor,169600.0
UNC-CH,associate_professor,97143.0
UNC-CH,lecturer,119161.0
UNC-CH,professor,239653.0
UNC-CH,associate_professor,164800.0
UNC-CH,assistant_professor,353912.23
UNC-CH,assistant_professor,74160.0
UNC-CH,associate_professor,194724.12
UNC-CH,assistant_professor,63654.0
UNC-CH,professor,365000.0
UNC-CH,professor,119112.0
UNC-CH,assistant_professor,111000.0
UNC-CH,lecturer,84191.0
UNC-CH,assistant_professor,107120.0
UNC-CH,assistant_professor,74428.0
UNC-CH,assistant_professor,310975.0
UNC-CH,assistant_professor,240000.0
UNC-CH,associate_professor,114747.0
UNC-CH,assistant_professor,183727.0
UNC-CH,assistant_professor,125000.0
UNC-CH,associate_professor,94343.0
UNC-CH,lecturer,144238.0
UNC-CH,lecturer,125660.0
UNC-CH,associate_professor,113553.0
UNC-CH,associate_professor,236478.0
UNC-CH,professor,334547.53
UNC-CH,professor,198151.0
UNC-CH,assistant_professor,85256.0
UNC-CH,associate_professor,231003.0
UNC-CH,assistant_professor,92700.0
UNC-CH,lecturer,88400.0
UNC-CH,assistant_professor,119877.58
UNC-CH,professor,45000.0
UNC-CH,professor,256193.0
UNC-CH,professor,171017.0
UNC-CH,associate_professor,126311.0
UNC-CH,assistant_professor,214829.0
UNC-CH,professor,350477.0
UNC-CH,assistant_professor,300000.0
UNC-CH,assistant_professor,305636.73
UNC-CH,professor,250722.0
UNC-CH,professor,195022.0
UNC-CH,professor,178396.0
UNC-CH,professor,147633.0
UNC-CH,assistant_professor,88055.0
UNC-CH,associate_professor,137154.0
UNC-CH,assistant_professor,68000.0
UNC-CH,assistant_professor,163550.0
UNC-CH,assistant_professor,139050.0
UNC-CH,assistant_professor,95000.0
UNC-CH,associate_professor,214454.0
UNC-CH,assistant_professor,328626.0
UNC-CH,assistant_professor,119902.0
UNC-CH,associate_professor,325000.0
UNC-CH,associate_professor,173452.0
UNC-CH,assistant_professor,224326.33
UNC-CH,assistant_professor,104030.0
UNC-CH,associate_professor,114330.0
UNC-CH,assistant_professor,240000.0
UNC-CH,assistant_professor,328626.0
UNC-CH,professor,178696.0
UNC-CH,assistant_professor,57373.0
UNC-CH,associate_professor,360727.0
UNC-CH,associate_professor,228033.0
UNC-CH,associate_professor,97391.0
UNC-CH,assistant_professor,82737.0
UNC-CH,assistant_professor,445000.0
UNC-CH,professor,297221.6
UNC-CH,professor,73966.0
UNC-CH,assistant_professor,132400.0
UNC-CH,professor,146404.0
UNC-CH,assistant_professor,75000.0
UNC-CH,assistant_professor,310000.0
UNC-CH,assistant_professor,88055.0
UNC-CH,assistant_professor,310000.0
UNC-CH,associate_professor,171967.0
UNC-CH,assistant_professor,77000.0
UNC-CH,professor,253350.0
UNC-CH,associate_professor,221450.0
UNC-CH,assistant_professor,70000.0
UNC-CH,assistant_professor,439992.0
UNC-CH,professor,174000.0
UNC-CH,assistant_professor,207631.0
UNC-CH,associate_professor,240000.0
UNC-CH,assistant_professor,328626.0
UNC-CH,associate_professor,280000.0
UNC-CH,associate_professor,285167.0
UNC-CH,assistant_professor,98880.0
UNC-CH,assistant_professor,86994.0
UNC-CH,assistant_professor,102224.0
UNC-CH,associate_professor,119014.0
UNC-CH,assistant_professor,116953.41
UNC-CH,associate_professor,81500.0
UNC-CH,associate_professor,61660.0
UNC-CH,assistant_professor,113300.0
UNC-CH,associate_professor,105060.0
UNC-CH,assistant_professor,328626.0
UNC-CH,associate_professor,267080.0
UNC-CH,professor,504367.0
UNC-CH,associate_professor,192670.0
UNC-CH,assistant_professor,134024.0
UNC-CH,assistant_professor,118450.0
UNC-CH,assistant_professor,281351.0
UNC-CH,assistant_professor,310000.0
UNC-CH,associate_professor,395000.0
UNC-CH,associate_professor,161087.0
UNC-CH,professor,144200.0
UNC-CH,assistant_professor,87550.0
UNC-CH,administrator,496501.0
UNC-CH,associate_professor,131374.0
UNC-CH,lecturer,110837.0
UNC-CH,professor,165500.0
UNC-CH,lecturer,110000.0
UNC-CH,professor,482825.0
UNC-CH,assistant_professor,267101.0
UNC-CH,professor,141489.0
UNC-CH,professor,647129.24
UNC-CH,professor,133825.0
UNC-CH,associate_professor,160506.0
UNC-CH,lecturer,90852.0
UNC-CH,administrator,370800.0
UNC-CH,professor,77284.0
UNC-CH,professor,121124.0
UNC-CH,professor,374168.0
UNC-CH,professor,270072.0
UNC-CH,professor,210740.0
UNC-CH,professor,370000.0
UNC-CH,associate_professor,104323.0
UNC-CH,professor,270100.0
UNC-CH,professor,371527.0
UNC-CH,professor,149197.0
UNC-CH,associate_professor,280000.0
UNC-CH,associate_professor,200065.0
UNC-CH,professor,160000.0
UNC-CH,associate_professor,160857.0
UNC-CH,assistant_professor,328626.0
UNC-CH,associate_professor,159135.0
UNC-CH,professor,160000.0
UNC-CH,professor,309000.0
UNC-CH,associate_professor,138650.72
UNC-CH,associate_professor,288581.6
UNC-CH,associate_professor,267080.0
UNC-CH,professor,142684.0
UNC-CH,professor,150028.0
UNC-CH,professor,259555.0
UNC-CH,professor,79219.0
UNC-CH,professor,150917.0
UNC-CH,professor,201880.0
UNC-CH,professor,317500.0
UNC-CH,professor,237714.0
UNC-CH,associate_professor,318982.0
UNC-CH,professor,210548.0
UNC-CH,professor,132184.0
UNC-CH,associate_professor,232055.0
UNC-CH,professor,372020.0
UNC-CH,assistant_professor,104933.0
UNC-CH,associate_professor,121872.0
UNC-CH,professor,137917.0
UNC-CH,professor,137765.0
UNC-CH,associate_professor,158375.0
UNC-CH,professor,203433.0
UNC-CH,associate_professor,147496.0
UNC-CH,professor,292628.23
UNC-CH,professor,190962.0
UNC-CH,professor,294665.0
UNC-CH,associate_professor,118132.0
UNC-CH,professor,278100.0
UNC-CH,assistant_professor,43849.16
UNC-CH,assistant_professor,100000.0
UNC-CH,professor,328500.0
UNC-CH,professor,213846.0
UNC-CH,professor,97500.0
UNC-CH,professor,403358.0
UNC-CH,professor,246170.0
UNC-CH,professor,207236.0
UNC-CH,associate_professor,169744.0
UNC-CH,associate_professor,109180.0
UNC-CH,professor,270266.0
UNC-CH,professor,251113.0
UNC-CH,professor,144106.0
UNC-CH,professor,236900.0
UNC-CH,associate_professor,95000.0
UNC-CH,professor,266281.0
UNC-CH,associate_professor,360727.0
UNC-CH,professor,217745.0
UNC-CH,associate_professor,113903.0
UNC-CH,professor,113570.0
UNC-CH,professor,504367.0
UNC-CH,professor,143796.0
UNC-CH,associate_professor,63552.0
UNC-CH,professor,151307.0
UNC-CH,assistant_professor,241558.0
UNC-CH,professor,142360.0
UNC-CH,professor,213968.0
UNC-CH,assistant_professor,45000.0
UNC-CH,assistant_professor,224326.33
UNC-CH,professor,272400.92
UNC-CH,professor,504367.0
UNC-CH,associate_professor,571798.62
UNC-CH,assistant_professor,84315.0
UNC-CH,assistant_professor,95481.0
UNC-CH,assistant_professor,180000.0
UNC-CH,professor,365750.0
UNC-CH,professor,590000.0
UNC-CH,professor,290000.0
UNC-CH,associate_professor,128000.0
UNC-CH,assistant_professor,182775.0
UNC-CH,assistant_professor,90000.0
UNC-CH,administrator,193084.0
UNC-CH,associate_professor,244087.0
UNC-CH,assistant_professor,52000.0
UNC-CH,associate_professor,97335.0
UNC-CH,assistant_professor,93415.0
UNC-CH,associate_professor,106446.0
UNC-CH,associate_professor,130491.0
UNC-CH,assistant_professor,88771.0
UNC-CH,associate_professor,137917.0
UNC-CH,associate_professor,280000.0
UNC-CH,assistant_professor,129356.0
UNC-CH,assistant_professor,77250.0
UNC-CH,assistant_professor,133900.0
UNC-CH,associate_professor,82000.0
UNC-CH,assistant_professor,84560.32
UNC-CH,associate_professor,108127.0
UNC-CH,associate_professor,850000.0
UNC-CH,associate_professor,322939.0
UNC-CH,associate_professor,154193.0
UNC-CH,assistant_professor,68959.0
UNC-CH,assistant_professor,77250.0
UNC-CH,professor,386250.0
UNC-CH,assistant_professor,439992.0
UNC-CH,assistant_professor,240800.0
UNC-CH,lecturer,80000.0
UNC-CH,assistant_professor,201289.0
UNC-CH,lecturer,87300.0
UNC-CH,assistant_professor,88580.0
UNC-CH,associate_professor,88267.0
UNC-CH,assistant_professor,126000.0
UNC-CH,assistant_professor,93359.2
UNC-CH,assistant_professor,463375.0
UNC-CH,assistant_professor,90640.0
UNC-CH,assistant_professor,56727.27
UNC-CH,professor,219606.0
UNC-CH,associate_professor,80135.0
UNC-CH,assistant_professor,205607.0
UNC-CH,associate_professor,203000.0
UNC-CH,assistant_professor,174000.0
UNC-CH,associate_professor,191838.0
UNC-CH,professor,329999.98
UNC-CH,professor,333029.0
UNC-CH,assistant_professor,99910.0
UNC-CH,associate_professor,108973.0
UNC-CH,associate_professor,77193.0
UNC-CH,assistant_professor,224326.33
UNC-CH,assistant_professor,72100.0
UNC-CH,assistant_professor,400000.0
UNC-CH,assistant_professor,83811.0
UNC-CH,associate_professor,116414.0
UNC-CH,assistant_professor,57484.0
UNC-CH,administrator,236900.0
UNC-CH,assistant_professor,116390.0
UNC-CH,associate_professor,253935.0
UNC-CH,assistant_professor,210675.0
UNC-CH,assistant_professor,310000.0
UNC-CH,professor,504367.0
UNC-CH,assistant_professor,91318.0
UNC-CH,professor,136788.0
UNC-CH,associate_professor,88484.0
UNC-CH,assistant_professor,235000.0
UNC-CH,assistant_professor,141042.0
UNC-CH,professor,193132.0
UNC-CH,assistant_professor,239437.59
UNC-CH,professor,236900.0
UNC-CH,lecturer,77250.0
UNC-CH,assistant_professor,94595.0
UNC-CH,assistant_professor,81549.0
UNC-CH,professor,270717.0
UNC-CH,assistant_professor,52000.0
UNC-CH,assistant_professor,110000.0
UNC-CH,assistant_professor,121025.0
UNC-CH,assistant_professor,328626.0
UNC-CH,assistant_professor,137940.0
UNC-CH,associate_professor,221791.0
UNC-CH,assistant_professor,127500.0
UNC-CH,assistant_professor,105369.0
UNC-CH,professor,264986.53
UNC-CH,assistant_professor,190000.0
UNC-CH,associate_professor,114633.01
UNC-CH,assistant_professor,223450.55
UNC-CH,assistant_professor,96820.0
UNC-CH,associate_professor,360727.0
UNC-CH,assistant_professor,243000.0
UNC-CH,associate_professor,91971.0
UNC-CH,professor,288400.0
UNC-CH,administrator,450306.0
UNC-CH,professor,303474.0
UNC-CH,assistant_professor,106000.0
UNC-CH,professor,217125.0
UNC-CH,assistant_professor,169950.0
UNC-CH,associate_professor,114577.0
UNC-CH,associate_professor,205000.0
UNC-CH,assistant_professor,57815.0
UNC-CH,assistant_professor,133900.0
UNC-CH,assistant_professor,102000.0
UNC-CH,professor,221450.0
UNC-CH,assistant_professor,66308.0
UNC-CH,assistant_professor,90312.0
UNC-CH,professor,175100.0
UNC-CH,assistant_professor,101764.0
UNC-CH,associate_professor,131764.0
UNC-CH,associate_professor,213876.0
UNC-CH,assistant_professor,117420.0
UNC-CH,associate_professor,160208.0
UNC-CH,lecturer,88400.0
UNC-CH,assistant_professor,491512.0
UNC-CH,associate_professor,219274.0
UNC-CH,assistant_professor,212240.0
UNC-CH,associate_professor,167415.0
UNC-CH,assistant_professor,349300.0
UNC-CH,assistant_professor,95821.0
UNC-CH,assistant_professor,203264.0
UNC-CH,professor,392870.0
UNC-CH,professor,104439.0
UNC-CH,associate_professor,97850.0
UNC-CH,professor,195700.0
UNC-CH,assistant_professor,95790.0
UNC-CH,assistant_professor,98970.0
UNC-CH,lecturer,63124.0
UNC-CH,associate_professor,383484.88
UNC-CH,assistant_professor,119480.0
UNC-CH,associate_professor,95481.0
UNC-CH,assistant_professor,55167.0
UNC-CH,professor,91658.0
UNC-CH,associate_professor,123201.0
UNC-CH,assistant_professor,173000.0
UNC-CH,professor,357583.0
UNC-CH,associate_professor,133968.1
UNC-CH,assistant_professor,208000.0
UNC-CH,assistant_professor,220000.0
UNC-CH,associate_professor,136448.0
UNC-CH,professor,189563.0
UNC-CH,professor,164800.0
UNC-CH,assistant_professor,103000.0
UNC-CH,assistant_professor,86000.0
UNC-CH,assistant_professor,374548.0
UNC-CH,associate_professor,131452.0
UNC-CH,assistant_professor,296758.55
UNC-CH,assistant_professor,123064.0
UNC-CH,administrator,393907.0
UNC-CH,associate_professor,144223.2
UNC-CH,professor,210050.0
UNC-CH,assistant_professor,86000.0
UNC-CH,lecturer,72100.0
UNC-CH,assistant_professor,182880.0
UNC-CH,associate_professor,165000.0
UNC-CH,associate_professor,96482.0
UNC-CH,associate_professor,130491.0
UNC-CH,assistant_professor,132636.0
UNC-CH,lecturer,84281.0
UNC-CH,associate_professor,322309.0
UNC-CH,professor,217776.0
UNC-CH,professor,380000.0
UNC-CH,assistant_professor,127308.0
UNC-CH,associate_professor,93292.0
UNC-CH,assistant_professor,102000.0
UNC-CH,assistant_professor,197500.0
UNC-CH,lecturer,79300.0
UNC-CH,associate_professor,119325.0
UNC-CH,assistant_professor,310000.0
UNC-CH,assistant_professor,125000.0
UNC-CH,assistant_professor,169950.0
UNC-CH,professor,156956.0
UNC-CH,professor,271124.0
UNC-CH,associate_professor,477727.0
UNC-CH,associate_professor,243405.15
UNC-CH,assistant_professor,88864.0
UNC-CH,assistant_professor,68865.0
UNC-CH,professor,266281.0
UNC-CH,assistant_professor,120000.0
UNC-CH,associate_professor,122704.0
UNC-CH,professor,315000.0
UNC-CH,associate_professor,260000.0
UNC-CH,assistant_professor,135711.0
UNC-CH,assistant_professor,328626.0
UNC-CH,assistant_professor,55620.0
UNC-CH,professor,222116.0
UNC-CH,lecturer,90127.0
UNC-CH,professor,371527.0
UNC-CH,professor,205943.0
UNC-CH,professor,195700.0
UNC-CH,associate_professor,65917.0
UNC-CH,assistant_professor,57000.0
UNC-CH,associate_professor,163524.0
UNC-CH,assistant_professor,261868.0
UNC-CH,professor,201064.0
UNC-CH,associate_professor,103000.0
UNC-CH,associate_professor,453885.0
UNC-CH,professor,165355.0
UNC-CH,assistant_professor,99910.0
UNC-CH,associate_professor,106089.0
UNC-CH,associate_professor,145000.0
UNC-CH,associate_professor,242153.0
UNC-CH,assistant_professor,203150.0
UNC-CH,assistant_professor,280000.0
UNC-CH,assistant_professor,215000.0
UNC-CH,associate_professor,225000.0
UNC-CH,professor,128217.0
UNC-CH,professor,317402.0
UNC-CH,professor,186772.0
UNC-CH,professor,288962.0
UNC-CH,professor,205000.0
UNC-CH,associate_professor,325117.0
UNC-CH,professor,145066.0
UNC-CH,professor,178696.0
UNC-CH,professor,272400.92
UNC-CH,associate_professor,169744.0
UNC-CH,professor,200000.0
UNC-CH,professor,97648.0
UNC-CH,professor,504367.0
UNC-CH,associate_professor,68543.0
UNC-CH,associate_professor,412602.54
UNC-CH,professor,74437.0
UNC-CH,professor,240252.0
UNC-CH,professor,114355.0
UNC-CH,professor,125970.0
UNC-CH,professor,335335.68
UNC-CH,professor,300000.0
UNC-CH,professor,234975.0
UNC-CH,professor,177619.0
UNC-CH,professor,179828.0
UNC-CH,professor,437980.0
UNC-CH,professor,158344.0
UNC-CH,assistant_professor,144999.0
UNC-CH,professor,126606.0
UNC-CH,professor,201269.0
UNC-CH,associate_professor,114579.0
UNC-CH,associate_professor,160943.0
UNC-CH,assistant_professor,104817.0
UNC-CH,assistant_professor,140675.0
UNC-CH,professor,262000.0
UNC-CH,associate_professor,277250.0
UNC-CH,professor,143267.0
UNC-CH,assistant_professor,180250.0
UNC-CH,assistant_professor,130000.0
UNC-CH,assistant_professor,250000.0
UNC-CH,assistant_professor,82737.0
UNC-CH,associate_professor,330000.0
UNC-CH,professor,288400.0
UNC-CH,assistant_professor,267101.0
UNC-CH,assistant_professor,190000.0
UNC-CH,assistant_professor,113300.0
UNC-CH,associate_professor,330237.0
UNC-CH,associate_professor,160943.0
UNC-CH,associate_professor,95949.0
UNC-CH,professor,278100.0
UNC-CH,assistant_professor,275211.0
UNC-CH,associate_professor,267080.0
UNC-CH,assistant_professor,102000.0
UNC-CH,associate_professor,98953.0
UNC-CH,assistant_professor,96408.0
UNC-CH,associate_professor,129038.0
UNC-CH,professor,176733.0
UNC-CH,assistant_professor,328626.0
UNC-CH,assistant_professor,140000.0
UNC-CH,professor,368924.36
UNC-CH,lecturer,72100.0
UNC-CH,assistant_professor,245606.0
UNC-CH,assistant_professor,125660.0
UNC-CH,assistant_professor,89299.0
UNC-CH,assistant_professor,107120.0
UNC-CH,associate_professor,114705.0
UNC-CH,professor,378384.0
UNC-CH,assistant_professor,351994.0
UNC-CH,assistant_professor,328626.0
UNC-CH,associate_professor,110581.0
UNC-CH,professor,91388.0
UNC-CH,associate_professor,126300.0
UNC-CH,assistant_professor,70338.0
UNC-CH,professor,200000.0
UNC-CH,assistant_professor,113300.0
UNC-CH,assistant_professor,118821.0
UNC-CH,assistant_professor,87995.0
UNC-CH,assistant_professor,220000.0
UNC-CH,assistant_professor,93640.0
UNC-CH,associate_professor,106475.0
UNC-CH,associate_professor,109187.0
UNC-CH,assistant_professor,106090.0
UNC-CH,assistant_professor,80340.0
UNC-CH,assistant_professor,351994.0
UNC-CH,associate_professor,360727.0
UNC-CH,associate_professor,118193.0
UNC-CH,associate_professor,222295.0
UNC-CH,associate_professor,171500.0
UNC-CH,lecturer,143434.0
UNC-CH,assistant_professor,439992.0
UNC-CH,associate_professor,319067.0
UNC-CH,professor,266281.0
UNC-CH,assistant_professor,164800.0
UNC-CH,professor,269298.0
UNC-CH,assistant_professor,250000.0
UNC-CH,professor,640000.0
UNC-CH,professor,371527.0
UNC-CH,associate_professor,180363.5
UNC-CH,professor,370040.0
UNC-CH,associate_professor,268529.35
UNC-CH,professor,327689.0
UNC-CH,professor,362730.0
UNC-CH,professor,72987.0
UNC-CH,professor,179449.0
UNC-CH,professor,71646.0
UNC-CH,assistant_professor,176402.8
UNC-CH,assistant_professor,68865.0
UNC-CH,professor,134750.0
UNC-CH,professor,215774.0
UNC-CH,professor,247200.0
UNC-CH,professor,200000.0
UNC-CH,associate_professor,117229.0
UNC-CH,professor,247200.0
UNC-CH,professor,252632.0
UNC-CH,professor,389080.0
UNC-CH,professor,139282.0
UNC-CH,professor,244822.0
UNC-CH,associate_professor,284050.0
UNC-CH,professor,139050.0
UNC-CH,professor,500000.0
UNC-CH,professor,78557.0
UNC-CH,professor,442162.73
UNC-CH,assistant_professor,102000.0
UNC-CH,professor,387450.0
UNC-CH,associate_professor,69623.0
UNC-CH,professor,126183.0
UNC-CH,associate_professor,129926.0
UNC-CH,professor,255608.0
UNC-CH,professor,150155.0
UNC-CH,associate_professor,138798.0
UNC-CH,professor,60519.0
UNC-CH,professor,410000.0
UNC-CH,professor,246710.0
UNC-CH,associate_professor,127324.0
UNC-CH,professor,234975.0
UNC-CH,associate_professor,241418.42
UNC-CH,associate_professor,63552.0
UNC-CH,associate_professor,131714.0
UNC-CH,professor,150263.0
UNC-CH,assistant_professor,232188.0
UNC-CH,professor,159650.0
UNC-CH,associate_professor,131939.0
UNC-CH,professor,371527.0
UNC-CH,professor,262650.0
UNC-CH,associate_professor,120000.0
UNC-CH,professor,182050.0
UNC-CH,professor,73676.0
UNC-CH,professor,297900.0
UNC-CH,associate_professor,330000.0
UNC-CH,professor,84421.0
UNC-CH,professor,306962.0
UNC-CH,professor,161750.0
UNC-CH,assistant_professor,420000.0
UNC-CH,professor,196333.0
UNC-CH,professor,242050.0
UNC-CH,professor,504367.0
UNC-CH,associate_professor,245728.0
UNC-CH,assistant_professor,117000.0
UNC-CH,associate_professor,166860.0
UNC-CH,assistant_professor,175000.0
UNC-CH,professor,136933.0
UNC-CH,assistant_professor,220200.15
UNC-CH,assistant_professor,102000.0
UNC-CH,assistant_professor,108150.0
UNC-CH,lecturer,80000.0
UNC-CH,professor,463032.1
UNC-CH,assistant_professor,322515.14
UNC-CH,assistant_professor,208740.45
UNC-CH,assistant_professor,71610.0
UNC-CH,associate_professor,120000.0
UNC-CH,associate_professor,131987.7
UNC-CH,assistant_professor,71946.0
UNC-CH,assistant_professor,335519.65
UNC-CH,professor,172760.0
UNC-CH,associate_professor,76931.0
UNC-CH,associate_professor,204682.0
UNC-CH,associate_professor,511454.0
UNC-CH,professor,283000.0
UNC-CH,associate_professor,123600.0
UNC-CH,associate_professor,164800.0
UNC-CH,professor,84913.65
UNC-CH,associate_professor,253742.0
UNC-CH,assistant_professor,213110.02
UNC-CH,assistant_professor,246000.0
UNC-CH,associate_professor,287460.14
UNC-CH,professor,226600.0
UNC-CH,assistant_professor,63654.0
UNC-CH,assistant_professor,148526.0
UNC-CH,associate_professor,108111.0
UNC-CH,assistant_professor,90640.0
UNC-CH,assistant_professor,127720.0
UNC-CH,professor,216548.0
UNC-CH,assistant_professor,110725.0
UNC-CH,assistant_professor,224326.33
UNC-CH,assistant_professor,74160.0
UNC-CH,associate_professor,477727.0
UNC-CH,assistant_professor,84500.0
UNC-CH,associate_professor,99943.0
UNC-CH,associate_professor,106988.0
UNC-CH,assistant_professor,134004.0
UNC-CH,associate_professor,250000.0
UNC-CH,assistant_professor,118450.0
UNC-CH,assistant_professor,260000.0
UNC-CH,assistant_professor,222612.0
UNC-CH,assistant_professor,111721.0
UNC-CH,assistant_professor,261867.0
UNC-CH,associate_professor,362954.0
UNC-CH,associate_professor,294224.0
UNC-CH,professor,468220.58
UNC-CH,professor,151964.0
UNC-CH,assistant_professor,98698.0
UNC-CH,assistant_professor,226547.13
UNC-CH,professor,124074.0
UNC-CH,lecturer,169867.0
UNC-CH,assistant_professor,82000.0
UNC-CH,professor,191024.0
UNC-CH,associate_professor,121758.0
UNC-CH,associate_professor,372547.0
UNC-CH,assistant_professor,198624.0
UNC-CH,assistant_professor,234085.0
UNC-CH,lecturer,70445.0
UNC-CH,associate_professor,165500.0
UNC-CH,professor,184699.0
UNC-CH,associate_professor,115191.0
UNC-CH,associate_professor,258000.0
UNC-CH,professor,158026.0
UNC-CH,assistant_professor,220200.15
UNC-CH,assistant_professor,63654.0
UNC-CH,assistant_professor,230675.0
UNC-CH,assistant_professor,177758.0
UNC-CH,associate_professor,144200.0
UNC-CH,professor,69739.0
UNC-CH,professor,120688.0
UNC-CH,assistant_professor,165000.0
UNC-CH,associate_professor,511454.0
UNC-CH,professor,209381.0
UNC-CH,assistant_professor,76971.0
UNC-CH,assistant_professor,103328.0
UNC-CH,associate_professor,116550.0
UNC-CH,associate_professor,120782.0
UNC-CH,assistant_professor,234085.0
UNC-CH,associate_professor,126028.0
UNC-CH,associate_professor,215014.0
UNC-CH,assistant_professor,104817.0
UNC-CH,assistant_professor,355432.73
UNC-CH,assistant_professor,275730.0
UNC-CH,associate_professor,290000.0
UNC-CH,associate_professor,137451.0
UNC-CH,lecturer,97151.6
UNC-CH,assistant_professor,115766.0
UNC-CH,assistant_professor,328626.0
UNC-CH,assistant_professor,66197.0
UNC-CH,professor,160332.0
UNC-CH,professor,118819.0
UNC-CH,assistant_professor,75302.0
UNC-CH,professor,429838.0
UNC-CH,associate_professor,108150.0
UNC-CH,assistant_professor,220200.15
UNC-CH,assistant_professor,646818.0
UNC-CH,assistant_professor,200000.0
UNC-CH,associate_professor,242734.0
UNC-CH,assistant_professor,215000.0
UNC-CH,assistant_professor,76000.0
UNC-CH,assistant_professor,132613.0
UNC-CH,assistant_professor,88580.0
UNC-CH,professor,145392.0
UNC-CH,professor,424807.0
UNC-CH,professor,192042.0
UNC-CH,associate_professor,97145.0
UNC-CH,assistant_professor,250000.0
UNC-CH,associate_professor,98247.0
UNC-CH,professor,457877.0
UNC-CH,professor,457877.0
UNC-CH,professor,160325.0
UNC-CH,professor,121507.0
UNC-CH,professor,189563.0
UNC-CH,professor,174215.0
UNC-CH,associate_professor,101891.0
UNC-CH,professor,212195.0
UNC-CH,professor,150000.0
UNC-CH,associate_professor,94411.0
UNC-CH,professor,272950.0
UNC-CH,professor,199408.0
UNC-CH,associate_professor,241418.42
UNC-CH,professor,175100.0
UNC-CH,lecturer,97151.6
UNC-CH,professor,110229.0
UNC-CH,professor,211725.0
UNC-CH,professor,393863.0
UNC-CH,associate_professor,248538.0
UNC-CH,professor,178696.0
UNC-CH,professor,526975.51
UNC-CH,professor,252184.0
UNC-CH,professor,140168.0
UNC-CH,professor,78779.0
UNC-CH,professor,166750.0
UNC-CH,professor,151002.0
UNC-CH,associate_professor,102355.0
UNC-CH,associate_professor,107211.0
UNC-CH,lecturer,113836.62
UNC-CH,professor,189530.95
UNC-CH,associate_professor,125000.0
UNC-CH,associate_professor,275000.0
UNC-CH,professor,203598.0
UNC-CH,associate_professor,106298.0
UNC-CH,associate_professor,324654.3
UNC-CH,professor,199641.0
UNC-CH,professor,118925.0
UNC-CH,professor,137912.0
UNC-CH,professor,133233.0
UNC-CH,professor,204106.0
UNC-CH,professor,208602.0
UNC-CH,associate_professor,84551.0
UNC-CH,professor,270717.0
UNC-CH,assistant_professor,108540.0
UNC-CH,professor,273415.0
UNC-CH,professor,282016.0
UNC-CH,associate_professor,88228.0
UNC-CH,professor,314247.51
UNC-CH,associate_professor,150117.0
UNC-CH,professor,690000.0
UNC-CH,assistant_professor,288699.0
UNC-CH,professor,300752.0
UNC-CH,professor,74140.0
UNC-CH,professor,150111.0
UNC-CH,professor,241631.0
UNC-CH,associate_professor,173663.0
UNC-CH,associate_professor,130491.0
UNC-CH,professor,91672.0
UNC-CH,professor,240160.0
UNC-CH,professor,204184.0
UNC-CH,associate_professor,196998.0
UNC-CH,professor,190962.0
UNC-CH,professor,92989.0
UNC-CH,assistant_professor,82962.0
UNC-CH,professor,389234.0
UNC-CH,professor,284357.0
UNC-CH,associate_professor,81880.0
UNC-CH,professor,168486.0
UNC-CH,associate_professor,100000.0
UNC-CH,professor,132184.0
UNC-CH,professor,121459.0
UNC-CH,professor,271499.97
UNC-CH,professor,146386.0
UNC-CH,professor,176100.0
UNC-CH,professor,240930.0
UNC-CH,assistant_professor,115299.0
UNC-CH,associate_professor,118912.0
UNC-CH,professor,505864.0
UNC-CH,professor,371527.0
UNC-CH,administrator,171675.0
UNC-CH,professor,255747.0
UNC-CH,assistant_professor,93784.0
UNC-CH,professor,242956.0
UNC-CH,associate_professor,166344.0
UNC-CH,professor,223037.0
UNC-CH,assistant_professor,214829.0
UNC-CH,professor,221529.0
UNC-CH,associate_professor,98754.0
UNC-CH,assistant_professor,128750.0
UNC-CH,associate_professor,550472.0
UNC-CH,assistant_professor,60683.0
UNC-CH,assistant_professor,158282.0
UNC-CH,associate_professor,133056.0
UNC-CH,assistant_professor,240000.0
UNC-CH,lecturer,103506.0
UNC-CH,assistant_professor,57373.0
UNC-CH,professor,157544.0
UNC-CH,assistant_professor,355432.73
UNC-CH,professor,297250.0
UNC-CH,associate_professor,231003.0
UNC-CH,administrator,160000.0
UNC-CH,professor,308000.0
UNC-CH,associate_professor,102541.0
UNC-CH,associate_professor,194016.0
UNC-CH,professor,226000.0
UNC-CH,professor,185658.0
UNC-CH,professor,140489.0
UNC-CH,assistant_professor,140675.0
UNC-CH,assistant_professor,77000.0
UNC-CH,associate_professor,99802.0
UNC-CH,associate_professor,235379.0
UNC-CH,lecturer,118660.22
UNC-CH,assistant_professor,149350.0
UNC-CH,associate_professor,249132.0
UNC-CH,professor,215748.0
UNC-CH,associate_professor,63114.0
UNC-CH,assistant_professor,143222.0
UNC-CH,assistant_professor,92700.0
UNC-CH,assistant_professor,108150.0
UNC-CH,professor,127344.0
UNC-CH,professor,504367.0
UNC-CH,associate_professor,126690.0
UNC-CH,associate_professor,108746.0
UNC-CH,professor,176231.0
UNC-CH,associate_professor,354552.0
UNC-CH,associate_professor,162552.96
UNC-CH,professor,146863.0
UNC-CH,professor,156009.0
UNC-CH,assistant_professor,132034.0
UNC-CH,assistant_professor,102000.0
UNC-CH,assistant_professor,135960.0
UNC-CH,assistant_professor,71000.0
UNC-CH,professor,226000.0
UNC-CH,assistant_professor,328626.0
UNC-CH,associate_professor,101523.0
UNC-CH,assistant_professor,355432.73
UNC-CH,associate_professor,127308.0
UNC-CH,associate_professor,211900.0
UNC-CH,professor,251000.0
UNC-CH,assistant_professor,248450.0
UNC-CH,assistant_professor,86700.0
UNC-CH,assistant_professor,92700.0
UNC-CH,assistant_professor,126320.0
UNC-CH,assistant_professor,116699.0
UNC-CH,associate_professor,186667.0
UNC-CH,assistant_professor,125000.0
UNC-CH,associate_professor,79162.0
UNC-CH,assistant_professor,139616.0
UNC-CH,associate_professor,241418.42
UNC-CH,associate_professor,145462.0
UNC-CH,assistant_professor,328626.0
UNC-CH,professor,269706.0
UNC-CH,associate_professor,290988.0
UNC-CH,assistant_professor,164800.0
UNC-CH,assistant_professor,98880.0
UNC-CH,lecturer,85564.7
UNC-CH,assistant_professor,75000.0
UNC-CH,assistant_professor,95790.0
UNC-CH,assistant_professor,100786.0
UNC-CH,professor,271586.0
UNC-CH,assistant_professor,174733.0
UNC-CH,associate_professor,221791.0
UNC-CH,associate_professor,155400.0
UNC-CH,professor,78999.0
UNC-CH,associate_professor,108458.0
UNC-CH,lecturer,61285.0
UNC-CH,assistant_professor,82737.0
UNC-CH,assistant_professor,234000.0
UNC-CH,professor,150180.0
UNC-CH,associate_professor,159189.0
UNC-CH,lecturer,103359.0
UNC-CH,associate_professor,113465.2
UNC-CH,professor,267650.0
UNC-CH,assistant_professor,126690.0
UNC-CH,assistant_professor,328626.0
UNC-CH,assistant_professor,166767.0
UNC-CH,assistant_professor,127000.0
UNC-CH,professor,281190.0
UNC-CH,professor,128084.0
UNC-CH,professor,145693.0
UNC-CH,associate_professor,137000.0
UNC-CH,assistant_professor,95790.0
UNC-CH,associate_professor,362955.0
UNC-CH,assistant_professor,88000.0
UNC-CH,professor,95983.0
UNC-CH,assistant_professor,60683.0
UNC-CH,assistant_professor,157225.0
UNC-CH,associate_professor,253070.0
UNC-CH,professor,647050.24
UNC-CH,professor,375000.0
UNC-CH,assistant_professor,57373.0
UNC-CH,lecturer,122000.0
UNC-CH,assistant_professor,201289.0
UNC-CH,assistant_professor,120510.0
UNC-CH,assistant_professor,72869.0
UNC-CH,assistant_professor,95790.0
UNC-CH,assistant_professor,55826.0
UNC-CH,lecturer,88400.0
UNC-CH,assistant_professor,92700.0
UNC-CH,professor,139020.0
UNC-CH,associate_professor,207422.0
UNC-CH,professor,179220.0
UNC-CH,assistant_professor,220200.15
UNC-CH,assistant_professor,182775.0
UNC-CH,associate_professor,114696.0
UNC-CH,assistant_professor,87550.0
UNC-CH,assistant_professor,260000.0
UNC-CH,assistant_professor,102000.0
UNC-CH,lecturer,88400.0
UNC-CH,assistant_professor,305533.0
UNC-CH,assistant_professor,328626.0
UNC-CH,associate_professor,97855.0
UNC-CH,associate_professor,231003.0
UNC-CH,associate_professor,138937.0
UNC-CH,professor,305000.0
UNC-CH,assistant_professor,103714.0
UNC-CH,professor,362730.0
UNC-CH,associate_professor,149967.69
UNC-CH,assistant_professor,328626.0
UNC-CH,professor,168431.0
UNC-CH,professor,184576.0
UNC-CH,professor,233880.0
UNC-CH,professor,133722.0
UNC-CH,professor,129832.0
UNC-CH,professor,209657.0
UNC-CH,professor,205149.24
UNC-CH,professor,389596.0
UNC-CH,associate_professor,294224.0
UNC-CH,professor,341160.0
UNC-CH,professor,288400.0
UNC-CH,associate_professor,118940.43
UNC-CH,associate_professor,122004.0
UNC-CH,professor,299000.0
UNC-CH,professor,111166.0
UNC-CH,professor,171532.0
UNC-CH,professor,281047.0
UNC-CH,professor,577000.0
UNC-CH,professor,122660.0
UNC-CH,professor,207308.0
UNC-CH,professor,465106.81
UNC-CH,professor,213699.0
UNC-CH,associate_professor,101059.0
UNC-CH,professor,297221.6
UNC-CH,professor,144893.0
UNC-CH,associate_professor,250000.0
UNC-CH,professor,175100.0
UNC-CH,professor,196035.0
UNC-CH,professor,149432.0
UNC-CH,professor,142035.0
UNC-CH,associate_professor,121976.0
UNC-CH,professor,502438.0
UNC-CH,professor,297221.6
UNC-CH,administrator,397201.0
UNC-CH,professor,172760.0
UNC-CH,professor,305000.0
UNC-CH,associate_professor,226364.0
UNC-CH,professor,242129.0
UNC-CH,professor,144000.0
UNC-CH,professor,218467.0
UNC-CH,associate_professor,119764.0
UNC-CH,associate_professor,155932.0
UNC-CH,associate_professor,267080.0
UNC-CH,assistant_professor,110000.0
UNC-CH,professor,142211.0
UNC-CH,assistant_professor,207090.0
UNC-CH,associate_professor,137971.0
UNC-CH,associate_professor,114643.0
UNC-CH,associate_professor,167000.0
UNC-CH,professor,130762.0
UNC-CH,professor,140000.0
UNC-CH,professor,174150.0
UNC-CH,professor,86528.0
UNC-CH,professor,178556.0
UNC-CH,professor,200568.0
UNC-CH,professor,340207.0
UNC-CH,associate_professor,530138.13
UNC-CH,lecturer,118586.0
UNC-CH,assistant_professor,328626.0
UNC-CH,associate_professor,241056.0
UNC-CH,professor,194677.0
UNC-CH,associate_professor,176130.0
UNC-CH,professor,141965.0
UNC-CH,professor,280587.0
UNC-CH,lecturer,36913.0
UNC-CH,professor,139031.0
UNC-CH,professor,311903.0
UNC-CH,professor,149585.0
UNC-CH,professor,180250.0
UNC-CH,associate_professor,294224.0
UNC-CH,lecturer,192839.0
UNC-CH,professor,140000.0
UNC-CH,professor,191000.0
UNC-CH,professor,226713.0
UNC-CH,professor,447346.23
UNC-CH,professor,140000.0
UNC-CH,professor,138338.0
UNC-CH,associate_professor,150772.0
UNC-CH,professor,221927.0
UNC-CH,assistant_professor,94988.0
UNC-CH,professor,310666.67
UNC-CH,professor,161849.0
UNC-CH,professor,408029.0
UNC-CH,professor,54227.0
UNC-CH,associate_professor,422690.0
UNC-CH,assistant_professor,99873.0
UNC-CH,professor,143170.0
UNC-CH,professor,158403.0
UNC-CH,associate_professor,294224.0
UNC-CH,professor,228723.0
UNC-CH,professor,362730.0
UNC-CH,professor,159157.0
UNC-CH,associate_professor,69107.0
UNC-CH,professor,47975.2
UNC-CH,associate_professor,109494.0
UNC-CH,professor,127000.0
UNC-CH,professor,287000.0
UNC-CH,professor,133336.0
UNC-CH,professor,136933.0
UNC-CH,lecturer,163249.0
UNC-CH,professor,134001.0
UNC-CH,professor,279500.0
UNC-CH,professor,170319.0
UNC-CH,associate_professor,110896.0
UNC-CH,professor,388992.0
UNC-CH,professor,156564.0
UNC-CH,associate_professor,354966.0
UNC-CH,associate_professor,140828.0
UNC-CH,professor,136614.0
UNC-CH,associate_professor,164869.0
UNC-CH,professor,154530.0
UNC-CH,professor,159330.0
UNC-CH,professor,130000.0
UNC-CH,professor,187128.0
UNC-CH,associate_professor,246119.0
UNC-CH,associate_professor,109247.0
UNC-CH,professor,509964.0
UNC-CH,professor,90000.0
UNC-CH,assistant_professor,118450.0
UNC-CH,associate_professor,245000.0
UNC-CH,assistant_professor,142934.0
UNC-CH,professor,142198.0
UNC-CH,associate_professor,111997.0
UNC-CH,professor,341211.0
UNC-CH,associate_professor,87151.0
UNC-CH,lecturer,130269.0
UNC-CH,assistant_professor,111086.0
UNC-CH,associate_professor,120136.0
UNC-CH,assistant_professor,343212.84
UNC-CH,assistant_professor,91096.0
UNC-CH,assistant_professor,254000.0
UNC-CH,assistant_professor,105060.0
UNC-CH,lecturer,123600.0
UNC-CH,professor,200000.0
UNC-CH,assistant_professor,112000.0
UNC-CH,assistant_professor,222612.0
UNC-CH,associate_professor,618000.0
UNC-CH,associate_professor,119056.0
UNC-CH,assistant_professor,140675.0
UNC-CH,assistant_professor,56420.0
UNC-CH,associate_professor,165919.0
UNC-CH,professor,186718.0
UNC-CH,associate_professor,125000.0
UNC-CH,lecturer,143222.0
UNC-CH,associate_professor,86994.0
UNC-CH,assistant_professor,191321.0
UNC-CH,assistant_professor,169950.0
UNC-CH,assistant_professor,260000.0
UNC-CH,associate_professor,221450.0
UNC-CH,assistant_professor,127308.0
UNC-CH,associate_professor,127720.0
UNC-CH,associate_professor,288581.6
UNC-CH,lecturer,123600.0
UNC-CH,associate_professor,119417.0
UNC-CH,assistant_professor,406782.0
UNC-CH,assistant_professor,58710.0
UNC-CH,assistant_professor,90640.0
UNC-CH,assistant_professor,250706.0
UNC-CH,assistant_professor,225000.0
UNC-CH,assistant_professor,56650.0
UNC-CH,assistant_professor,255000.0
UNC-CH,assistant_professor,102000.0
UNC-CH,associate_professor,130491.0
UNC-CH,assistant_professor,108150.0
UNC-CH,assistant_professor,439992.0
UNC-CH,assistant_professor,96434.0
UNC-CH,assistant_professor,87312.0
UNC-CH,assistant_professor,101541.0
UNC-CH,associate_professor,103360.0
UNC-CH,assistant_professor,85500.0
UNC-CH,assistant_professor,186953.0
UNC-CH,professor,306000.0
UNC-CH,associate_professor,154500.0
UNC-CH,lecturer,85564.7
UNC-CH,associate_professor,377392.0
UNC-CH,associate_professor,240000.0
UNC-CH,professor,530330.0
UNC-CH,associate_professor,237163.0
UNC-CH,professor,281996.0
UNC-CH,associate_professor,170115.0
UNC-CH,assistant_professor,459750.0
UNC-CH,assistant_professor,318500.0
UNC-CH,assistant_professor,94248.0
UNC-CH,assistant_professor,131325.0
UNC-CH,lecturer,66950.0
UNC-CH,assistant_professor,100552.0
UNC-CH,assistant_professor,302808.0
UNC-CH,assistant_professor,286000.0
UNC-CH,professor,86740.0
UNC-CH,associate_professor,111997.0
UNC-CH,associate_professor,477727.0
UNC-CH,professor,117075.0
UNC-CH,assistant_professor,133900.0
UNC-CH,assistant_professor,101695.0
UNC-CH,assistant_professor,102850.0
UNC-CH,assistant_professor,57680.0
UNC-CH,assistant_professor,328626.0
UNC-CH,professor,370000.0
UNC-CH,associate_professor,439467.19
UNC-CH,associate_professor,159135.0
UNC-CH,associate_professor,109628.0
UNC-CH,associate_professor,93640.0
UNC-CH,assistant_professor,267101.0
UNC-CH,associate_professor,154729.0
UNC-CH,assistant_professor,102628.0
UNC-CH,professor,371527.0
UNC-CH,associate_professor,360727.0
UNC-CH,associate_professor,92526.0
UNC-CH,lecturer,55698.0
UNC-CH,assistant_professor,106090.0
UNC-CH,professor,279310.0
UNC-CH,associate_professor,360727.0
UNC-CH,associate_professor,159650.0
UNC-CH,lecturer,85564.7
UNC-CH,lecturer,197646.0
UNC-CH,associate_professor,150118.0
UNC-CH,professor,164800.0
UNC-CH,assistant_professor,82737.0
UNC-CH,assistant_professor,92298.0
UNC-CH,assistant_professor,87500.0
UNC-CH,assistant_professor,144200.0
UNC-CH,lecturer,66950.0
UNC-CH,lecturer,75190.0
UNC-CH,assistant_professor,152646.0
UNC-CH,associate_professor,110054.0
UNC-CH,assistant_professor,219500.0
UNC-CH,lecturer,66300.0
UNC-CH,administrator,165500.0
UNC-CH,associate_professor,117377.0
UNC-CH,lecturer,72100.0
UNC-CH,associate_professor,232300.0
UNC-CH,professor,300000.0
UNC-CH,assistant_professor,250706.0
UNC-CH,associate_professor,147185.0
UNC-CH,assistant_professor,328626.0
UNC-CH,professor,294711.0
UNC-CH,assistant_professor,328626.0
UNC-CH,assistant_professor,418763.0
UNC-CH,associate_professor,96825.0
UNC-CH,professor,189445.0
UNC-CH,assistant_professor,113987.0
UNC-CH,lecturer,97151.6
UNC-CH,associate_professor,94021.0
UNC-CH,assistant_professor,119480.0
UNC-CH,assistant_professor,647000.0
UNC-CH,professor,800000.0
UNC-CH,assistant_professor,90640.0
UNC-CH,administrator,463401.0
UNC-CH,associate_professor,212496.0
UNC-CH,assistant_professor,75000.0
UNC-CH,assistant_professor,133900.0
UNC-CH,lecturer,85564.7
UNC-CH,associate_professor,385000.0
UNC-CH,assistant_professor,94212.0
UNC-CH,associate_professor,280000.0
UNC-CH,professor,208595.0
UNC-CH,assistant_professor,118450.0
UNC-CH,professor,155985.0
UNC-CH,professor,130992.0
UNC-CH,professor,301441.0
UNC-CH,lecturer,79310.0
UNC-CH,associate_professor,159600.0
UNC-CH,professor,221000.0
UNC-CH,assistant_professor,261868.0
UNC-CH,assistant_professor,221608.89
UNC-CH,associate_professor,280000.0
UNC-CH,lecturer,68495.0
UNC-CH,associate_professor,380000.0
UNC-CH,associate_professor,164800.0
UNC-CH,lecturer,102000.0
UNC-CH,professor,195975.0
UNC-CH,assistant_professor,204000.0
UNC-CH,associate_professor,150174.0
UNC-CH,associate_professor,396650.0
UNC-CH,assistant_professor,240000.0
UNC-CH,professor,323278.0
UNC-CH,assistant_professor,445000.0
UNC-CH,assistant_professor,101970.0
UNC-CH,assistant_professor,286443.0
UNC-CH,lecturer,153449.0
UNC-CH,assistant_professor,84000.0
UNC-CH,associate_professor,571798.62
UNC-CH,assistant_professor,463375.0
UNC-CH,assistant_professor,127308.0
UNC-CH,assistant_professor,234256.0
UNC-CH,associate_professor,70718.0
UNC-CH,assistant_professor,95790.0
UNC-CH,assistant_professor,167000.0
UNC-CH,associate_professor,275820.0
UNC-CH,assistant_professor,320250.0
UNC-CH,assistant_professor,422945.33
UNC-CH,associate_professor,80678.0
UNC-CH,associate_professor,80412.0
UNC-CH,professor,159162.0
UNC-CH,lecturer,63043.5
UNC-CH,assistant_professor,104817.0
UNC-CH,associate_professor,154464.0
UNC-CH,associate_professor,204000.0
UNC-CH,associate_professor,159657.0
UNC-CH,assistant_professor,82737.0
UNC-CH,assistant_professor,328626.0
UNC-CH,assistant_professor,169950.0
UNC-CH,assistant_professor,216300.0
UNC-CH,assistant_professor,240000.0
UNC-CH,assistant_professor,113300.0
UNC-CH,assistant_professor,127308.0
UNC-CH,assistant_professor,223450.55
UNC-CH,lecturer,85932.0
UNC-CH,assistant_professor,92683.0
UNC-CH,assistant_professor,156000.0
UNC-CH,associate_professor,246000.0
UNC-CH,assistant_professor,115360.0
UNC-CH,associate_professor,565000.0
UNC-CH,assistant_professor,353912.23
UNC-CH,assistant_professor,140675.0
UNC-CH,assistant_professor,104000.0
UNC-CH,assistant_professor,375146.97
UNC-CH,associate_professor,439502.0
UNC-CH,professor,306962.0
UNC-CH,professor,440702.0
UNC-CH,assistant_professor,201289.0
UNC-CH,professor,328828.12
UNC-CH,lecturer,73000.0
UNC-CH,associate_professor,192521.0
UNC-CH,assistant_professor,140675.0
UNC-CH,professor,149056.0
UNC-CH,assistant_professor,227250.0
UNC-CH,assistant_professor,148526.0
UNC-CH,lecturer,95481.0
UNC-CH,assistant_professor,194085.6
UNC-CH,assistant_professor,56650.0
UNC-CH,professor,77235.0
UNC-CH,associate_professor,119488.0
UNC-CH,assistant_professor,210000.0
UNC-CH,assistant_professor,95790.0
UNC-CH,assistant_professor,260000.0
UNC-CH,assistant_professor,222612.0
UNC-CH,assistant_professor,195000.0
UNC-CH,assistant_professor,220200.15
UNC-CH,assistant_professor,97850.0
UNC-CH,associate_professor,122513.0
UNC-CH,associate_professor,165500.0
UNC-CH,lecturer,92807.25
UNC-CH,associate_professor,108846.0
UNC-CH,associate_professor,74542.0
UNC-CH,associate_professor,280000.0
UNC-CH,assistant_professor,233153.0
UNC-CH,assistant_professor,232778.46
UNC-CH,professor,114428.0
UNC-CH,professor,334374.3
UNC-CH,assistant_professor,200000.0
UNC-CH,professor,111719.0
UNC-CH,professor,142121.0
UNC-CH,professor,117004.0
UNC-CH,professor,339331.0
UNC-CH,professor,185742.0
UNC-CH,professor,142585.0
UNC-CH,professor,254384.0
UNC-CH,professor,371527.0
UNC-CH,professor,262286.77
UNC-CH,lecturer,88400.0
UNC-CH,professor,208015.0
UNC-CH,professor,213714.0
UNC-CH,associate_professor,92029.0
UNC-CH,professor,174643.0
UNC-CH,professor,213718.0
UNC-CH,professor,193804.0
UNC-CH,assistant_professor,220200.15
UNC-CH,assistant_professor,63702.0
UNC-CH,assistant_professor,115360.0
UNC-CH,assistant_professor,79310.0
UNC-CH,assistant_professor,216300.0
UNC-CH,assistant_professor,198180.14
UNC-CH,associate_professor,168526.0
UNC-CH,assistant_professor,334252.0
UNC-CH,assistant_professor,499800.0
UNC-CH,assistant_professor,296242.0
UNC-CH,assistant_professor,224326.33
UNC-CH,associate_professor,363371.0
UNC-CH,assistant_professor,224326.33
UNC-CH,associate_professor,477727.0
UNC-CH,professor,452791.0
UNC-CH,assistant_professor,75278.0
UNC-CH,lecturer,85564.7
UNC-CH,assistant_professor,262900.8
UNC-CH,professor,266555.0
UNC-CH,assistant_professor,97850.0
UNC-CH,assistant_professor,87160.0
UNC-CH,associate_professor,250000.0
UNC-CH,assistant_professor,67980.0
UNC-CH,professor,190962.0
UNC-CH,assistant_professor,86520.0
UNC-CH,professor,258598.0
UNC-CH,professor,122047.0
UNC-CH,associate_professor,117021.0
UNC-CH,assistant_professor,135672.0
UNC-CH,assistant_professor,128750.0
UNC-CH,lecturer,61285.0
UNC-CH,assistant_professor,355432.73
UNC-CH,professor,571694.0
UNC-CH,associate_professor,322000.0
UNC-CH,professor,125045.0
UNC-CH,associate_professor,135960.0
UNC-CH,assistant_professor,226465.31
UNC-CH,assistant_professor,227433.0
UNC-CH,associate_professor,151677.0
UNC-CH,assistant_professor,202000.0
UNC-CH,professor,228000.0
UNC-CH,associate_professor,185400.0
UNC-CH,associate_professor,82400.0
UNC-CH,associate_professor,120562.0
UNC-CH,assistant_professor,102000.0
UNC-CH,assistant_professor,97706.0
UNC-CH,associate_professor,263000.0
UNC-CH,assistant_professor,105060.0
UNC-CH,assistant_professor,73645.0
UNC-CH,associate_professor,668988.78
UNC-CH,associate_professor,133045.0
UNC-CH,professor,133030.0
UNC-CH,associate_professor,73500.0
UNC-CH,professor,172500.0
UNC-CH,assistant_professor,123600.0
UNC-CH,assistant_professor,94420.0
UNC-CH,professor,160638.56
UNC-CH,associate_professor,107120.0
UNC-CH,assistant_professor,85000.0
UNC-CH,associate_professor,99252.0
UNC-CH,assistant_professor,141075.0
UNC-CH,assistant_professor,127308.0
UNC-CH,assistant_professor,104468.0
UNC-CH,assistant_professor,250000.0
UNC-CH,professor,170342.0
UNC-CH,assistant_professor,89610.0
UNC-CH,professor,114372.0
UNC-CH,professor,415000.0
UNC-CH,professor,137917.0
UNC-CH,professor,442658.73
UNC-CH,associate_professor,312848.0
UNC-CH,professor,200000.0
UNC-CH,professor,150381.0
UNC-CH,lecturer,88400.0
UNC-CH,professor,73711.0
UNC-CH,associate_professor,77947.0
UNC-CH,professor,380106.0
UNC-CH,associate_professor,382757.88
UNC-CH,professor,276824.0
UNC-CH,assistant_professor,246456.0
UNC-CH,assistant_professor,107000.0
UNC-CH,associate_professor,180000.0
UNC-CH,professor,62763.0
UNC-CH,associate_professor,504418.7
UNC-CH,associate_professor,88266.88
UNC-CH,assistant_professor,135000.0
UNC-CH,assistant_professor,234000.0
UNC-CH,professor,444178.0
UNC-CH,associate_professor,477727.0
UNC-CH,associate_professor,155401.0
UNC-CH,associate_professor,181417.0
UNC-CH,associate_professor,183000.0
UNC-CH,professor,316952.0
UNC-CH,assistant_professor,74160.0
UNC-CH,professor,157748.0
UNC-CH,assistant_professor,207000.0
UNC-CH,associate_professor,82931.0
UNC-CH,assistant_professor,202500.0
UNC-CH,professor,180388.0
UNC-CH,assistant_professor,219996.0
UNC-CH,professor,285000.0
UNC-CH,professor,266555.0
UNC-CH,assistant_professor,508188.0
UNC-CH,associate_professor,236900.0
UNC-CH,lecturer,109978.0
UNC-CH,associate_professor,267080.0
UNC-CH,assistant_professor,280000.0
UNC-CH,professor,288400.0
UNC-CH,associate_professor,267080.0
UNC-CH,assistant_professor,439992.0
UNC-CH,assistant_professor,216226.0
UNC-CH,assistant_professor,260000.0
UNC-CH,assistant_professor,66557.0
UNC-CH,professor,188932.0
UNC-CH,professor,184223.0
UNC-CH,associate_professor,110119.0
UNC-CH,professor,196323.0
UNC-CH,associate_professor,108605.8
UNC-CH,professor,157507.0
UNC-CH,professor,283486.0
UNC-CH,associate_professor,163120.0
UNC-CH,assistant_professor,333182.62
UNC-CH,professor,371527.0
UNC-CH,professor,157790.0
UNC-CH,assistant_professor,86520.0
UNC-CH,associate_professor,115542.0
UNC-CH,associate_professor,81733.0
UNC-CH,professor,570000.0
UNC-CH,associate_professor,245476.0
UNC-CH,assistant_professor,334900.0
UNC-CH,professor,211150.0
UNC-CH,professor,220000.0
UNC-CH,professor,181175.0
UNC-CH,professor,179440.0
UNC-CH,associate_professor,259218.0
UNC-CH,professor,393873.0
UNC-CH,professor,308211.0
UNC-CH,professor,370000.0
UNC-CH,professor,175410.0
UNC-CH,professor,189625.0
UNC-CH,assistant_professor,262900.8
UNC-CH,professor,251044.0
UNC-CH,administrator,247988.0
UNC-CH,associate_professor,96171.0
UNC-CH,professor,266251.0
UNC-CH,professor,338355.0
UNC-CH,assistant_professor,113914.0
UNC-CH,associate_professor,60683.0
UNC-CH,professor,190962.0
UNC-CH,associate_professor,98509.0
UNC-CH,professor,123797.0
UNC-CH,associate_professor,191762.0
UNC-CH,professor,90602.0
UNC-CH,associate_professor,202000.0
UNC-CH,professor,176611.0
UNC-CH,professor,142846.0
UNC-CH,associate_professor,520729.63
UNC-CH,associate_professor,267080.0
UNC-CH,professor,223940.0
UNC-CH,associate_professor,121251.0
UNC-CH,professor,146684.0
UNC-CH,professor,165132.0
UNC-CH,associate_professor,307666.67
UNC-CH,associate_professor,415000.0
UNC-CH,professor,177190.0
UNC-CH,professor,136647.0
UNC-CH,professor,139449.0
UNC-CH,professor,302019.0
UNC-CH,associate_professor,118800.0
UNC-CH,assistant_professor,203933.0
UNC-CH,assistant_professor,107500.0
UNC-CH,professor,171472.87
UNC-CH,professor,143222.0
UNC-CH,professor,310000.0
UNC-CH,professor,226600.0
UNC-CH,associate_professor,188415.0
UNC-CH,professor,242513.0
UNC-CH,professor,98962.5
UNC-CH,assistant_professor,187500.0
UNC-CH,associate_professor,360727.0
UNC-CH,associate_professor,243000.0
UNC-CH,assistant_professor,100786.0
UNC-CH,professor,164650.0
UNC-CH,professor,112738.0
UNC-CH,associate_professor,61660.0
UNC-CH,assistant_professor,79595.0
UNC-CH,associate_professor,225060.0
UNC-CH,associate_professor,188043.0
UNC-CH,associate_professor,97174.0
UNC-CH,assistant_professor,57815.0
UNC-CH,assistant_professor,226059.96
UNC-CH,associate_professor,78929.0
UNC-CH,associate_professor,288000.0
UNC-CH,associate_professor,265546.72
UNC-CH,assistant_professor,328626.0
UNC-CH,assistant_professor,100000.0
UNC-CH,assistant_professor,85361.0
UNC-CH,assistant_professor,106090.0
UNC-CH,assistant_professor,116000.0
UNC-CH,assistant_professor,213688.0
UNC-CH,assistant_professor,90000.0
UNC-CH,lecturer,89172.5
UNC-CH,assistant_professor,71070.0
UNC-CH,associate_professor,221791.0
UNC-CH,assistant_professor,102000.0
UNC-CH,professor,465106.81
UNC-CH,associate_professor,146121.0
UNC-CH,assistant_professor,85361.0
UNC-CH,lecturer,156400.0
UNC-CH,assistant_professor,267101.0
UNC-CH,professor,525000.0
UNC-CH,assistant_professor,482015.0
UNC-CH,associate_professor,311551.0
UNC-CH,assistant_professor,90125.0
UNC-CH,assistant_professor,127471.0
UNC-CH,lecturer,111521.0
UNC-CH,assistant_professor,190000.0
UNC-CH,lecturer,66950.0
UNC-CH,associate_professor,270000.0
UNC-CH,assistant_professor,82737.0
UNC-CH,lecturer,97151.6
UNC-CH,professor,318813.0
UNC-CH,assistant_professor,250000.0
UNC-CH,assistant_professor,222612.0
UNC-CH,professor,140279.0
UNC-CH,assistant_professor,126385.0
UNC-CH,professor,152185.5
UNC-CH,assistant_professor,345000.0
UNC-CH,lecturer,76734.0
UNC-CH,lecturer,81679.0
UNC-CH,associate_professor,134017.0
UNC-CH,assistant_professor,133871.0
UNC-CH,professor,206876.0
UNC-CH,assistant_professor,108150.0
UNC-CH,assistant_professor,250000.0
UNC-CH,assistant_professor,106600.0
UNC-CH,assistant_professor,304106.0
UNC-CH,assistant_professor,145353.0
UNC-CH,assistant_professor,158620.0
UNC-CH,assistant_professor,89500.0
UNC-CH,professor,238000.0
UNC-CH,assistant_professor,57373.0
UNC-CH,assistant_professor,107914.0
UNC-CH,assistant_professor,110000.0
UNC-CH,assistant_professor,204117.0
UNC-CH,assistant_professor,141934.0
UNC-CH,assistant_professor,51000.0
UNC-CH,assistant_professor,329844.0
UNC-CH,lecturer,61285.0
UNC-CH,assistant_professor,543000.0
UNC-CH,professor,334374.3
UNC-CH,assistant_professor,239059.0
UNC-CH,associate_professor,267080.0
UNC-CH,lecturer,93294.66
UNC-CH,assistant_professor,57373.0
UNC-CH,professor,246432.0
UNC-CH,professor,401000.0
UNC-CH,assistant_professor,100786.0
UNC-CH,lecturer,70864.0
UNC-CH,lecturer,94266.0
UNC-CH,assistant_professor,175415.0
UNC-CH,professor,205216.72
UNC-CH,assistant_professor,328626.0
UNC-CH,associate_professor,129200.0
UNC-CH,professor,170593.0
UNC-CH,assistant_professor,51500.0
UNC-CH,associate_professor,305000.0
UNC-CH,assistant_professor,75000.0
UNC-CH,lecturer,61285.0
UNC-CH,associate_professor,76025.0
UNC-CH,associate_professor,265000.0
UNC-CH,assistant_professor,330168.67
UNC-CH,assistant_professor,131325.0
UNC-CH,associate_professor,119321.0
UNC-CH,professor,71646.0
UNC-CH,assistant_professor,168244.75
UNC-CH,associate_professor,147103.0
UNC-CH,professor,163294.0
UNC-CH,lecturer,66300.0
UNC-CH,associate_professor,132400.0
UNC-CH,professor,202519.0
UNC-CH,assistant_professor,355432.73
UNC-CH,professor,202732.0
UNC-CH,assistant_professor,198624.0
UNC-CH,associate_professor,75505.0
UNC-CH,professor,178740.0
UNC-CH,professor,185400.0
UNC-CH,lecturer,59071.0
UNC-CH,assistant_professor,117000.0
UNC-CH,assistant_professor,136990.0
UNC-CH,associate_professor,126690.0
UNC-CH,associate_professor,175049.0
UNC-CH,assistant_professor,375037.85
UNC-CH,associate_professor,77446.0
UNC-CH,assistant_professor,109273.0
UNC-CH,associate_professor,83430.0
UNC-CH,assistant_professor,85000.0
UNC-CH,assistant_professor,91155.0
UNC-CH,associate_professor,98391.0
UNC-CH,associate_professor,62597.0
UNC-CH,assistant_professor,224326.33
UNC-CH,professor,155000.0
UNC-CH,associate_professor,103054.0
UNC-CH,professor,79440.0
UNC-CH,professor,240020.0
UNC-CH,associate_professor,439992.0
UNC-CH,assistant_professor,330817.96
UNC-CH,assistant_professor,122886.0
UNC-CH,associate_professor,176877.0
UNC-CH,assistant_professor,250000.0
UNC-CH,professor,221801.0
UNC-CH,assistant_professor,281183.0
UNC-CH,assistant_professor,114330.0
UNC-CH,assistant_professor,125000.0
UNC-CH,professor,222105.0
UNC-CH,associate_professor,215000.0
UNC-CH,professor,255080.0
UNC-CH,assistant_professor,149380.0
UNC-CH,associate_professor,328795.0
UNC-CH,professor,178696.0
UNC-CH,associate_professor,109286.0
UNC-CH,professor,109449.5
UNC-CH,professor,172082.0
UNC-CH,professor,499937.0
UNC-CH,professor,293550.0
UNC-CH,lecturer,97151.6
UNC-CH,professor,438633.0
UNC-CH,professor,141955.0
UNC-CH,professor,196450.0
UNC-CH,associate_professor,291117.0
UNC-CH,professor,164884.0
UNC-CH,professor,183697.0
UNC-CH,professor,185188.0
UNC-CH,associate_professor,96791.0
UNC-CH,professor,618000.0
UNC-CH,professor,140000.0
UNC-CH,professor,213037.0
UNC-CH,professor,140000.0
UNC-CH,professor,134491.0
UNC-CH,professor,371527.0
UNC-CH,administrator,159470.0
UNC-CH,professor,160565.0
UNC-CH,professor,266555.0
UNC-CH,professor,210349.0
UNC-CH,professor,147826.0
UNC-CH,professor,119007.0
UNC-CH,professor,279906.0
UNC-CH,professor,190000.0
UNC-CH,professor,163049.0
UNC-CH,professor,137917.0
UNC-CH,professor,236117.0
UNC-CH,professor,133241.9
UNC-CH,associate_professor,112743.0
UNC-CH,professor,145311.0
UNC-CH,associate_professor,139413.0
UNC-CH,professor,129610.0
UNC-CH,professor,262600.0
UNC-CH,professor,127803.0
UNC-CH,professor,214300.0
UNC-CH,associate_professor,360727.0
UNC-CH,professor,159748.5
UNC-CH,professor,77064.0
UNC-CH,associate_professor,451509.0
UNC-CH,professor,269024.0
UNC-CH,professor,119309.0
UNC-CH,professor,134204.0
UNC-CH,professor,44500.0
UNC-CH,professor,158153.0
UNC-CH,professor,78557.0
UNC-CH,professor,154272.0
UNC-CH,professor,190550.0
UNC-CH,administrator,133503.0
UNC-CH,associate_professor,169415.0
UNC-CH,assistant_professor,97850.0
UNC-CH,assistant_professor,62000.0
UNC-CH,professor,287000.0
UNC-CH,associate_professor,415102.54
UNC-CH,assistant_professor,177000.0
UNC-CH,assistant_professor,187747.0
UNC-CH,associate_professor,149165.0
UNC-CH,professor,263000.0
UNC-CH,associate_professor,491493.0
UNC-CH,assistant_professor,295763.4
UNC-CH,associate_professor,188536.0
UNC-CH,assistant_professor,133900.0
UNC-CH,associate_professor,152261.0
UNC-CH,assistant_professor,92071.0
UNC-CH,associate_professor,158812.0
UNC-CH,associate_professor,187750.0
UNC-CH,assistant_professor,140005.0
UNC-CH,assistant_professor,48169.0
UNC-CH,associate_professor,120124.0
UNC-CH,lecturer,118546.0
UNC-CH,associate_professor,93174.0
UNC-CH,associate_professor,311551.0
UNC-CH,associate_professor,111164.0
UNC-CH,assistant_professor,328626.0
UNC-CH,assistant_professor,77250.0
UNC-CH,assistant_professor,439992.0
UNC-CH,associate_professor,206720.59
UNC-CH,assistant_professor,250000.0
UNC-CH,associate_professor,130089.0
UNC-CH,assistant_professor,310000.0
UNC-CH,associate_professor,145000.0
UNC-CH,assistant_professor,279825.0
UNC-CH,associate_professor,330000.0
UNC-CH,professor,393873.0
UNC-CH,professor,399276.05
UNC-CH,associate_professor,126743.0
UNC-CH,lecturer,79300.0
UNC-CH,associate_professor,416102.54
UNC-CH,assistant_professor,68865.0
UNC-CH,assistant_professor,190000.0
UNC-CH,professor,213210.0
UNC-CH,associate_professor,152440.0
UNC-CH,professor,170000.0
UNC-CH,assistant_professor,112717.0
UNC-CH,assistant_professor,137000.0
UNC-CH,assistant_professor,355000.0
UNC-CH,professor,287000.0
UNC-CH,lecturer,76845.0
UNC-CH,lecturer,77795.9
UNC-CH,associate_professor,256930.0
UNC-CH,assistant_professor,140039.0
UNC-CH,associate_professor,154500.0
UNC-CH,assistant_professor,180250.0
UNC-CH,professor,200850.0
UNC-CH,professor,300000.0
UNC-CH,associate_professor,291117.0
UNC-CH,assistant_professor,81370.0
UNC-CH,assistant_professor,118993.0
UNC-CH,associate_professor,175000.0
UNC-CH,assistant_professor,95379.2
UNC-CH,assistant_professor,120000.0
UNC-CH,associate_professor,114330.0
UNC-CH,assistant_professor,224326.33
UNC-CH,lecturer,37000.0
UNC-CH,assistant_professor,228126.0
UNC-CH,lecturer,85564.7
UNC-CH,associate_professor,96206.0
UNC-CH,assistant_professor,310000.0
UNC-CH,assistant_professor,235000.0
UNC-CH,professor,140000.0
UNC-CH,associate_professor,123049.0
UNC-CH,professor,381333.0
UNC-CH,associate_professor,118450.0
UNC-CH,assistant_professor,220200.15
UNC-CH,assistant_professor,96305.0
UNC-CH,administrator,618000.0
UNC-CH,associate_professor,156560.0
UNC-CH,professor,185400.0
UNC-CH,professor,91283.0
UNC-CH,assistant_professor,115527.0
UNC-CH,assistant_professor,392894.37
UNC-CH,professor,159135.0
UNC-CH,professor,190962.0
UNC-CH,professor,199077.0
UNC-CH,assistant_professor,118450.0
UNC-CH,associate_professor,62354.0
UNC-CH,assistant_professor,108868.0
UNC-CH,assistant_professor,106145.0
UNC-CH,associate_professor,131880.0
UNC-CH,associate_professor,101580.0
UNC-CH,associate_professor,132000.0
UNC-CH,associate_professor,179112.0
UNC-CH,assistant_professor,250000.0
UNC-CH,assistant_professor,328626.0
UNC-CH,assistant_professor,95000.0
UNC-CH,assistant_professor,87035.0
UNC-CH,assistant_professor,54590.0
UNC-CH,assistant_professor,260000.0
UNC-CH,associate_professor,123161.0
UNC-CH,assistant_professor,94621.0
UNC-CH,lecturer,26181.82
UNC-CH,assistant_professor,102514.0
UNC-CH,associate_professor,233302.0
UNC-CH,associate_professor,150550.0
UNC-CH,assistant_professor,130625.0
UNC-CH,professor,200850.0
UNC-CH,associate_professor,221791.0
UNC-CH,professor,170458.0
UNC-CH,lecturer,95383.6
UNC-CH,associate_professor,115379.0
UNC-CH,assistant_professor,132750.0
UNC-CH,assistant_professor,122167.0
UNC-CH,professor,525000.0
UNC-CH,assistant_professor,140675.0
UNC-CH,associate_professor,176400.0
UNC-CH,professor,288842.0
UNC-CH,associate_professor,134893.0
UNC-CH,professor,350000.0
UNC-CH,associate_professor,303000.0
UNC-CH,associate_professor,291117.0
UNC-CH,assistant_professor,149112.0
UNC-CH,assistant_professor,94500.0
UNC-CH,assistant_professor,113300.0
UNC-CH,lecturer,79300.0
UNC-CH,associate_professor,176746.0
UNC-CH,associate_professor,62155.0
UNC-CH,associate_professor,133279.0
UNC-CH,associate_professor,199311.54
UNC-CH,professor,297221.6
UNC-CH,professor,297221.6
UNC-CH,assistant_professor,123600.0
UNC-CH,assistant_professor,173000.0
UNC-CH,lecturer,85564.7
UNC-CH,assistant_professor,232836.27
UNC-CH,associate_professor,228278.0
UNC-CH,assistant_professor,191321.0
UNC-CH,professor,146684.0
UNC-CH,assistant_professor,108150.0
UNC-CH,assistant_professor,201289.0
UNC-CH,associate_professor,358295.0
UNC-CH,professor,429838.0
UNC-CH,professor,149775.0
UNC-CH,professor,231750.0
UNC-CH,associate_professor,95478.0
UNC-CH,professor,201895.0
UNC-CH,associate_professor,156560.0
UNC-CH,professor,306750.0
UNC-CH,assistant_professor,76220.0
UNC-CH,professor,111353.9
UNC-CH,administrator,224737.0
UNC-CH,professor,206000.0
UNC-CH,professor,267800.0
UNC-CH,associate_professor,65519.0
UNC-CH,professor,134204.0
UNC-CH,professor,191142.0
UNC-CH,assistant_professor,263500.0
UNC-CH,assistant_professor,224326.33
UNC-CH,professor,350000.0
UNC-CH,associate_professor,150000.0
UNC-CH,professor,200000.0
UNC-CH,professor,244521.0
UNC-CH,associate_professor,360727.0
UNC-CH,lecturer,65000.0
UNC-CH,associate_professor,281996.0
UNC-CH,professor,85612.0
UNC-CH,professor,221979.0
UNC-CH,professor,380871.0
UNC-CH,professor,154191.0
UNC-CH,professor,190901.0
UNC-CH,professor,213025.0
UNC-CH,assistant_professor,439992.0
UNC-CH,professor,410939.0
UNC-CH,associate_professor,477727.0
UNC-CH,professor,380000.0
UNC-CH,professor,371527.0
UNC-CH,professor,161894.0
UNC-CH,professor,371424.0
UNC-CH,associate_professor,154320.0
UNC-CH,associate_professor,147185.0
UNC-CH,professor,266438.0
UNC-CH,professor,222578.0
UNC-CH,assistant_professor,159395.0
UNC-CH,associate_professor,250000.0
UNC-CH,professor,108573.0
UNC-CH,associate_professor,109645.0
UNC-CH,professor,300000.0
UNC-CH,professor,124487.0
UNC-CH,professor,170152.0
UNC-CH,professor,195392.0
UNC-CH,professor,136631.0
UNC-CH,associate_professor,125660.0
UNC-CH,professor,514592.0
UNC-CH,associate_professor,60995.0
UNC-CH,associate_professor,99122.0
UNC-CH,lecturer,95383.6
UNC-CH,associate_professor,111084.0
UNC-CH,professor,229120.9
UNC-CH,associate_professor,154250.0
UNC-CH,associate_professor,149150.0
UNC-CH,professor,127414.0
UNC-CH,assistant_professor,353912.23
UNC-CH,professor,247073.0
UNC-CH,professor,234707.0
UNC-CH,associate_professor,114865.0
UNC-CH,professor,159135.0
UNC-CH,professor,231750.0
UNC-CH,professor,171384.0
UNC-CH,professor,128765.0
UNC-CH,professor,334374.3
UNC-CH,associate_professor,131552.0
UNC-CH,associate_professor,275000.0
UNC-CH,professor,164412.0
UNC-CH,professor,211708.0
UNC-CH,professor,147465.0
UNC-CH,professor,141478.82
UNC-CH,lecturer,88400.0
UNC-CH,professor,153993.0
UNC-CH,professor,175418.0
UNC-CH,associate_professor,111997.0
UNC-CH,associate_professor,118799.0
UNC-CH,professor,530330.0
UNC-CH,professor,172082.0
UNC-CH,professor,180250.0
UNC-CH,professor,172454.0
UNC-CH,associate_professor,104468.0
UNC-CH,professor,118468.0
UNC-CH,lecturer,182050.0
UNC-CH,assistant_professor,120166.0
UNC-CH,assistant_professor,328626.0
UNC-CH,professor,189331.0
UNC-CH,associate_professor,65646.0
UNC-CH,professor,505191.0
UNC-CH,administrator,247988.0
UNC-CH,professor,287000.0
UNC-CH,associate_professor,171519.0
UNC-CH,lecturer,175049.0
UNC-CH,professor,114715.0
UNC-CH,associate_professor,129465.0
UNC-CH,assistant_professor,89301.0
UNC-CH,professor,442346.23
UNC-CH,professor,196625.0
UNC-CH,professor,171069.0
UNC-CH,professor,636077.6
UNC-CH,associate_professor,260000.0
UNC-CH,associate_professor,360727.0
UNC-CH,professor,331001.0
UNC-CH,associate_professor,101808.0
UNC-CH,professor,385328.45
UNC-CH,professor,189563.0
UNC-CH,associate_professor,267080.0
UNC-CH,professor,178696.0
UNC-CH,associate_professor,151909.0
UNC-CH,associate_professor,136647.0
UNC-CH,associate_professor,360727.0
UNC-CH,professor,205000.0
UNC-CH,professor,369681.0
UNC-CH,assistant_professor,92700.0
UNC-CH,professor,268741.0
UNC-CH,professor,212187.0
UNC-CH,professor,144626.0
UNC-CH,professor,186376.0
UNC-CH,professor,254580.0
UNC-CH,professor,478741.0
UNC-CH,assistant_professor,98184.0
UNC-CH,professor,184250.0
UNC-CH,professor,86606.0
UNC-CH,associate_professor,85215.0
UNC-CH,professor,207351.0
UNC-CH,assistant_professor,234000.0
UNC-CH,lecturer,175575.0
UNC-CH,lecturer,123600.0
UNC-CH,professor,188387.0
UNC-CH,associate_professor,154500.0
UNC-CH,assistant_professor,104817.0
UNC-CH,assistant_professor,110000.0
UNC-CH,associate_professor,256930.0
UNC-CH,lecturer,164186.0
UNC-CH,assistant_professor,220591.0
UNC-CH,assistant_professor,102740.0
UNC-CH,professor,520360.0
UNC-CH,associate_professor,477727.0
UNC-CH,professor,530330.0
UNC-CH,assistant_professor,97850.0
UNC-CH,assistant_professor,94710.0
UNC-CH,assistant_professor,140675.0
UNC-CH,assistant_professor,90640.0
UNC-CH,assistant_professor,228790.0
UNC-CH,associate_professor,116100.0
UNC-CH,professor,218529.0
UNC-CH,associate_professor,146404.0
UNC-CH,assistant_professor,100858.0
UNC-CH,assistant_professor,220200.15
UNC-CH,professor,701291.0
UNC-CH,assistant_professor,355000.0
UNC-CH,associate_professor,200670.0
UNC-CH,assistant_professor,221450.0
UNC-CH,professor,408029.0
UNC-CH,professor,234975.0
UNC-CH,assistant_professor,90999.96
UNC-CH,professor,175000.0
UNC-CH,associate_professor,202867.0
UNC-CH,associate_professor,106769.0
UNC-CH,assistant_professor,134734.0
UNC-CH,lecturer,124676.0
UNC-CH,assistant_professor,130960.0
UNC-CH,assistant_professor,216000.0
UNC-CH,assistant_professor,140039.0
UNC-CH,professor,225000.0
UNC-CH,assistant_professor,153831.0
UNC-CH,associate_professor,97850.0
UNC-CH,professor,360576.0
UNC-CH,associate_professor,222200.0
UNC-CH,professor,263363.0
UNC-CH,assistant_professor,123064.0
UNC-CH,associate_professor,133900.0
UNC-CH,assistant_professor,296240.0
UNC-CH,assistant_professor,152166.0
UNC-CH,assistant_professor,92601.6
UNC-CH,lecturer,61285.0
UNC-CH,assistant_professor,115670.0
UNC-CH,assistant_professor,108150.0
UNC-CH,professor,231788.94
UNC-CH,lecturer,65000.0
UNC-CH,associate_professor,179292.0
UNC-CH,associate_professor,115771.0
UNC-CH,assistant_professor,90767.0
UNC-CH,administrator,175155.0
UNC-CH,assistant_professor,355495.73
UNC-CH,assistant_professor,88580.0
UNC-CH,associate_professor,149441.0
UNC-CH,assistant_professor,310000.0
UNC-CH,assistant_professor,280231.0
UNC-CH,associate_professor,221791.0
UNC-CH,associate_professor,175032.0
UNC-CH,assistant_professor,75000.0
UNC-CH,associate_professor,338152.0
UNC-CH,associate_professor,164800.0
UNC-CH,assistant_professor,225000.0
UNC-CH,professor,150664.0
UNC-CH,associate_professor,155000.0
UNC-CH,associate_professor,477727.0
UNC-CH,professor,120000.0
UNC-CH,associate_professor,275000.0
UNC-CH,associate_professor,96507.0
UNC-CH,assistant_professor,200000.0
UNC-CH,associate_professor,131840.0
UNC-CH,associate_professor,139903.0
UNC-CH,professor,196947.0
UNC-CH,assistant_professor,140675.0
UNC-CH,assistant_professor,95275.0
UNC-CH,assistant_professor,108086.0
UNC-CH,assistant_professor,131325.0
UNC-CH,professor,206000.0
UNC-CH,assistant_professor,87550.0
UNC-CH,assistant_professor,123600.0
UNC-CH,associate_professor,322309.0
UNC-CH,associate_professor,314345.0
UNC-CH,assistant_professor,240000.0
UNC-CH,assistant_professor,299729.23
UNC-CH,assistant_professor,94760.0
UNC-CH,assistant_professor,317684.0
UNC-CH,assistant_professor,191393.63
UNC-CH,professor,214948.0
UNC-CH,associate_professor,294224.0
UNC-CH,associate_professor,99234.0
UNC-CH,assistant_professor,278100.0
UNC-CH,assistant_professor,140123.0
UNC-CH,professor,126783.0
UNC-CH,assistant_professor,187132.0
UNC-CH,associate_professor,386253.82
UNC-CH,associate_professor,210000.0
UNC-CH,assistant_professor,88267.0
UNC-CH,associate_professor,129150.0
UNC-CH,assistant_professor,73645.0
UNC-CH,associate_professor,144200.0
UNC-CH,associate_professor,64803.0
UNC-CH,associate_professor,169208.0
UNC-CH,assistant_professor,169950.0
UNC-CH,associate_professor,345000.0
UNC-CH,professor,410000.0
UNC-CH,assistant_professor,86000.0
UNC-CH,associate_professor,100211.0
UNC-CH,assistant_professor,310036.0
UNC-CH,professor,290000.0
UNC-CH,associate_professor,303000.0
UNC-CH,associate_professor,297000.0
UNC-CH,assistant_professor,95790.0
UNC-CH,professor,337666.67
UNC-CH,assistant_professor,89615.0
UNC-CH,assistant_professor,225017.0
UNC-CH,professor,370000.0
UNC-CH,associate_professor,133900.0
UNC-CH,associate_professor,397500.0
UNC-CH,associate_professor,151606.8
UNC-CH,assistant_professor,318245.38
UNC-CH,associate_professor,257995.0
UNC-CH,professor,142960.0
UNC-CH,associate_professor,159650.0
UNC-CH,associate_professor,311551.0
UNC-CH,associate_professor,114654.0
UNC-CH,professor,260000.0
UNC-CH,assistant_professor,290753.0
UNC-CH,professor,214948.0
UNC-CH,associate_professor,192023.0
UNC-CH,assistant_professor,154467.0
UNC-CH,associate_professor,345000.0
UNC-CH,assistant_professor,270336.0
UNC-CH,assistant_professor,151625.0
UNC-CH,associate_professor,63269.0
UNC-CH,assistant_professor,240000.0
UNC-CH,assistant_professor,214976.0
UNC-CH,assistant_professor,60000.0
UNC-CH,assistant_professor,89415.0
UNC-CH,assistant_professor,105060.0
UNC-CH,assistant_professor,92700.0
UNC-CH,assistant_professor,277000.0
UNC-CH,associate_professor,200026.0
UNC-CH,professor,356406.0
UNC-CH,assistant_professor,94500.0
UNC-CH,assistant_professor,246456.0
UNC-CH,lecturer,200000.0
UNC-CH,assistant_professor,100000.0
UNC-CH,assistant_professor,267101.0
UNC-CH,assistant_professor,187449.0
UNC-CH,assistant_professor,240000.0
UNC-CH,associate_professor,360727.0
UNC-CH,associate_professor,374434.63
UNC-CH,associate_professor,222200.0
UNC-CH,assistant_professor,55167.0
UNC-CH,assistant_professor,82737.0
UNC-CH,professor,206373.0
UNC-CH,associate_professor,360727.0
UNC-CH,associate_professor,127245.0
UNC-CH,assistant_professor,64817.0
UNC-CH,professor,510331.0
UNC-CH,associate_professor,280000.0
UNC-CH,assistant_professor,108150.0
UNC-CH,associate_professor,112440.0
UNC-CH,professor,403494.0
UNC-CH,assistant_professor,55620.0
UNC-CH,administrator,242734.0
UNC-CH,assistant_professor,52000.0
UNC-CH,associate_professor,130000.0
UNC-CH,lecturer,80500.0
UNC-CH,assistant_professor,334729.0
UNC-CH,associate_professor,207500.0
UNC-CH,assistant_professor,121728.0
UNC-CH,assistant_professor,250706.0
UNC-CH,associate_professor,61373.0
UNC-CH,assistant_professor,212087.0
UNC-CH,professor,237573.0
UNC-CH,assistant_professor,105060.0
UNC-CH,assistant_professor,261868.0
UNC-CH,assistant_professor,99910.0
UNC-CH,assistant_professor,208977.0
UNC-CH,assistant_professor,82750.0
UNC-CH,assistant_professor,217733.0
UNC-CH,associate_professor,382302.0
UNC-CH,associate_professor,101257.96
UNC-CH,associate_professor,155000.0
UNC-CH,associate_professor,241418.42
UNC-CH,assistant_professor,230675.0
UNC-CH,assistant_professor,201289.0
UNC-CH,associate_professor,367323.83
UNC-CH,lecturer,74263.0
UNC-CH,assistant_professor,144598.0
UNC-CH,assistant_professor,183855.0
UNC-CH,assistant_professor,82737.0
UNC-CH,lecturer,74160.0
UNC-CH,lecturer,133000.0
UNC-CH,assistant_professor,131552.0
UNC-CH,professor,504367.0
UNC-CH,assistant_professor,70344.0
UNC-CH,associate_professor,119835.0
UNC-CH,assistant_professor,303000.0
UNC-CH,assistant_professor,116699.0
UNC-CH,assistant_professor,143828.0
UNC-CH,lecturer,68000.0
UNC-CH,associate_professor,147847.0
UNC-CH,assistant_professor,164485.6
UNC-CH,associate_professor,324654.3
UNC-CH,associate_professor,158812.0
UNC-CH,assistant_professor,244500.0
UNC-CH,assistant_professor,131983.0
UNC-CH,assistant_professor,143629.0
UNC-CH,assistant_professor,274069.0
UNC-CH,associate_professor,108374.0
UNC-CH,assistant_professor,85490.0
UNC-CH,assistant_professor,306767.0
UNC-CH,assistant_professor,165000.0
UNC-CH,assistant_professor,72000.0
UNC-CH,assistant_professor,222612.0
UNC-CH,assistant_professor,261868.0
UNC-CH,associate_professor,226720.0
UNC-CH,assistant_professor,215000.0
UNC-CH,assistant_professor,110000.0
UNC-CH,associate_professor,117796.0
UNC-CH,professor,416600.0
UNC-CH,assistant_professor,116835.0
UNC-CH,assistant_professor,82913.0
UNC-CH,assistant_professor,78611.0
UNC-CH,assistant_professor,350000.0
UNC-CH,assistant_professor,134734.0
UNC-CH,associate_professor,296580.0
UNC-CH,assistant_professor,56006.0
UNC-CH,administrator,343044.0
UNC-CH,assistant_professor,205000.0
UNC-CH,assistant_professor,52000.0
UNC-CH,assistant_professor,90000.0
UNC-CH,assistant_professor,126320.0
UNC-CH,associate_professor,130573.0
UNC-CH,assistant_professor,98108.0
UNC-CH,associate_professor,49400.0
UNC-CH,assistant_professor,92700.0
UNC-CH,assistant_professor,127308.0
UNC-CH,associate_professor,158812.0
UNC-CH,assistant_professor,240000.0
UNC-CH,associate_professor,257500.0
UNC-CH,assistant_professor,195250.0
UNC-CH,professor,117051.0
UNC-CH,assistant_professor,439992.0
UNC-CH,assistant_professor,86520.0
UNC-CH,associate_professor,303000.0
UNC-CH,professor,205945.0
UNC-CH,assistant_professor,255000.0
UNC-CH,assistant_professor,332066.33
UNC-CH,associate_professor,105896.0
UNC-CH,associate_professor,363371.0
UNC-CH,associate_professor,129038.0
UNC-CH,professor,272950.0
UNC-CH,assistant_professor,320000.0
UNC-CH,lecturer,61285.0
UNC-CH,professor,183812.0
UNC-CH,lecturer,81686.0
UNC-CH,lecturer,72100.0
UNC-CH,lecturer,80500.0
UNC-CH,associate_professor,290460.0
UNC-CH,assistant_professor,355432.73
UNC-CH,assistant_professor,275000.0
UNC-CH,assistant_professor,101846.0
UNC-CH,assistant_professor,175490.0
UNC-CH,professor,266140.0
UNC-CH,professor,143393.0
UNC-CH,assistant_professor,224326.33
UNC-CH,assistant_professor,265000.0
UNC-CH,assistant_professor,239000.0
UNC-CH,lecturer,113300.0
UNC-CH,associate_professor,480000.0
UNC-CH,professor,336819.72
UNC-CH,associate_professor,320000.0
UNC-CH,assistant_professor,250000.0
UNC-CH,associate_professor,149110.0
UNC-CH,associate_professor,153832.0
UNC-CH,associate_professor,112598.0
UNC-CH,assistant_professor,42436.0
UNC-CH,assistant_professor,103683.0
UNC-CH,associate_professor,97709.0
UNC-CH,professor,197430.0
UNC-CH,associate_professor,107470.0
UNC-CH,assistant_professor,236000.0
UNC-CH,professor,170330.0
UNC-CH,associate_professor,63425.0
UNC-CH,associate_professor,61595.0
UNC-CH,associate_professor,102355.0
UNC-CH,associate_professor,125689.0
UNC-CH,professor,371527.0
UNC-CH,professor,103706.0
UNC-CH,professor,122004.0
UNC-CH,associate_professor,102871.0
UNC-CH,professor,129088.0
UNC-CH,associate_professor,140078.0
UNC-CH,professor,120565.0
UNC-CH,professor,221450.0
UNC-CH,assistant_professor,107319.0
UNC-CH,professor,186328.0
UNC-CH,professor,288400.0
UNC-CH,assistant_professor,77786.0
UNC-CH,professor,431913.0
UNC-CH,assistant_professor,100352.0
UNC-CH,professor,148526.0
UNC-CH,professor,263767.0
UNC-CH,assistant_professor,116699.0
UNC-CH,associate_professor,97079.0
UNC-CH,professor,147764.0
UNC-CH,professor,392753.0
UNC-CH,professor,134734.0
UNC-CH,assistant_professor,140460.0
UNC-CH,professor,102831.0
UNC-CH,associate_professor,104823.0
UNC-CH,assistant_professor,110709.0
UNC-CH,associate_professor,294224.0
UNC-CH,professor,369813.0
UNC-CH,professor,158321.0
UNC-CH,professor,541133.18
UNC-CH,professor,207470.0
UNC-CH,lecturer,88132.0
UNC-CH,associate_professor,102485.0
UNC-CH,professor,262102.0
UNC-CH,associate_professor,269924.0
UNC-CH,professor,114610.0
UNC-CH,professor,117144.0
UNC-CH,associate_professor,112619.0
UNC-CH,professor,141159.0
UNC-CH,professor,191776.0
UNC-CH,professor,643750.0
UNC-CH,assistant_professor,96542.0
UNC-CH,assistant_professor,103000.0
UNC-CH,associate_professor,288581.6
UNC-CH,assistant_professor,88065.0
UNC-CH,assistant_professor,86898.0
UNC-CH,associate_professor,398215.0
UNC-CH,professor,237150.0
UNC-CH,associate_professor,137259.0
UNC-CH,assistant_professor,285000.0
UNC-CH,assistant_professor,106090.0
UNC-CH,assistant_professor,222612.0
UNC-CH,assistant_professor,110725.0
UNC-CH,lecturer,79300.0
UNC-CH,assistant_professor,85120.0
UNC-CH,lecturer,62000.0
UNC-CH,assistant_professor,81500.0
UNC-CH,assistant_professor,87550.0
UNC-CH,assistant_professor,445000.0
UNC-CH,assistant_professor,57572.0
UNC-CH,professor,175100.0
UNC-CH,associate_professor,510000.0
UNC-CH,associate_professor,198600.0
UNC-CH,professor,269024.0
UNC-CH,lecturer,150000.0
UNC-CH,associate_professor,182875.0
UNC-CH,assistant_professor,116699.0
UNC-CH,assistant_professor,107709.0
UNC-CH,associate_professor,180363.5
UNC-CH,assistant_professor,102000.0
UNC-CH,assistant_professor,117420.0
UNC-CH,assistant_professor,84560.32
UNC-CH,associate_professor,195000.0
UNC-CH,associate_professor,147333.0
UNC-CH,assistant_professor,290000.0
UNC-CH,assistant_professor,181000.0
UNC-CH,associate_professor,126621.0
UNC-CH,associate_professor,70600.0
UNC-CH,professor,294180.55
UNC-CH,professor,158370.0
UNC-CH,associate_professor,143972.0
UNC-CH,assistant_professor,118881.0
UNC-CH,associate_professor,176634.0
UNC-CH,assistant_professor,230675.0
UNC-CH,associate_professor,267080.0
UNC-CH,assistant_professor,139050.0
UNC-CH,assistant_professor,92700.0
UNC-CH,assistant_professor,89116.0
UNC-CH,assistant_professor,82737.0
UNC-CH,assistant_professor,306911.77
UNC-CH,associate_professor,62221.0
UNC-CH,assistant_professor,132300.0
UNC-CH,assistant_professor,395498.0
UNC-CH,lecturer,79300.0
UNC-CH,assistant_professor,141075.0
UNC-CH,assistant_professor,299729.23
UNC-CH,assistant_professor,331544.85
UNC-CH,associate_professor,128700.0
UNC-CH,assistant_professor,100786.0
UNC-CH,assistant_professor,224326.0
UNC-CH,associate_professor,519420.63
UNC-CH,professor,371527.0
UNC-CH,professor,158302.0
UNC-CH,associate_professor,237098.0
UNC-CH,professor,266640.0
UNC-CH,professor,306523.0
UNC-CH,assistant_professor,400000.0
UNC-CH,associate_professor,147185.0
UNC-CH,assistant_professor,261868.0
UNC-CH,lecturer,61200.0
UNC-CH,associate_professor,135120.0
UNC-CH,professor,384830.0
UNC-CH,professor,266281.0
UNC-CH,assistant_professor,57373.0
UNC-CH,lecturer,85564.7
UNC-CH,professor,146790.0
UNC-CH,assistant_professor,139050.0
UNC-CH,assistant_professor,102000.0
UNC-CH,professor,121341.0
UNC-CH,assistant_professor,90640.0
UNC-CH,assistant_professor,98085.0
UNC-CH,associate_professor,163770.0
UNC-CH,professor,195389.0
UNC-CH,assistant_professor,82737.0
UNC-CH,professor,437004.88
UNC-CH,assistant_professor,605672.83
UNC-CH,professor,132838.5
UNC-CH,professor,152762.0
UNC-CH,associate_professor,182928.75
UNC-CH,associate_professor,243405.15
UNC-CH,assistant_professor,102000.0
UNC-CH,professor,800000.0
UNC-CH,lecturer,226502.0
UNC-CH,assistant_professor,169950.0
UNC-CH,associate_professor,171866.0
UNC-CH,professor,183000.0
UNC-CH,professor,124709.0
UNC-CH,professor,214892.0
UNC-CH,professor,153016.0
UNC-CH,professor,350830.0
UNC-CH,professor,266306.0
UNC-CH,professor,241075.0
UNC-CH,associate_professor,325000.0
UNC-CH,professor,141653.0
UNC-CH,professor,166024.0
UNC-CH,professor,70667.0
UNC-CH,professor,334762.0
UNC-CH,associate_professor,195000.0
UNC-CH,professor,79219.0
UNC-CH,assistant_professor,124612.0
UNC-CH,professor,154035.0
UNC-CH,assistant_professor,124627.0
UNC-CH,professor,463616.0
UNC-CH,professor,177335.0
UNC-CH,professor,127411.0
UNC-CH,professor,145744.0
UNC-CH,professor,122944.0
UNC-CH,professor,216722.0
UNC-CH,assistant_professor,103000.0
UNC-CH,assistant_professor,328626.0
UNC-CH,associate_professor,100016.0
UNC-CH,assistant_professor,79299.0
UNC-CH,associate_professor,78359.0
UNC-CH,associate_professor,100222.0
UNC-CH,associate_professor,188414.0
UNC-CH,lecturer,46650.0
UNC-CH,assistant_professor,269788.17
UNC-CH,lecturer,95000.0
UNC-CH,associate_professor,460000.0
UNC-CH,associate_professor,73070.0
UNC-CH,professor,263637.0
UNC-CH,assistant_professor,53560.0
UNC-CH,associate_professor,118450.0
UNC-CH,assistant_professor,57373.0
UNC-CH,assistant_professor,88580.0
UNC-CH,professor,141516.0
UNC-CH,professor,550000.0
UNC-CH,professor,170859.0
UNC-CH,associate_professor,154729.0
UNC-CH,associate_professor,195000.0
UNC-CH,lecturer,235018.5
UNC-CH,assistant_professor,306636.73
UNC-CH,assistant_professor,267101.0
UNC-CH,assistant_professor,463375.0
UNC-CH,assistant_professor,233412.0
UNC-CH,associate_professor,185056.0
UNC-CH,professor,231885.0
UNC-CH,associate_professor,314730.0
UNC-CH,assistant_professor,91318.0
UNC-CH,associate_professor,204000.0
UNC-CH,assistant_professor,73000.0
UNC-CH,assistant_professor,175000.0
UNC-CH,associate_professor,242015.0
UNC-CH,assistant_professor,102000.0
UNC-CH,assistant_professor,181000.0
UNC-CH,assistant_professor,123600.0
UNC-CH,lecturer,65575.0
UNC-CH,assistant_professor,88580.0
UNC-CH,assistant_professor,142951.0
UNC-CH,assistant_professor,155157.0
UNC-CH,professor,207030.0
UNC-CH,professor,91592.0
UNC-CH,professor,159063.0
UNC-CH,associate_professor,101944.0
UNC-CH,assistant_professor,86557.0
UNC-CH,associate_professor,196998.0
UNC-CH,associate_professor,257550.0
UNC-CH,professor,175195.0
UNC-CH,professor,114715.0
UNC-CH,associate_professor,117438.0
UNC-CH,professor,124109.0
UNC-CH,professor,208762.0
UNC-CH,professor,330775.0
UNC-CH,professor,208080.0
UNC-CH,professor,318000.0
UNC-CH,professor,71985.0
UNC-CH,professor,278041.0
UNC-CH,associate_professor,370000.0
UNC-CH,professor,278100.0
UNC-CH,professor,146684.0
UNC-CH,professor,113551.0
UNC-CH,professor,393873.0
UNC-CH,professor,175736.0
UNC-CH,professor,262650.0
UNC-CH,professor,138615.0
UNC-CH,associate_professor,103195.0
UNC-CH,professor,183081.0
UNC-CH,professor,133603.0
UNC-CH,professor,164664.0
UNC-CH,professor,127791.0
UNC-CH,professor,338432.0
UNC-CH,assistant_professor,206170.0
UNC-CH,associate_professor,62597.0
UNC-CH,professor,128031.0
UNC-CH,professor,200453.0
UNC-CH,lecturer,97291.27
UNC-CH,professor,123499.0
UNC-CH,associate_professor,66492.0
UNC-CH,associate_professor,169744.0
UNC-CH,professor,371527.0
UNC-CH,associate_professor,261263.0
UNC-CH,associate_professor,97391.0
UNC-CH,assistant_professor,105481.0
UNC-CH,professor,146640.0
UNC-CH,assistant_professor,158282.0
UNC-CH,associate_professor,129378.0
UNC-CH,administrator,214299.0
UNC-CH,professor,150064.0
UNC-CH,assistant_professor,138645.0
UNC-CH,lecturer,85564.7
UNC-CH,associate_professor,93174.0
UNC-CH,professor,164619.0
UNC-CH,professor,91486.0
UNC-CH,professor,266281.0
UNC-CH,professor,309000.0
UNC-CH,professor,174215.0
UNC-CH,professor,139488.0
UNC-CH,associate_professor,169600.0
UNC-CH,associate_professor,147185.0
UNC-CH,professor,190382.0
UNC-CH,associate_professor,179089.0
UNC-CH,assistant_professor,82400.0
UNC-CH,assistant_professor,108150.0
UNC-CH,assistant_professor,50000.0
UNC-CH,associate_professor,182875.0
UNC-CH,assistant_professor,87550.0
UNC-CH,assistant_professor,862424.0
UNC-CH,associate_professor,165500.0
UNC-CH,assistant_professor,214302.0
UNC-CH,associate_professor,275000.0
UNC-CH,administrator,361343.0
UNC-CH,assistant_professor,328626.0
UNC-CH,professor,145748.0
UNC-CH,assistant_professor,145073.0
UNC-CH,assistant_professor,135000.0
UNC-CH,lecturer,85000.0
UNC-CH,assistant_professor,94764.0
UNC-CH,assistant_professor,68959.0
UNC-CH,assistant_professor,77854.0
UNC-CH,associate_professor,138373.0
UNC-CH,assistant_professor,176000.0
UNC-CH,assistant_professor,111240.0
UNC-CH,assistant_professor,87153.0
UNC-CH,assistant_professor,104817.0
UNC-CH,associate_professor,147185.0
UNC-CH,assistant_professor,90640.0
UNC-CH,administrator,198871.0
UNC-CH,associate_professor,99500.0
UNC-CH,assistant_professor,116699.0
UNC-CH,professor,133900.0
UNC-CH,associate_professor,324654.3
UNC-CH,assistant_professor,328626.0
UNC-CH,assistant_professor,225017.0
UNC-CH,assistant_professor,82400.0
UNC-CH,associate_professor,80000.0
UNC-CH,assistant_professor,210000.0
UNC-CH,associate_professor,90000.0
UNC-CH,associate_professor,84362.0
UNC-CH,assistant_professor,110334.0
UNC-CH,professor,371527.0
UNC-CH,professor,92276.0
UNC-CH,associate_professor,675000.0
UNC-CH,professor,247200.0
UNC-CH,associate_professor,211900.0
UNC-CH,associate_professor,84773.0
UNC-CH,associate_professor,397500.0
UNC-CH,assistant_professor,94000.0
UNC-CH,lecturer,89000.0
UNC-CH,associate_professor,111510.0
UNC-CH,assistant_professor,82000.0
UNC-CH,associate_professor,294224.0
UNC-CH,assistant_professor,100425.0
UNC-CH,assistant_professor,126320.0
UNC-CH,assistant_professor,79788.0
UNC-CH,administrator,342150.0
UNC-CH,associate_professor,123600.0
UNC-CH,associate_professor,360727.0
UNC-CH,associate_professor,416541.0
UNC-CH,assistant_professor,186000.0
UNC-CH,associate_professor,200855.0
UNC-CH,lecturer,85564.7
UNC-CH,lecturer,82877.0
UNC-CH,associate_professor,226213.0
UNC-CH,associate_professor,164978.0
UNC-CH,associate_professor,206000.0
UNC-CH,administrator,456781.0
UNC-CH,assistant_professor,131943.0
UNC-CH,professor,221450.0
UNC-CH,assistant_professor,136578.0
UNC-CH,assistant_professor,76511.0
UNC-CH,assistant_professor,189147.0
UNC-CH,associate_professor,182553.86
UNC-CH,assistant_professor,328626.0
UNC-CH,associate_professor,382757.88
UNC-CH,professor,170243.0
UNC-CH,assistant_professor,96305.0
UNC-CH,associate_professor,216436.2
UNC-CH,assistant_professor,110210.0
UNC-CH,lecturer,63124.0
UNC-CH,professor,124250.0
UNC-CH,assistant_professor,63860.0
UNC-CH,assistant_professor,118881.0
UNC-CH,associate_professor,94520.0
UNC-CH,professor,205750.0
UNC-CH,professor,117689.0
UNC-CH,associate_professor,115191.0
UNC-CH,assistant_professor,82220.0
UNC-CH,assistant_professor,82737.0
UNC-CH,assistant_professor,250000.0
UNC-CH,assistant_professor,237550.0
UNC-CH,associate_professor,411602.54
UNC-CH,assistant_professor,171222.0
UNC-CH,associate_professor,189361.0
UNC-CH,professor,257500.0
UNC-CH,professor,148526.0
UNC-CH,assistant_professor,94887.0
UNC-CH,assistant_professor,246456.0
UNC-CH,assistant_professor,123941.0
UNC-CH,associate_professor,158812.0
UNC-CH,assistant_professor,187500.0
UNC-CH,professor,300000.0
UNC-CH,assistant_professor,350000.0
UNC-CH,associate_professor,97037.0
UNC-CH,assistant_professor,131004.0
UNC-CH,lecturer,134000.0
UNC-CH,assistant_professor,172000.0
UNC-CH,assistant_professor,244400.0
UNC-CH,associate_professor,191000.0
UNC-CH,associate_professor,321000.0
UNC-CH,assistant_professor,260000.0
UNC-CH,professor,280534.0
UNC-CH,lecturer,79300.0
UNC-CH,assistant_professor,133900.0
UNC-CH,assistant_professor,191321.0
UNC-CH,assistant_professor,132446.0
UNC-CH,professor,266511.0
UNC-CH,assistant_professor,260151.0
UNC-CH,assistant_professor,86520.0
UNC-CH,assistant_professor,75368.0
UNC-CH,assistant_professor,126385.0
UNC-CH,associate_professor,215000.0
UNC-CH,assistant_professor,230372.95
UNC-CH,lecturer,72100.0
UNC-CH,professor,222004.0
UNC-CH,associate_professor,126382.0
UNC-CH,professor,115875.0
UNC-CH,associate_professor,195362.0
UNC-CH,assistant_professor,350000.0
UNC-CH,professor,350830.0
UNC-CH,associate_professor,477727.0
UNC-CH,assistant_professor,84560.32
UNC-CH,assistant_professor,245856.0
UNC-CH,associate_professor,119061.0
UNC-CH,assistant_professor,202000.0
UNC-CH,assistant_professor,204117.0
UNC-CH,professor,167000.0
UNC-CH,assistant_professor,101808.0
UNC-CH,lecturer,87150.7
UNC-CH,associate_professor,175861.0
UNC-CH,associate_professor,233350.0
UNC-CH,professor,318863.0
UNC-CH,associate_professor,195375.0
UNC-CH,assistant_professor,145657.0
UNC-CH,lecturer,86557.0
UNC-CH,assistant_professor,222612.0
UNC-CH,associate_professor,127649.0
UNC-CH,associate_professor,129200.0
UNC-CH,associate_professor,109436.0
UNC-CH,assistant_professor,123573.0
UNC-CH,assistant_professor,92700.0
UNC-CH,assistant_professor,137000.0
UNC-CH,associate_professor,236312.0
UNC-CH,assistant_professor,128750.0
UNC-CH,professor,171364.0
UNC-CH,associate_professor,87550.0
UNC-CH,associate_professor,102563.0
UNC-CH,professor,270717.0
UNC-CH,professor,152087.0
UNC-CH,professor,219917.0
UNC-CH,professor,470000.0
UNC-CH,associate_professor,460000.0
UNC-CH,associate_professor,129200.0
UNC-CH,professor,238239.0
UNC-CH,professor,114780.0
UNC-CH,professor,530330.0
UNC-CH,professor,152145.0
UNC-CH,assistant_professor,111395.0
UNC-CH,assistant_professor,110334.0
UNC-CH,assistant_professor,102220.0
UNC-CH,professor,175000.0
UNC-CH,assistant_professor,87000.0
UNC-CH,lecturer,72100.0
UNC-CH,assistant_professor,347000.0
UNC-CH,assistant_professor,106090.0
UNC-CH,associate_professor,259570.0
UNC-CH,assistant_professor,328626.0
UNC-CH,assistant_professor,128750.0
UNC-CH,assistant_professor,134734.0
UNC-CH,professor,548516.0
UNC-CH,associate_professor,141140.0
UNC-CH,lecturer,76734.0
UNC-CH,assistant_professor,208000.0
UNC-CH,assistant_professor,55092.0
UNC-CH,assistant_professor,106090.0
UNC-CH,assistant_professor,250000.0
UNC-CH,assistant_professor,205310.0
UNC-CH,lecturer,61285.0
UNC-CH,assistant_professor,105060.0
UNC-CH,assistant_professor,82618.0
UNC-CH,lecturer,142856.0
UNC-CH,associate_professor,167693.0
UNC-CH,assistant_professor,57680.0
UNC-CH,associate_professor,210257.0
UNC-CH,professor,253800.0
UNC-CH,assistant_professor,108500.0
UNC-CH,assistant_professor,163255.0
UNC-CH,assistant_professor,126385.0
UNC-CH,professor,130894.0
UNC-CH,professor,178118.0
UNC-CH,professor,504367.0
UNC-CH,associate_professor,265500.0
UNC-CH,professor,127388.0
UNC-CH,associate_professor,377698.0
UNC-CH,associate_professor,137071.0
UNC-CH,professor,350830.0
UNC-CH,assistant_professor,222612.0
UNC-CH,professor,150064.0
UNC-CH,professor,184576.0
UNC-CH,associate_professor,164440.0
UNC-CH,associate_professor,102085.0
UNC-CH,professor,135568.0
UNC-CH,professor,177673.0
UNC-CH,associate_professor,516363.0
UNC-CH,professor,76801.0
UNC-CH,professor,217105.0
UNC-CH,professor,190000.0
UNC-CH,associate_professor,141344.0
UNC-CH,assistant_professor,222612.0
UNC-CH,associate_professor,254000.0
UNC-CH,assistant_professor,107120.0
UNC-CH,assistant_professor,450000.0
UNC-CH,associate_professor,237150.62
UNC-CH,professor,272400.92
UNC-CH,professor,280265.0
UNC-CH,professor,276007.0
UNC-CH,associate_professor,159135.0
UNC-CH,lecturer,150000.0
UNC-CH,professor,151709.0
UNC-CH,assistant_professor,67063.0
UNC-CH,assistant_professor,136990.0
UNC-CH,associate_professor,117577.0
UNC-CH,assistant_professor,128750.0
UNC-CH,associate_professor,117034.0
UNC-CH,associate_professor,145530.0
UNC-CH,assistant_professor,87000.0
UNC-CH,assistant_professor,107120.0
UNC-CH,assistant_professor,87035.0
UNC-CH,associate_professor,109628.0
UNC-CH,assistant_professor,123600.0
UNC-CH,assistant_professor,128750.0
UNC-CH,assistant_professor,134024.0
UNC-CH,assistant_professor,75533.0
UNC-CH,professor,277590.0
UNC-CH,associate_professor,114944.0
UNC-CH,associate_professor,312192.0
UNC-CH,assistant_professor,167000.0
UNC-CH,assistant_professor,92185.0
UNC-CH,professor,298478.0
UNC-CH,professor,210322.0
UNC-CH,associate_professor,80056.0
UNC-CH,administrator,222424.0
UNC-CH,professor,247239.53
UNC-CH,associate_professor,77947.0
UNC-CH,lecturer,71537.7
UNC-CH,assistant_professor,158474.0
UNC-CH,assistant_professor,88585.0
UNC-CH,professor,234000.16
UNC-CH,assistant_professor,463375.0
UNC-CH,associate_professor,477727.0
UNC-CH,professor,420000.0
UNC-CH,assistant_professor,80197.0
UNCA,associate_professor,84332.0
UNCA,assistant_professor,71989.0
UNCA,professor,99773.0
UNCA,administrator,129698.0
UNCA,associate_professor,83988.0
UNCA,professor,93015.0
UNCA,professor,86372.0
UNCA,associate_professor,82458.0
UNCA,associate_professor,79165.0
UNCA,assistant_professor,115115.0
UNCA,associate_professor,109341.0
UNCA,associate_professor,87740.0
UNCA,professor,87804.0
UNCA,associate_professor,86633.0
UNCA,associate_professor,88183.0
UNCA,assistant_professor,74404.0
UNCA,professor,119390.0
UNCA,professor,126469.0
UNCA,associate_professor,84041.0
UNCA,lecturer,66200.0
UNCA,lecturer,63761.0
UNCA,lecturer,54857.0
UNCA,administrator,150000.0
UNCA,associate_professor,89002.0
UNCA,professor,93810.0
UNCA,associate_professor,128244.0
UNCA,assistant_professor,78354.0
UNCA,associate_professor,95846.0
UNCA,assistant_professor,76763.0
UNCA,lecturer,62830.0
UNCA,lecturer,63860.0
UNCA,professor,105061.0
UNCA,administrator,157590.0
UNCA,lecturer,66200.0
UNCA,lecturer,60683.0
UNCA,professor,88161.0
UNCA,lecturer,73000.0
UNCA,professor,95585.0
UNCA,associate_professor,79165.0
UNCA,associate_professor,82175.0
UNCA,professor,99264.0
UNCA,lecturer,60083.0
UNCA,lecturer,60683.0
UNCA,professor,90224.0
UNCA,lecturer,52262.0
UNCA,associate_professor,87015.0
UNCA,professor,99773.0
UNCA,associate_professor,88152.0
UNCA,professor,94418.0
UNCA,administrator,133818.0
UNCA,professor,93172.0
UNCA,assistant_professor,79840.0
UNCA,assistant_professor,82068.0
UNCA,professor,96500.0
UNCA,professor,148792.0
UNCA,professor,91807.0
UNCA,professor,100597.0
UNCA,lecturer,71720.0
UNCA,lecturer,60542.0
UNCA,associate_professor,89843.0
UNCA,professor,87420.0
UNCA,assistant_professor,77422.0
UNCA,assistant_professor,75872.0
UNCA,professor,93893.0
UNCA,professor,93720.0
UNCA,professor,102974.0
UNCA,assistant_professor,111561.0
UNCA,lecturer,70231.0
UNCA,professor,104043.0
UNCA,professor,106878.0
UNCA,lecturer,67810.0
UNCA,assistant_professor,81932.0
UNCA,professor,105946.0
UNCA,lecturer,72100.0
UNCA,lecturer,55172.0
UNCA,professor,97623.0
UNCA,lecturer,36500.0
UNCA,assistant_professor,82139.0
UNCA,assistant_professor,79724.0
UNCA,lecturer,55172.0
UNCA,lecturer,55172.0
UNCA,professor,100667.0
UNCA,professor,88719.0
UNCA,assistant_professor,79999.0
UNCA,lecturer,51500.0
UNCA,professor,96394.0
UNCA,professor,93793.0
UNCA,associate_professor,87607.0
UNCA,assistant_professor,79946.0
UNCA,lecturer,68741.0
UNCA,assistant_professor,95200.0
UNCA,associate_professor,83990.0
UNCA,lecturer,67177.0
UNCA,associate_professor,84988.0
UNCA,professor,85291.0
UNCA,administrator,164800.0
UNCA,administrator,145592.0
UNCA,assistant_professor,78292.0
UNCA,professor,93379.0
UNCA,associate_professor,82547.0
UNCA,associate_professor,115178.0
UNCA,professor,95247.0
UNCA,professor,99388.0
UNCA,associate_professor,85557.0
UNCA,professor,107306.0
UNCA,assistant_professor,76763.0
UNCA,assistant_professor,74160.0
UNCA,assistant_professor,75172.0
UNCA,associate_professor,127493.0
UNCA,assistant_professor,72672.0
UNCA,lecturer,52629.0
UNCA,lecturer,58350.0
UNCA,associate_professor,80616.0
UNCA,professor,142681.0
UNCA,lecturer,72061.0
UNCA,professor,94767.0
UNCA,associate_professor,88088.0
UNCA,associate_professor,84446.0
UNCA,lecturer,54590.0
UNCA,associate_professor,82053.0
UNCA,assistant_professor,69489.0
UNCA,professor,103084.0
UNCA,professor,98695.0
UNCA,professor,104474.0
UNCA,assistant_professor,75190.0
UNCA,lecturer,51000.0
UNCA,associate_professor,99315.0
UNCA,lecturer,70000.0
UNCA,assistant_professor,73130.0
UNCA,assistant_professor,137044.0
UNCA,associate_professor,87939.0
UNCA,professor,97540.0
UNCA,lecturer,70389.0
UNCA,professor,105613.0
UNCA,lecturer,56000.0
UNCA,assistant_professor,80000.0
UNCA,associate_professor,92844.0
UNCA,professor,99113.0
UNCA,assistant_professor,81774.0
UNCA,professor,93526.0
UNCA,associate_professor,85247.0
UNCA,assistant_professor,72650.0
UNCA,associate_professor,87658.0
UNCA,lecturer,63860.0
UNCA,assistant_professor,95675.0
UNCA,assistant_professor,75172.0
UNCA,associate_professor,79725.0
UNCA,associate_professor,97942.0
UNCA,lecturer,60903.0
UNCA,assistant_professor,80000.0
UNCA,professor,106248.0
UNCA,professor,49960.0
UNCA,professor,112433.0
UNCA,associate_professor,83971.0
UNCA,professor,92699.0
UNCA,associate_professor,111378.0
UNCA,associate_professor,91747.0
UNCA,lecturer,66200.0
UNCA,lecturer,74254.0
UNCA,lecturer,63860.0
UNCA,lecturer,63994.0
UNCA,associate_professor,87248.0
UNCA,professor,95137.0
UNCA,associate_professor,81495.0
UNCA,associate_professor,82500.0
UNCA,professor,93622.0
UNCA,lecturer,49460.0
UNCA,professor,105104.0
UNCA,lecturer,52672.0
UNCA,professor,133472.0
UNCA,associate_professor,79467.0
UNCA,lecturer,72141.0
UNCA,lecturer,56559.0
UNCA,associate_professor,89543.0
UNCA,professor,101354.0
UNCA,associate_professor,90394.0
UNCA,lecturer,66200.0
UNCA,assistant_professor,97462.0
UNCA,assistant_professor,106289.0
UNCA,administrator,231750.0
UNCA,assistant_professor,90772.0
UNCA,professor,98461.0
UNCA,lecturer,70569.0
UNCA,administrator,149350.0
UNCA,lecturer,64729.0
UNCA,lecturer,62486.0
UNCA,lecturer,75190.0
UNCA,assistant_professor,97881.0
UNCA,lecturer,75847.0
UNCA,professor,94501.0
UNCA,professor,106128.0
UNCA,professor,108963.0
UNCA,professor,92413.0
UNCA,professor,65449.0
UNCA,assistant_professor,77293.0
UNCA,administrator,129698.0
UNCA,administrator,318270.0
UNCC,lecturer,65000.0
UNCC,assistant_professor,79310.0
UNCC,assistant_professor,71080.0
UNCC,assistant_professor,88580.0
UNCC,associate_professor,94081.0
UNCC,associate_professor,105575.0
UNCC,administrator,191187.0
UNCC,assistant_professor,82915.0
UNCC,assistant_professor,76783.0
UNCC,professor,182713.0
UNCC,assistant_professor,97850.0
UNCC,lecturer,92700.0
UNCC,professor,74967.0
UNCC,lecturer,66308.0
UNCC,professor,124551.0
UNCC,professor,154118.0
UNCC,assistant_professor,71717.0
UNCC,assistant_professor,112540.0
UNCC,professor,154764.0
UNCC,assistant_professor,103968.0
UNCC,professor,158149.0
UNCC,lecturer,72100.0
UNCC,professor,133507.0
UNCC,assistant_professor,64890.0
UNCC,associate_professor,93267.0
UNCC,lecturer,59000.0
UNCC,professor,99922.0
UNCC,associate_professor,116941.0
UNCC,associate_professor,102553.0
UNCC,professor,157370.0
UNCC,associate_professor,106364.0
UNCC,professor,105576.0
UNCC,associate_professor,112822.0
UNCC,lecturer,84000.0
UNCC,associate_professor,88264.0
UNCC,assistant_professor,74000.0
UNCC,associate_professor,65696.0
UNCC,professor,123419.0
UNCC,lecturer,67586.0
UNCC,associate_professor,102240.0
UNCC,professor,258907.0
UNCC,professor,101604.0
UNCC,professor,151880.0
UNCC,associate_professor,94221.0
UNCC,professor,107365.0
UNCC,lecturer,72272.0
UNCC,professor,130821.0
UNCC,associate_professor,73611.0
UNCC,associate_professor,114424.0
UNCC,professor,120299.0
UNCC,professor,135253.0
UNCC,associate_professor,100237.0
UNCC,assistant_professor,85509.0
UNCC,associate_professor,105680.0
UNCC,associate_professor,119156.0
UNCC,assistant_professor,69010.0
UNCC,lecturer,67575.0
UNCC,professor,102087.0
UNCC,associate_professor,118450.0
UNCC,lecturer,72559.0
UNCC,lecturer,63773.0
UNCC,professor,250007.0
UNCC,lecturer,59410.0
UNCC,administrator,210877.0
UNCC,associate_professor,115662.0
UNCC,professor,128750.0
UNCC,lecturer,76082.0
UNCC,assistant_professor,115000.0
UNCC,assistant_professor,65405.0
UNCC,professor,162923.0
UNCC,associate_professor,90220.0
UNCC,associate_professor,83777.0
UNCC,associate_professor,81271.0
UNCC,associate_professor,95962.0
UNCC,professor,123600.0
UNCC,assistant_professor,88276.0
UNCC,lecturer,80979.0
UNCC,associate_professor,100216.0
UNCC,assistant_professor,99610.0
UNCC,assistant_professor,99350.0
UNCC,professor,127141.0
UNCC,assistant_professor,106090.0
UNCC,assistant_professor,108150.0
UNCC,associate_professor,107120.0
UNCC,lecturer,74227.0
UNCC,associate_professor,95650.0
UNCC,assistant_professor,65405.0
UNCC,assistant_professor,100403.0
UNCC,associate_professor,92424.0
UNCC,associate_professor,73226.0
UNCC,associate_professor,95264.0
UNCC,professor,146056.0
UNCC,professor,141956.0
UNCC,professor,114195.0
UNCC,assistant_professor,66950.0
UNCC,lecturer,60867.0
UNCC,assistant_professor,84975.0
UNCC,professor,114480.0
UNCC,professor,122004.0
UNCC,associate_professor,48283.0
UNCC,professor,77970.0
UNCC,lecturer,84258.0
UNCC,assistant_professor,102611.0
UNCC,associate_professor,137917.0
UNCC,assistant_professor,83811.0
UNCC,lecturer,75606.0
UNCC,assistant_professor,76405.0
UNCC,professor,237950.0
UNCC,assistant_professor,95481.0
UNCC,professor,109889.0
UNCC,administrator,257500.0
UNCC,lecturer,70000.0
UNCC,associate_professor,74807.0
UNCC,professor,70270.0
UNCC,professor,168811.0
UNCC,associate_professor,116385.0
UNCC,lecturer,78280.0
UNCC,associate_professor,108150.0
UNCC,lecturer,59000.0
UNCC,associate_professor,96397.0
UNCC,associate_professor,95000.0
UNCC,professor,208512.0
UNCC,associate_professor,91527.0
UNCC,assistant_professor,90000.0
UNCC,associate_professor,96594.0
UNCC,administrator,190499.0
UNCC,associate_professor,113731.0
UNCC,associate_professor,153629.0
UNCC,assistant_professor,70000.0
UNCC,administrator,113300.0
UNCC,associate_professor,127073.0
UNCC,assistant_professor,78224.0
UNCC,assistant_professor,85962.0
UNCC,professor,60933.5
UNCC,professor,172292.0
UNCC,professor,86891.0
UNCC,assistant_professor,82915.0
UNCC,professor,165667.0
UNCC,associate_professor,89946.0
UNCC,assistant_professor,128750.0
UNCC,associate_professor,91527.0
UNCC,lecturer,64355.0
UNCC,associate_professor,249560.0
UNCC,associate_professor,90190.0
UNCC,professor,103666.0
UNCC,administrator,256746.0
UNCC,administrator,375950.0
UNCC,administrator,125947.0
UNCC,lecturer,63994.0
UNCC,assistant_professor,86000.0
UNCC,lecturer,72141.0
UNCC,assistant_professor,92700.0
UNCC,professor,149362.0
UNCC,assistant_professor,85647.0
UNCC,professor,242050.0
UNCC,associate_professor,91527.0
UNCC,professor,104752.0
UNCC,professor,106748.0
UNCC,assistant_professor,65405.0
UNCC,professor,112705.0
UNCC,assistant_professor,83430.0
UNCC,professor,122572.0
UNCC,associate_professor,80629.0
UNCC,professor,110873.0
UNCC,assistant_professor,88580.0
UNCC,professor,129606.0
UNCC,assistant_professor,102059.0
UNCC,professor,182825.0
UNCC,lecturer,65127.0
UNCC,associate_professor,94038.0
UNCC,assistant_professor,91237.0
UNCC,associate_professor,89329.5
UNCC,professor,160649.0
UNCC,associate_professor,145892.0
UNCC,assistant_professor,80000.0
UNCC,associate_professor,105366.0
UNCC,associate_professor,90697.0
UNCC,assistant_professor,87550.0
UNCC,associate_professor,71958.0
UNCC,associate_professor,109567.0
UNCC,professor,140526.0
UNCC,professor,106861.0
UNCC,professor,107117.0
UNCC,assistant_professor,97850.0
UNCC,assistant_professor,200155.0
UNCC,professor,136593.0
UNCC,associate_professor,128236.0
UNCC,assistant_professor,106090.0
UNCC,associate_professor,121128.0
UNCC,assistant_professor,102347.0
UNCC,assistant_professor,65000.0
UNCC,assistant_professor,103968.0
UNCC,associate_professor,102284.0
UNCC,administrator,304651.0
UNCC,professor,91498.5
UNCC,assistant_professor,105000.0
UNCC,associate_professor,118450.0
UNCC,professor,188457.0
UNCC,professor,357133.0
UNCC,assistant_professor,93784.0
UNCC,lecturer,67005.0
UNCC,lecturer,75027.0
UNCC,professor,96548.0
UNCC,associate_professor,178372.0
UNCC,professor,200000.0
UNCC,associate_professor,86489.0
UNCC,professor,109205.0
UNCC,associate_professor,64000.0
UNCC,professor,151709.0
UNCC,professor,112794.0
UNCC,professor,224915.0
UNCC,lecturer,66952.0
UNCC,associate_professor,97718.0
UNCC,associate_professor,104751.0
UNCC,administrator,193067.0
UNCC,professor,180250.0
UNCC,associate_professor,98744.0
UNCC,associate_professor,95654.0
UNCC,professor,157736.0
UNCC,assistant_professor,67980.0
UNCC,assistant_professor,80020.0
UNCC,assistant_professor,71717.0
UNCC,assistant_professor,76082.0
UNCC,assistant_professor,78280.0
UNCC,associate_professor,81430.0
UNCC,professor,122834.0
UNCC,administrator,325484.0
UNCC,professor,126025.0
UNCC,associate_professor,135051.0
UNCC,professor,104170.0
UNCC,associate_professor,114779.0
UNCC,professor,75027.0
UNCC,professor,114647.0
UNCC,professor,124772.0
UNCC,professor,103663.0
UNCC,lecturer,103000.0
UNCC,lecturer,72141.0
UNCC,assistant_professor,124677.0
UNCC,assistant_professor,105060.0
UNCC,associate_professor,100686.0
UNCC,assistant_professor,90177.0
UNCC,assistant_professor,65405.0
UNCC,assistant_professor,86520.0
UNCC,professor,105993.0
UNCC,assistant_professor,65000.0
UNCC,assistant_professor,97066.0
UNCC,lecturer,60683.0
UNCC,professor,111016.0
UNCC,associate_professor,110920.0
UNCC,associate_professor,98000.0
UNCC,assistant_professor,110334.0
UNCC,lecturer,63773.0
UNCC,assistant_professor,72100.0
UNCC,professor,117670.0
UNCC,lecturer,109627.0
UNCC,assistant_professor,67980.0
UNCC,professor,244655.0
UNCC,assistant_professor,97850.0
UNCC,associate_professor,100295.0
UNCC,assistant_professor,88267.0
UNCC,professor,175980.0
UNCC,assistant_professor,90640.0
UNCC,associate_professor,110609.0
UNCC,lecturer,71895.0
UNCC,professor,152513.0
UNCC,professor,59874.0
UNCC,assistant_professor,116699.0
UNCC,lecturer,67594.0
UNCC,associate_professor,100159.0
UNCC,lecturer,60683.0
UNCC,assistant_professor,106090.0
UNCC,associate_professor,92560.0
UNCC,administrator,319300.0
UNCC,professor,122490.0
UNCC,professor,160350.0
UNCC,professor,158202.0
UNCC,professor,196106.0
UNCC,professor,113273.0
UNCC,associate_professor,87579.0
UNCC,associate_professor,89116.0
UNCC,associate_professor,88397.0
UNCC,assistant_professor,80000.0
UNCC,lecturer,66950.0
UNCC,lecturer,84014.0
UNCC,assistant_professor,78566.0
UNCC,professor,53958.0
UNCC,associate_professor,167375.0
UNCC,lecturer,63773.0
UNCC,professor,109861.0
UNCC,professor,174244.0
UNCC,professor,120993.0
UNCC,associate_professor,113687.0
UNCC,associate_professor,90814.0
UNCC,professor,110663.0
UNCC,professor,130841.0
UNCC,assistant_professor,87550.0
UNCC,professor,157590.0
UNCC,lecturer,63690.0
UNCC,administrator,162699.0
UNCC,assistant_professor,97263.0
UNCC,lecturer,76390.0
UNCC,professor,132010.0
UNCC,associate_professor,172547.0
UNCC,associate_professor,110973.0
UNCC,assistant_professor,114747.0
UNCC,assistant_professor,92500.0
UNCC,associate_professor,95414.0
UNCC,assistant_professor,90177.0
UNCC,associate_professor,97332.0
UNCC,associate_professor,102775.0
UNCC,associate_professor,118670.0
UNCC,assistant_professor,82856.0
UNCC,assistant_professor,121367.0
UNCC,associate_professor,121362.0
UNCC,professor,171138.0
UNCC,professor,187534.0
UNCC,associate_professor,144964.0
UNCC,professor,173092.0
UNCC,associate_professor,84618.0
UNCC,assistant_professor,102000.0
UNCC,assistant_professor,94760.0
UNCC,professor,104792.0
UNCC,associate_professor,71978.0
UNCC,associate_professor,73062.0
UNCC,assistant_professor,135000.0
UNCC,lecturer,77000.0
UNCC,professor,122193.0
UNCC,professor,78337.0
UNCC,associate_professor,75166.0
UNCC,assistant_professor,105060.0
UNCC,lecturer,88671.0
UNCC,professor,92454.0
UNCC,lecturer,67596.0
UNCC,lecturer,82400.0
UNCC,associate_professor,101000.0
UNCC,associate_professor,89203.0
UNCC,associate_professor,96399.0
UNCC,professor,156846.0
UNCC,associate_professor,101757.0
UNCC,associate_professor,90193.0
UNCC,assistant_professor,88267.0
UNCC,associate_professor,101507.0
UNCC,associate_professor,93000.0
UNCC,associate_professor,106363.0
UNCC,lecturer,73130.0
UNCC,lecturer,72538.0
UNCC,lecturer,93784.0
UNCC,administrator,162281.0
UNCC,assistant_professor,111361.0
UNCC,lecturer,74227.0
UNCC,professor,102164.0
UNCC,lecturer,76985.0
UNCC,associate_professor,88982.0
UNCC,professor,145426.0
UNCC,professor,101807.0
UNCC,assistant_professor,121367.0
UNCC,professor,77464.0
UNCC,assistant_professor,101424.0
UNCC,administrator,614512.0
UNCC,assistant_professor,90177.0
UNCC,professor,163460.0
UNCC,associate_professor,151649.0
UNCC,associate_professor,152284.0
UNCC,associate_professor,143900.0
UNCC,associate_professor,106425.0
UNCC,associate_professor,97274.0
UNCC,administrator,273043.0
UNCC,lecturer,105345.0
UNCC,assistant_professor,95481.0
UNCC,assistant_professor,101867.0
UNCC,assistant_professor,95009.0
UNCC,assistant_professor,75190.0
UNCC,lecturer,82796.0
UNCC,associate_professor,90063.0
UNCC,associate_professor,125697.0
UNCC,associate_professor,43021.0
UNCC,assistant_professor,94760.0
UNCC,professor,126978.0
UNCC,assistant_professor,91237.0
UNCC,professor,183955.0
UNCC,associate_professor,96127.0
UNCC,associate_professor,87022.0
UNCC,professor,81232.0
UNCC,associate_professor,124729.0
UNCC,professor,383242.0
UNCC,assistant_professor,150000.0
UNCC,professor,119905.0
UNCC,associate_professor,97664.0
UNCC,professor,124648.0
UNCC,lecturer,76082.0
UNCC,assistant_professor,87550.0
UNCC,professor,108529.0
UNCC,assistant_professor,91025.0
UNCC,professor,169089.0
UNCC,associate_professor,78516.0
UNCC,associate_professor,97575.0
UNCC,professor,103233.0
UNCC,associate_professor,72745.0
UNCC,lecturer,60683.0
UNCC,professor,93640.0
UNCC,assistant_professor,87550.0
UNCC,professor,185427.0
UNCC,assistant_professor,204410.0
UNCC,professor,78337.0
UNCC,lecturer,80000.0
UNCC,assistant_professor,108150.0
UNCC,assistant_professor,103000.0
UNCC,professor,105601.0
UNCC,professor,245297.0
UNCC,assistant_professor,80000.0
UNCC,lecturer,60683.0
UNCC,assistant_professor,92000.0
UNCC,associate_professor,92732.0
UNCC,lecturer,36736.0
UNCC,assistant_professor,73130.0
UNCC,professor,106015.0
UNCC,professor,87455.0
UNCC,associate_professor,106533.0
UNCC,professor,142742.0
UNCC,assistant_professor,105060.0
UNCC,assistant_professor,87550.0
UNCC,professor,108869.0
UNCC,assistant_professor,65000.0
UNCC,professor,111344.0
UNCC,assistant_professor,92700.0
UNCC,associate_professor,100275.0
UNCC,professor,79461.0
UNCC,assistant_professor,95000.0
UNCC,professor,12136.0
UNCC,assistant_professor,84460.0
UNCC,assistant_professor,87164.0
UNCC,professor,176123.0
UNCC,assistant_professor,92700.0
UNCC,professor,154224.0
UNCC,associate_professor,96917.0
UNCC,associate_professor,89303.0
UNCC,lecturer,64377.0
UNCC,associate_professor,92735.0
UNCC,assistant_professor,116699.0
UNCC,professor,149641.0
UNCC,administrator,147184.0
UNCC,assistant_professor,95000.0
UNCC,associate_professor,108374.0
UNCC,lecturer,60770.0
UNCC,associate_professor,90647.0
UNCC,professor,281810.0
UNCC,professor,91356.0
UNCC,assistant_professor,75324.0
UNCC,professor,108065.0
UNCC,assistant_professor,64890.0
UNCC,lecturer,77686.0
UNCC,associate_professor,101700.0
UNCC,associate_professor,83985.0
UNCC,professor,128755.0
UNCC,associate_professor,102085.0
UNCC,assistant_professor,104000.0
UNCC,lecturer,68000.0
UNCC,assistant_professor,72100.0
UNCC,assistant_professor,176640.0
UNCC,professor,108138.0
UNCC,assistant_professor,72421.0
UNCC,associate_professor,100000.0
UNCC,professor,214698.0
UNCC,professor,125757.0
UNCC,professor,124513.0
UNCC,administrator,203848.0
UNCC,assistant_professor,78795.0
UNCC,associate_professor,90550.0
UNCC,administrator,226184.0
UNCC,professor,118799.0
UNCC,professor,111470.0
UNCC,associate_professor,119547.0
UNCC,assistant_professor,91237.0
UNCC,professor,109052.0
UNCC,associate_professor,91527.0
UNCC,lecturer,66461.0
UNCC,associate_professor,111000.0
UNCC,associate_professor,111279.0
UNCC,professor,127009.0
UNCC,associate_professor,142875.0
UNCC,associate_professor,92384.0
UNCC,professor,162636.0
UNCC,assistant_professor,105060.0
UNCC,assistant_professor,103004.0
UNCC,associate_professor,98701.0
UNCC,lecturer,66004.0
UNCC,assistant_professor,100000.0
UNCC,professor,79744.0
UNCC,lecturer,67245.0
UNCC,associate_professor,80864.0
UNCC,professor,202459.89
UNCC,professor,111310.0
UNCC,administrator,260590.0
UNCC,lecturer,71076.0
UNCC,professor,108646.0
UNCC,assistant_professor,82400.0
UNCC,assistant_professor,82429.0
UNCC,associate_professor,92055.0
UNCC,lecturer,90598.0
UNCC,associate_professor,85000.0
UNCC,professor,125258.0
UNCC,lecturer,67060.0
UNCC,associate_professor,207461.0
UNCC,assistant_professor,97850.0
UNCC,professor,121739.0
UNCC,professor,174871.0
UNCC,associate_professor,114195.0
UNCC,assistant_professor,85000.0
UNCC,assistant_professor,95000.0
UNCC,professor,143434.0
UNCC,professor,179329.0
UNCC,assistant_professor,85000.0
UNCC,professor,104387.0
UNCC,lecturer,90244.0
UNCC,lecturer,55466.0
UNCC,assistant_professor,108150.0
UNCC,professor,133609.0
UNCC,administrator,109658.0
UNCC,lecturer,64369.0
UNCC,professor,96661.0
UNCC,assistant_professor,113516.0
UNCC,assistant_professor,108486.0
UNCC,associate_professor,93393.0
UNCC,lecturer,90087.0
UNCC,assistant_professor,71717.0
UNCC,associate_professor,88434.0
UNCC,associate_professor,89815.0
UNCC,professor,176536.0
UNCC,lecturer,95481.0
UNCC,assistant_professor,128750.0
UNCC,lecturer,92495.0
UNCC,associate_professor,73152.0
UNCC,lecturer,66633.0
UNCC,lecturer,61800.0
UNCC,professor,155140.0
UNCC,professor,125277.0
UNCC,professor,119577.0
UNCC,associate_professor,75190.0
UNCC,professor,131961.0
UNCC,associate_professor,125660.0
UNCC,professor,313681.0
UNCC,professor,175421.0
UNCC,lecturer,76985.0
UNCC,assistant_professor,113257.0
UNCC,associate_professor,206140.0
UNCC,administrator,377129.0
UNCC,associate_professor,125813.0
UNCC,professor,207763.0
UNCC,assistant_professor,150916.0
UNCC,professor,253906.0
UNCC,associate_professor,79963.0
UNCC,professor,104502.0
UNCC,assistant_professor,91000.0
UNCC,assistant_professor,198600.0
UNCC,professor,145297.0
UNCC,associate_professor,93736.0
UNCC,lecturer,75027.0
UNCC,professor,310618.0
UNCC,professor,279581.0
UNCC,lecturer,60770.0
UNCC,assistant_professor,80544.0
UNCC,associate_professor,105113.0
UNCC,professor,161773.0
UNCC,lecturer,74059.0
UNCC,associate_professor,100268.0
UNCC,lecturer,82750.0
UNCC,assistant_professor,79440.0
UNCC,assistant_professor,82750.0
UNCC,assistant_professor,185400.0
UNCC,assistant_professor,123600.0
UNCC,assistant_professor,123479.0
UNCC,professor,130576.0
UNCC,professor,116722.0
UNCC,associate_professor,100378.0
UNCC,associate_professor,94962.0
UNCC,professor,126756.0
UNCC,administrator,202409.0
UNCC,professor,99795.0
UNCC,lecturer,67575.0
UNCC,associate_professor,163185.0
UNCC,associate_professor,91360.0
UNCC,professor,298734.0
UNCC,assistant_professor,83781.0
UNCC,professor,77970.0
UNCC,professor,126272.0
UNCC,assistant_professor,78280.0
UNCC,associate_professor,143162.0
UNCC,professor,167011.0
UNCC,professor,97789.0
UNCC,lecturer,71717.0
UNCC,assistant_professor,72100.0
UNCC,associate_professor,88580.0
UNCC,lecturer,65229.0
UNCC,professor,119246.0
UNCC,assistant_professor,100940.0
UNCC,assistant_professor,135960.0
UNCC,assistant_professor,180000.0
UNCC,associate_professor,117182.0
UNCC,associate_professor,104346.0
UNCC,associate_professor,135603.0
UNCC,professor,113104.0
UNCC,professor,100081.0
UNCC,professor,154091.0
UNCC,associate_professor,98131.0
UNCC,assistant_professor,89610.0
UNCC,associate_professor,99200.0
UNCC,associate_professor,93811.0
UNCC,professor,174694.0
UNCC,administrator,185658.0
UNCC,assistant_professor,84975.0
UNCC,professor,108202.0
UNCC,assistant_professor,222789.0
UNCC,professor,112078.0
UNCC,assistant_professor,97850.0
UNCC,assistant_professor,84975.0
UNCC,lecturer,80000.0
UNCC,associate_professor,130702.0
UNCC,professor,110319.0
UNCC,associate_professor,99727.0
UNCC,professor,97458.0
UNCC,associate_professor,86716.0
UNCC,lecturer,66940.0
UNCC,professor,154582.0
UNCC,professor,246237.0
UNCC,professor,108661.0
UNCC,assistant_professor,113300.0
UNCC,professor,154500.0
UNCC,lecturer,77250.0
UNCC,assistant_professor,91670.0
UNCC,professor,151069.0
UNCC,associate_professor,303850.0
UNCC,associate_professor,79082.0
UNCC,assistant_professor,190550.0
UNCC,professor,79879.0
UNCC,administrator,164737.0
UNCC,associate_professor,96824.0
UNCC,assistant_professor,76220.0
UNCC,professor,139759.0
UNCC,professor,75027.0
UNCC,associate_professor,127341.0
UNCC,associate_professor,136140.0
UNCC,assistant_professor,90000.0
UNCC,associate_professor,133154.0
UNCC,assistant_professor,231701.0
UNCC,professor,96640.0
UNCC,assistant_professor,83000.0
UNCC,assistant_professor,95481.0
UNCC,lecturer,73842.0
UNCC,associate_professor,102103.0
UNCC,assistant_professor,146260.0
UNCC,professor,137105.0
UNCC,lecturer,80989.0
UNCC,associate_professor,252006.0
UNCC,administrator,188958.0
UNCC,professor,143434.0
UNCC,associate_professor,90659.0
UNCC,associate_professor,127308.0
UNCC,professor,109591.0
UNCC,professor,356270.0
UNCC,assistant_professor,77227.0
UNCC,professor,116962.0
UNCC,assistant_professor,72100.0
UNCC,professor,152261.0
UNCC,associate_professor,89796.0
UNCC,associate_professor,102396.0
UNCC,assistant_professor,84000.0
UNCC,professor,120614.0
UNCC,assistant_professor,84460.0
UNCC,professor,114125.0
UNCC,professor,131946.0
UNCC,professor,93335.0
UNCC,professor,82147.0
UNCC,associate_professor,79392.0
UNCC,assistant_professor,71717.0
UNCC,lecturer,67435.0
UNCC,assistant_professor,65405.0
UNCC,professor,183340.0
UNCC,associate_professor,117490.0
UNCC,professor,123469.0
UNCC,professor,153904.0
UNCC,associate_professor,88079.0
UNCC,professor,112786.0
UNCC,assistant_professor,66950.0
UNCC,assistant_professor,103056.0
UNCC,professor,105072.0
UNCC,professor,110045.0
UNCC,professor,101675.0
UNCC,associate_professor,96287.0
UNCC,professor,186402.0
UNCC,associate_professor,88397.0
UNCC,professor,105175.0
UNCC,professor,103190.0
UNCC,assistant_professor,93032.0
UNCC,lecturer,65262.0
UNCC,associate_professor,96972.0
UNCC,associate_professor,73152.0
UNCC,lecturer,68959.0
UNCC,associate_professor,132613.0
UNCC,lecturer,71870.0
UNCC,professor,218545.0
UNCC,assistant_professor,108150.0
UNCC,associate_professor,81827.0
UNCC,associate_professor,106090.0
UNCC,professor,188005.0
UNCC,lecturer,66200.0
UNCC,assistant_professor,77250.0
UNCC,associate_professor,104420.0
UNCC,professor,150578.0
UNCC,professor,319415.0
UNCC,associate_professor,89260.0
UNCC,associate_professor,82060.0
UNCC,assistant_professor,70060.0
UNCC,lecturer,64470.0
UNCC,lecturer,66952.0
UNCC,associate_professor,79204.0
UNCC,assistant_professor,64890.0
UNCC,lecturer,71717.0
UNCC,professor,163293.0
UNCC,lecturer,60683.0
UNCC,associate_professor,103116.0
UNCC,lecturer,63683.0
UNCC,associate_professor,118464.0
UNCC,professor,241665.0
UNCC,administrator,227061.0
UNCC,lecturer,95236.0
UNCC,associate_professor,114945.0
UNCC,associate_professor,92682.0
UNCC,associate_professor,88905.0
UNCC,professor,146404.0
UNCC,assistant_professor,84460.0
UNCC,associate_professor,80736.0
UNCC,associate_professor,120258.0
UNCC,associate_professor,75511.0
UNCC,lecturer,67303.0
UNCC,professor,250570.0
UNCC,assistant_professor,86000.0
UNCC,associate_professor,109242.0
UNCC,assistant_professor,103021.0
UNCC,associate_professor,181836.0
UNCC,assistant_professor,72500.0
UNCC,administrator,169869.0
UNCC,assistant_professor,75473.0
UNCC,professor,118216.0
UNCC,lecturer,93640.0
UNCC,professor,84460.0
UNCC,professor,110765.0
UNCC,associate_professor,97188.0
UNCC,assistant_professor,71717.0
UNCC,assistant_professor,102000.0
UNCC,associate_professor,127014.0
UNCC,lecturer,56650.0
UNCC,associate_professor,89877.0
UNCC,lecturer,75871.0
UNCC,professor,168409.0
UNCC,associate_professor,112429.0
UNCC,associate_professor,93651.0
UNCC,lecturer,70040.0
UNCC,assistant_professor,72100.0
UNCC,associate_professor,100724.0
UNCC,associate_professor,91165.0
UNCC,associate_professor,123469.0
UNCC,assistant_professor,104965.0
UNCC,assistant_professor,146260.0
UNCC,assistant_professor,88472.0
UNCC,professor,159893.0
UNCC,assistant_professor,76287.0
UNCC,lecturer,74227.0
UNCC,assistant_professor,80000.0
UNCC,assistant_professor,90000.0
UNCC,professor,137502.0
UNCC,associate_professor,113926.0
UNCC,lecturer,55466.0
UNCC,lecturer,92700.0
UNCC,assistant_professor,69628.0
UNCC,assistant_professor,88267.0
UNCC,associate_professor,82746.0
UNCC,lecturer,64377.0
UNCC,professor,75027.0
UNCC,assistant_professor,97850.0
UNCC,associate_professor,100790.0
UNCC,assistant_professor,74227.0
UNCC,professor,181620.0
UNCC,associate_professor,121367.0
UNCC,assistant_professor,123600.0
UNCC,lecturer,55466.0
UNCC,administrator,178380.0
UNCC,assistant_professor,122004.0
UNCC,professor,85979.0
UNCC,assistant_professor,105000.0
UNCC,professor,112108.0
UNCC,assistant_professor,80000.0
UNCC,professor,132727.0
UNCC,associate_professor,76358.0
UNCC,professor,133228.0
UNCC,administrator,205694.0
UNCC,professor,245109.0
UNCC,administrator,165840.0
UNCC,associate_professor,93640.0
UNCC,associate_professor,104401.0
UNCC,lecturer,74113.0
UNCC,assistant_professor,82400.0
UNCC,professor,146260.0
UNCC,lecturer,85000.0
UNCC,administrator,244007.0
UNCC,associate_professor,136856.0
UNCC,professor,131530.0
UNCC,assistant_professor,108150.0
UNCC,professor,208005.0
UNCC,assistant_professor,92700.0
UNCC,professor,105842.0
UNCC,professor,109045.0
UNCC,associate_professor,97477.0
UNCC,professor,123962.0
UNCC,lecturer,64743.0
UNCC,associate_professor,114391.0
UNCC,lecturer,68000.0
UNCC,professor,62716.0
UNCC,associate_professor,112824.0
UNCC,lecturer,67060.0
UNCC,associate_professor,113447.0
UNCC,assistant_professor,102907.0
UNCC,associate_professor,89642.0
UNCC,assistant_professor,70062.0
UNCC,assistant_professor,72100.0
UNCC,assistant_professor,71717.0
UNCC,professor,99615.0
UNCC,lecturer,60770.0
UNCC,administrator,200850.0
UNCC,assistant_professor,119480.0
UNCC,professor,118400.0
UNCC,lecturer,55000.0
UNCC,professor,62121.0
UNCC,professor,143218.0
UNCC,administrator,222482.0
UNCC,professor,130577.0
UNCC,administrator,218629.0
UNCC,professor,102164.0
UNCC,associate_professor,74518.0
UNCC,assistant_professor,95000.0
UNCC,professor,104776.0
UNCC,professor,175163.0
UNCC,assistant_professor,103000.0
UNCC,professor,146283.0
UNCC,professor,116621.0
UNCC,associate_professor,125716.0
UNCC,assistant_professor,87550.0
UNCC,assistant_professor,87550.0
UNCC,assistant_professor,68710.0
UNCC,professor,120353.0
UNCC,associate_professor,125615.0
UNCC,associate_professor,92020.0
UNCC,professor,111634.0
UNCC,administrator,180250.0
UNCC,professor,85000.0
UNCC,associate_professor,159650.0
UNCC,associate_professor,77598.0
UNCC,assistant_professor,81647.0
UNCC,professor,176725.0
UNCC,assistant_professor,221450.0
UNCC,associate_professor,73624.0
UNCC,assistant_professor,85000.0
UNCC,associate_professor,114564.0
UNCC,lecturer,77033.0
UNCC,associate_professor,83680.0
UNCC,professor,113804.0
UNCC,professor,105952.0
UNCC,associate_professor,109792.0
UNCC,associate_professor,89232.0
UNCC,professor,232056.0
UNCC,associate_professor,109803.0
UNCC,professor,127308.0
UNCC,associate_professor,75000.0
UNCC,associate_professor,104234.0
UNCC,administrator,206000.0
UNCC,associate_professor,78484.0
UNCC,lecturer,66204.0
UNCC,lecturer,74227.0
UNCC,associate_professor,91223.0
UNCC,associate_professor,94912.0
UNCC,professor,129358.0
UNCC,associate_professor,83193.0
UNCC,professor,107667.0
UNCC,associate_professor,95302.0
UNCC,associate_professor,96379.0
UNCC,assistant_professor,108530.0
UNCC,professor,109178.0
UNCC,assistant_professor,72500.0
UNCC,associate_professor,115360.0
UNCC,assistant_professor,85000.0
UNCC,professor,77820.0
UNCC,lecturer,60683.0
UNCC,associate_professor,135465.0
UNCC,associate_professor,177460.0
UNCC,associate_professor,82309.0
UNCC,assistant_professor,79082.0
UNCC,professor,148962.0
UNCC,associate_professor,106545.0
UNCC,professor,104330.0
UNCC,administrator,175100.0
UNCC,assistant_professor,87550.0
UNCC,associate_professor,94223.0
UNCC,professor,118171.0
UNCC,professor,183925.0
UNCC,professor,251658.0
UNCC,assistant_professor,71717.0
UNCC,professor,102527.0
UNCC,associate_professor,100685.0
UNCC,professor,160000.0
UNCC,assistant_professor,97094.0
UNCC,professor,159650.0
UNCC,professor,226600.0
UNCC,associate_professor,159548.0
UNCC,lecturer,68000.0
UNCC,associate_professor,112540.0
UNCC,professor,112955.0
UNCC,associate_professor,107244.0
UNCC,associate_professor,102638.0
UNCC,assistant_professor,85000.0
UNCC,assistant_professor,82750.0
UNCC,lecturer,71717.0
UNCC,administrator,159268.0
UNCC,associate_professor,119697.0
UNCC,professor,133035.0
UNCC,professor,141934.0
UNCC,professor,182664.0
UNCC,assistant_professor,82000.0
UNCC,associate_professor,106425.0
UNCC,associate_professor,89433.0
UNCC,professor,237307.0
UNCC,assistant_professor,77234.0
UNCC,lecturer,74459.0
UNCC,associate_professor,123412.0
UNCC,assistant_professor,104030.0
UNCC,assistant_professor,97300.0
UNCC,associate_professor,100185.0
UNCC,professor,146744.0
UNCC,professor,157574.0
UNCC,administrator,164800.0
UNCC,assistant_professor,78224.0
UNCC,associate_professor,117688.0
UNCC,assistant_professor,100940.0
UNCC,assistant_professor,69628.0
UNCC,professor,117059.5
UNCC,professor,200819.0
UNCC,associate_professor,125000.0
UNCC,assistant_professor,95481.0
UNCC,administrator,164440.0
UNCC,professor,193413.0
UNCC,associate_professor,92409.0
UNCC,assistant_professor,79461.0
UNCC,professor,185295.0
UNCC,associate_professor,113118.0
UNCC,associate_professor,270315.0
UNCC,assistant_professor,65924.0
UNCC,professor,165368.0
UNCC,professor,178385.0
UNCC,administrator,149350.0
UNCC,professor,118722.0
UNCC,associate_professor,132523.0
UNCC,associate_professor,110645.0
UNCC,associate_professor,88135.0
UNCC,associate_professor,116696.0
UNCC,associate_professor,103234.0
UNCC,associate_professor,79601.0
UNCC,professor,137917.0
UNCC,professor,126974.0
UNCC,professor,153277.0
UNCC,associate_professor,90920.0
UNCC,assistant_professor,84975.0
UNCC,lecturer,100319.0
UNCC,lecturer,58350.0
UNCC,professor,132405.0
UNCC,associate_professor,143415.0
UNCC,professor,75062.0
UNCC,professor,190309.0
UNCC,professor,124438.0
UNCC,professor,143250.0
UNCC,professor,103483.0
UNCC,assistant_professor,97688.0
UNCC,professor,137254.0
UNCC,lecturer,74062.0
UNCC,lecturer,77939.0
UNCC,professor,118333.0
UNCC,assistant_professor,69000.0
UNCC,professor,152067.0
UNCC,assistant_professor,67367.0
UNCC,lecturer,63686.0
UNCC,lecturer,98200.0
UNCC,assistant_professor,172120.0
UNCC,lecturer,77125.0
UNCC,lecturer,56650.0
UNCC,associate_professor,75586.0
UNCC,professor,144200.0
UNCC,lecturer,58195.0
UNCC,professor,123808.0
UNCC,associate_professor,165541.0
UNCC,associate_professor,124081.0
UNCC,associate_professor,77737.0
UNCC,professor,220483.0
UNCC,associate_professor,87698.0
UNCC,associate_professor,118383.0
UNCC,professor,152433.0
UNCC,associate_professor,80629.0
UNCC,assistant_professor,86750.0
UNCC,assistant_professor,85647.0
UNCC,professor,114299.0
UNCC,professor,137858.0
UNCC,associate_professor,139277.0
UNCC,lecturer,89610.0
UNCC,professor,127405.0
UNCC,associate_professor,259063.0
UNCC,assistant_professor,80340.0
UNCC,assistant_professor,70062.0
UNCC,lecturer,84342.0
UNCC,professor,111004.0
UNCC,lecturer,70669.0
UNCC,assistant_professor,75027.0
UNCC,professor,83073.0
UNCC,lecturer,66984.0
UNCC,administrator,205815.0
UNCC,professor,148793.0
UNCC,professor,160408.0
UNCC,lecturer,72312.0
UNCC,professor,124184.0
UNCC,lecturer,85490.0
UNCC,professor,102993.0
UNCC,professor,95337.0
UNCC,professor,260981.0
UNCC,lecturer,68000.0
UNCC,lecturer,63683.0
UNCC,assistant_professor,85490.0
UNCC,professor,136606.0
UNCC,associate_professor,118884.0
UNCC,professor,113186.0
UNCC,professor,368543.0
UNCC,associate_professor,79568.0
UNCC,assistant_professor,150000.0
UNCC,administrator,292785.0
UNCC,associate_professor,105086.0
UNCC,professor,248977.0
UNCC,associate_professor,88743.0
UNCC,professor,127002.0
UNCC,associate_professor,77570.0
UNCC,professor,118848.0
UNCC,administrator,397838.0
UNCC,professor,156141.0
UNCC,administrator,166737.0
UNCC,assistant_professor,74000.0
UNCC,lecturer,68406.0
UNCC,professor,180103.0
UNCC,associate_professor,99194.0
UNCC,professor,110526.0
UNCC,associate_professor,105481.0
UNCC,professor,178259.0
UNCC,assistant_professor,74263.0
UNCC,associate_professor,128570.0
UNCC,assistant_professor,84000.0
UNCC,professor,336517.0
UNCC,lecturer,75370.0
UNCC,professor,106486.0
UNCC,lecturer,63773.0
UNCC,professor,178383.0
UNCC,assistant_professor,81370.0
UNCC,assistant_professor,103000.0
UNCC,associate_professor,100686.0
UNCC,associate_professor,82749.0
UNCC,professor,150053.0
UNCC,associate_professor,162587.0
UNCC,associate_professor,97719.0
UNCC,assistant_professor,86520.0
UNCC,lecturer,67590.0
UNCC,professor,180955.0
UNCC,professor,108910.0
UNCC,assistant_professor,87550.0
UNCC,professor,183390.0
UNCC,assistant_professor,70000.0
UNCC,professor,127850.0
UNCC,assistant_professor,123600.0
UNCC,associate_professor,100940.0
UNCC,assistant_professor,114195.0
UNCC,assistant_professor,111395.0
UNCC,professor,150919.0
UNCC,professor,220408.0
UNCC,associate_professor,123959.0
UNCC,professor,145510.0
UNCC,professor,110334.0
UNCC,lecturer,75322.0
UNCC,assistant_professor,64890.0
UNCC,professor,112406.0
UNCC,associate_professor,130416.0
UNCC,professor,117401.0
UNCC,associate_professor,105481.0
UNCC,associate_professor,91527.0
UNCC,lecturer,66200.0
UNCC,professor,90586.0
UNCC,assistant_professor,88862.0
UNCC,professor,75893.0
UNCC,administrator,169969.0
UNCC,professor,113705.0
UNCC,professor,343415.0
UNCC,administrator,188686.0
UNCC,professor,127574.0
UNCC,associate_professor,126268.0
UNCC,professor,131272.0
UNCC,assistant_professor,97850.0
UNCC,associate_professor,94760.0
UNCC,associate_professor,76395.0
UNCC,associate_professor,91030.0
UNCC,professor,150510.0
UNCC,professor,84460.0
UNCC,associate_professor,93465.0
UNCC,associate_professor,121574.0
UNCC,associate_professor,130948.0
UNCC,administrator,187989.0
UNCC,professor,114385.0
UNCC,associate_professor,77317.0
UNCC,lecturer,65191.0
UNCC,lecturer,69628.0
UNCC,administrator,145533.0
UNCC,professor,107005.0
UNCC,lecturer,82400.0
UNCC,associate_professor,82685.0
UNCC,assistant_professor,95000.0
UNCC,assistant_professor,77234.0
UNCC,associate_professor,86962.0
UNCC,professor,135044.0
UNCC,associate_professor,91340.0
UNCC,associate_professor,132858.0
UNCC,professor,125097.0
UNCC,professor,151323.0
UNCC,professor,110576.0
UNCC,professor,148704.0
UNCC,professor,85999.0
UNCC,professor,120548.0
UNCC,professor,288561.0
UNCC,assistant_professor,105345.0
UNCC,associate_professor,225512.0
UNCC,professor,116606.0
UNCC,associate_professor,73752.0
UNCC,lecturer,64743.0
UNCC,assistant_professor,70000.0
UNCC,lecturer,123600.0
UNCC,lecturer,63860.0
UNCC,professor,162054.0
UNCC,assistant_professor,220000.0
UNCC,assistant_professor,126247.0
UNCC,professor,150137.0
UNCC,assistant_professor,97850.0
UNCC,assistant_professor,121367.0
UNCC,assistant_professor,135000.0
UNCC,associate_professor,95000.0
UNCC,professor,146094.0
UNCC,assistant_professor,125186.0
UNCC,professor,67898.0
UNCC,professor,178142.0
UNCC,associate_professor,150818.0
UNCC,associate_professor,128390.0
UNCC,professor,150338.0
UNCC,assistant_professor,125186.0
UNCC,assistant_professor,231276.0
UNCC,assistant_professor,133900.0
UNCC,associate_professor,132400.0
UNCC,professor,162500.0
UNCC,lecturer,64663.0
UNCC,assistant_professor,92000.0
UNCC,assistant_professor,221450.0
UNCC,assistant_professor,98880.0
UNCC,associate_professor,153086.0
UNCC,associate_professor,115101.0
UNCC,assistant_professor,113516.0
UNCC,administrator,196090.0
UNCC,professor,300930.0
UNCC,associate_professor,113193.0
UNCC,assistant_professor,125000.0
UNCC,assistant_professor,111395.0
UNCC,assistant_professor,82198.0
UNCC,assistant_professor,124677.0
UNCC,professor,213514.0
UNCC,professor,120356.0
UNCC,professor,189100.0
UNCC,assistant_professor,105060.0
UNCC,professor,144637.0
UNCC,assistant_professor,190962.0
UNCC,professor,143228.0
UNCC,professor,211665.0
UNCC,associate_professor,103214.0
UNCC,associate_professor,92173.0
UNCC,associate_professor,92201.0
UNCC,assistant_professor,97603.0
UNCC,associate_professor,109488.0
UNCC,assistant_professor,100000.0
UNCC,associate_professor,129430.0
UNCC,administrator,288251.0
UNCC,lecturer,99910.0
UNCC,assistant_professor,76405.0
UNCC,assistant_professor,91356.0
UNCG,associate_professor,92343.0
UNCG,associate_professor,78064.0
UNCG,professor,174858.0
UNCG,associate_professor,87701.0
UNCG,assistant_professor,66950.0
UNCG,assistant_professor,84460.0
UNCG,assistant_professor,90000.0
UNCG,assistant_professor,85647.0
UNCG,assistant_professor,67367.0
UNCG,assistant_professor,82400.0
UNCG,lecturer,54817.0
UNCG,professor,113300.0
UNCG,associate_professor,88396.0
UNCG,professor,107227.0
UNCG,professor,86134.0
UNCG,associate_professor,185295.0
UNCG,professor,99995.0
UNCG,assistant_professor,110180.0
UNCG,associate_professor,123676.0
UNCG,professor,67673.0
UNCG,assistant_professor,72100.0
UNCG,associate_professor,80202.0
UNCG,lecturer,86740.0
UNCG,professor,107653.0
UNCG,assistant_professor,73130.0
UNCG,associate_professor,80202.0
UNCG,lecturer,76188.0
UNCG,assistant_professor,112671.0
UNCG,associate_professor,81480.0
UNCG,assistant_professor,84460.0
UNCG,assistant_professor,80451.0
UNCG,associate_professor,120000.0
UNCG,assistant_professor,81934.0
UNCG,professor,146742.0
UNCG,lecturer,63340.0
UNCG,professor,95409.0
UNCG,associate_professor,78094.0
UNCG,assistant_professor,66950.0
UNCG,associate_professor,97108.0
UNCG,assistant_professor,75000.0
UNCG,assistant_professor,82000.0
UNCG,assistant_professor,84276.0
UNCG,lecturer,88267.0
UNCG,lecturer,70000.0
UNCG,lecturer,50246.0
UNCG,administrator,296908.0
UNCG,lecturer,85490.0
UNCG,lecturer,50873.0
UNCG,professor,97626.0
UNCG,lecturer,83297.0
UNCG,lecturer,60000.0
UNCG,assistant_professor,80901.0
UNCG,associate_professor,85615.0
UNCG,assistant_professor,77250.0
UNCG,lecturer,42810.0
UNCG,assistant_professor,150380.0
UNCG,associate_professor,86110.0
UNCG,assistant_professor,83979.0
UNCG,assistant_professor,78000.0
UNCG,assistant_professor,115000.0
UNCG,professor,102718.0
UNCG,assistant_professor,108350.0
UNCG,administrator,309000.0
UNCG,lecturer,61800.0
UNCG,professor,148692.0
UNCG,assistant_professor,86005.0
UNCG,assistant_professor,72100.0
UNCG,associate_professor,93085.0
UNCG,assistant_professor,64890.0
UNCG,associate_professor,86692.0
UNCG,professor,255997.0
UNCG,professor,153224.0
UNCG,lecturer,65000.0
UNCG,professor,148067.0
UNCG,professor,107740.0
UNCG,associate_professor,76691.0
UNCG,lecturer,39000.0
UNCG,professor,94896.0
UNCG,administrator,381100.0
UNCG,associate_professor,84282.0
UNCG,lecturer,46055.0
UNCG,professor,100795.0
UNCG,assistant_professor,72100.0
UNCG,associate_professor,65097.0
UNCG,associate_professor,87641.0
UNCG,associate_professor,95025.0
UNCG,assistant_professor,88000.0
UNCG,professor,224852.0
UNCG,associate_professor,109959.0
UNCG,professor,87864.0
UNCG,assistant_professor,73645.0
UNCG,associate_professor,85934.0
UNCG,assistant_professor,66950.0
UNCG,associate_professor,82207.0
UNCG,administrator,274894.0
UNCG,associate_professor,96140.0
UNCG,lecturer,78424.0
UNCG,administrator,114646.0
UNCG,professor,126648.0
UNCG,lecturer,58789.0
UNCG,administrator,123021.0
UNCG,professor,107120.0
UNCG,lecturer,54713.0
UNCG,assistant_professor,71070.0
UNCG,associate_professor,108348.0
UNCG,assistant_professor,97323.0
UNCG,associate_professor,77861.0
UNCG,assistant_professor,72100.0
UNCG,assistant_professor,61800.0
UNCG,professor,91127.0
UNCG,associate_professor,80082.0
UNCG,associate_professor,108434.0
UNCG,associate_professor,93079.0
UNCG,associate_professor,92749.0
UNCG,lecturer,80202.0
UNCG,lecturer,56650.0
UNCG,associate_professor,193132.0
UNCG,professor,198282.0
UNCG,professor,142354.0
UNCG,lecturer,84304.0
UNCG,professor,87458.0
UNCG,professor,135796.0
UNCG,associate_professor,89447.0
UNCG,lecturer,49650.0
UNCG,associate_professor,82544.0
UNCG,lecturer,60894.0
UNCG,assistant_professor,87788.0
UNCG,associate_professor,95419.0
UNCG,professor,113949.0
UNCG,professor,118196.0
UNCG,lecturer,102775.0
UNCG,administrator,242050.0
UNCG,associate_professor,76220.0
UNCG,professor,99901.0
UNCG,administrator,301275.0
UNCG,lecturer,60000.0
UNCG,lecturer,61316.0
UNCG,associate_professor,79524.0
UNCG,professor,204837.0
UNCG,professor,91413.0
UNCG,associate_professor,87763.0
UNCG,assistant_professor,140000.0
UNCG,administrator,209708.0
UNCG,professor,105802.0
UNCG,lecturer,86740.0
UNCG,professor,118455.0
UNCG,lecturer,85489.0
UNCG,lecturer,61770.0
UNCG,lecturer,59740.0
UNCG,associate_professor,81374.0
UNCG,professor,70231.0
UNCG,professor,157146.0
UNCG,administrator,181427.0
UNCG,assistant_professor,65500.0
UNCG,lecturer,62944.0
UNCG,lecturer,45556.0
UNCG,professor,84459.0
UNCG,administrator,163871.0
UNCG,professor,79667.0
UNCG,lecturer,48969.0
UNCG,lecturer,77250.0
UNCG,associate_professor,87179.0
UNCG,professor,93753.0
UNCG,lecturer,58062.0
UNCG,lecturer,61800.0
UNCG,professor,89449.0
UNCG,associate_professor,76691.0
UNCG,lecturer,51500.0
UNCG,assistant_professor,65776.0
UNCG,assistant_professor,72141.0
UNCG,associate_professor,87725.0
UNCG,lecturer,61977.0
UNCG,associate_professor,108326.0
UNCG,associate_professor,82895.0
UNCG,professor,87585.0
UNCG,professor,132756.0
UNCG,associate_professor,93079.0
UNCG,lecturer,64467.0
UNCG,professor,113087.0
UNCG,administrator,163147.0
UNCG,assistant_professor,89610.0
UNCG,administrator,119550.0
UNCG,assistant_professor,64377.0
UNCG,assistant_professor,163871.0
UNCG,assistant_professor,79000.0
UNCG,lecturer,51500.0
UNCG,lecturer,58257.0
UNCG,professor,86979.0
UNCG,assistant_professor,84460.0
UNCG,assistant_professor,97603.0
UNCG,professor,95690.0
UNCG,professor,88480.0
UNCG,administrator,135000.0
UNCG,professor,95166.0
UNCG,associate_professor,89477.0
UNCG,assistant_professor,151925.0
UNCG,associate_professor,90128.0
UNCG,associate_professor,88941.0
UNCG,assistant_professor,83500.0
UNCG,lecturer,56650.0
UNCG,lecturer,46350.0
UNCG,lecturer,80202.0
UNCG,professor,115543.0
UNCG,lecturer,75000.0
UNCG,assistant_professor,50000.0
UNCG,administrator,176534.0
UNCG,associate_professor,85665.0
UNCG,professor,121194.0
UNCG,assistant_professor,88000.0
UNCG,assistant_professor,70231.0
UNCG,professor,96973.0
UNCG,assistant_professor,114195.0
UNCG,professor,266253.0
UNCG,assistant_professor,65920.0
UNCG,professor,94559.0
UNCG,lecturer,54122.0
UNCG,professor,100547.0
UNCG,professor,90682.0
UNCG,lecturer,42848.0
UNCG,lecturer,53560.0
UNCG,professor,133013.0
UNCG,assistant_professor,81079.0
UNCG,associate_professor,81532.0
UNCG,professor,100173.0
UNCG,lecturer,64000.0
UNCG,assistant_professor,148526.0
UNCG,associate_professor,94958.0
UNCG,lecturer,52530.0
UNCG,assistant_professor,63994.0
UNCG,assistant_professor,71070.0
UNCG,assistant_professor,90109.0
UNCG,assistant_professor,84460.0
UNCG,associate_professor,82468.0
UNCG,lecturer,43260.0
UNCG,professor,110780.0
UNCG,assistant_professor,104121.0
UNCG,assistant_professor,77250.0
UNCG,professor,150219.0
UNCG,assistant_professor,75000.0
UNCG,assistant_professor,72571.0
UNCG,associate_professor,104386.0
UNCG,lecturer,52330.0
UNCG,lecturer,77250.0
UNCG,associate_professor,121279.0
UNCG,assistant_professor,66950.0
UNCG,associate_professor,111449.0
UNCG,assistant_professor,144200.0
UNCG,lecturer,60152.0
UNCG,assistant_professor,84460.0
UNCG,assistant_professor,69628.0
UNCG,associate_professor,71898.0
UNCG,administrator,172010.0
UNCG,professor,95565.0
UNCG,assistant_professor,69010.0
UNCG,assistant_professor,147290.0
UNCG,associate_professor,160846.0
UNCG,assistant_professor,72571.0
UNCG,associate_professor,86054.0
UNCG,assistant_professor,68000.0
UNCG,associate_professor,132455.0
UNCG,professor,135405.0
UNCG,administrator,479449.0
UNCG,lecturer,60026.0
UNCG,associate_professor,86054.0
UNCG,assistant_professor,64890.0
UNCG,professor,95170.0
UNCG,lecturer,49192.0
UNCG,professor,136581.0
UNCG,lecturer,45678.0
UNCG,lecturer,85490.0
UNCG,associate_professor,87928.0
UNCG,professor,139371.0
UNCG,lecturer,47419.0
UNCG,assistant_professor,82400.0
UNCG,lecturer,56650.0
UNCG,associate_professor,76571.0
UNCG,assistant_professor,82906.0
UNCG,associate_professor,145922.0
UNCG,professor,88117.0
UNCG,associate_professor,80202.0
UNCG,lecturer,59424.0
UNCG,lecturer,51500.0
UNCG,lecturer,48505.0
UNCG,associate_professor,74404.0
UNCG,lecturer,95026.0
UNCG,professor,122004.0
UNCG,professor,117051.0
UNCG,assistant_professor,76082.0
UNCG,associate_professor,77861.0
UNCG,assistant_professor,107245.0
UNCG,assistant_professor,71500.0
UNCG,lecturer,54814.0
UNCG,associate_professor,174853.0
UNCG,professor,87509.0
UNCG,associate_professor,89860.0
UNCG,assistant_professor,80340.0
UNCG,assistant_professor,81812.0
UNCG,lecturer,46355.0
UNCG,professor,111601.0
UNCG,lecturer,107409.0
UNCG,lecturer,47962.0
UNCG,assistant_professor,175100.0
UNCG,professor,100525.0
UNCG,associate_professor,82714.0
UNCG,professor,98945.0
UNCG,professor,109803.0
UNCG,associate_professor,92824.0
UNCG,associate_professor,70389.0
UNCG,associate_professor,47805.0
UNCG,associate_professor,133168.0
UNCG,administrator,179090.0
UNCG,lecturer,32445.0
UNCG,professor,109261.0
UNCG,administrator,141282.0
UNCG,associate_professor,106404.0
UNCG,assistant_professor,127801.0
UNCG,lecturer,64867.0
UNCG,assistant_professor,66950.0
UNCG,professor,115547.0
UNCG,associate_professor,93978.0
UNCG,associate_professor,97116.0
UNCG,professor,90536.0
UNCG,lecturer,49650.0
UNCG,professor,149706.0
UNCG,professor,97847.0
UNCG,assistant_professor,80000.0
UNCG,professor,90484.0
UNCG,associate_professor,80326.0
UNCG,lecturer,52847.0
UNCG,lecturer,54178.0
UNCG,lecturer,46340.0
UNCG,assistant_professor,108744.0
UNCG,lecturer,74283.0
UNCG,associate_professor,81261.0
UNCG,lecturer,45678.0
UNCG,assistant_professor,144293.0
UNCG,professor,103000.0
UNCG,professor,206008.0
UNCG,assistant_professor,151925.0
UNCG,professor,86709.0
UNCG,lecturer,43308.0
UNCG,assistant_professor,78424.0
UNCG,associate_professor,119489.0
UNCG,associate_professor,91323.0
UNCG,professor,89402.0
UNCG,associate_professor,167433.0
UNCG,lecturer,47962.0
UNCG,lecturer,70000.0
UNCG,professor,119397.0
UNCG,associate_professor,188940.0
UNCG,associate_professor,98027.0
UNCG,lecturer,67507.0
UNCG,assistant_professor,66950.0
UNCG,lecturer,83430.0
UNCG,assistant_professor,66950.0
UNCG,professor,142111.0
UNCG,professor,242972.0
UNCG,associate_professor,85769.0
UNCG,assistant_professor,63994.0
UNCG,professor,164747.0
UNCG,lecturer,79644.0
UNCG,professor,117727.0
UNCG,lecturer,58710.0
UNCG,associate_professor,81236.0
UNCG,associate_professor,85648.0
UNCG,associate_professor,96657.0
UNCG,assistant_professor,80000.0
UNCG,professor,103658.0
UNCG,lecturer,47962.0
UNCG,administrator,109864.0
UNCG,professor,97250.0
UNCG,assistant_professor,82400.0
UNCG,professor,91381.0
UNCG,professor,91601.0
UNCG,professor,98919.0
UNCG,professor,96570.0
UNCG,professor,90333.0
UNCG,assistant_professor,72821.0
UNCG,assistant_professor,88000.0
UNCG,associate_professor,77741.0
UNCG,assistant_professor,81349.0
UNCG,lecturer,62834.0
UNCG,assistant_professor,78280.0
UNCG,assistant_professor,68518.0
UNCG,professor,105950.0
UNCG,administrator,257500.0
UNCG,assistant_professor,84460.0
UNCG,assistant_professor,59000.0
UNCG,assistant_professor,84460.0
UNCG,professor,135051.0
UNCG,associate_professor,77277.0
UNCG,assistant_professor,77250.0
UNCG,associate_professor,78912.0
UNCG,professor,135779.0
UNCG,professor,118616.0
UNCG,professor,151634.0
UNCG,associate_professor,56792.0
UNCG,professor,109098.0
UNCG,assistant_professor,93736.0
UNCG,assistant_professor,123938.0
UNCG,assistant_professor,63860.0
UNCG,lecturer,78724.0
UNCG,associate_professor,89919.0
UNCG,professor,175633.0
UNCG,assistant_professor,70040.0
UNCG,lecturer,53288.0
UNCG,assistant_professor,65000.0
UNCG,associate_professor,82220.0
UNCG,associate_professor,82305.0
UNCG,associate_professor,139574.0
UNCG,assistant_professor,144200.0
UNCG,lecturer,55000.0
UNCG,professor,86885.0
UNCG,associate_professor,80970.0
UNCG,professor,146910.0
UNCG,assistant_professor,72100.0
UNCG,professor,94924.0
UNCG,assistant_professor,81934.0
UNCG,associate_professor,69732.0
UNCG,associate_professor,93741.0
UNCG,professor,112880.0
UNCG,professor,135559.0
UNCG,associate_professor,95990.0
UNCG,lecturer,52000.0
UNCG,associate_professor,206738.0
UNCG,assistant_professor,84975.0
UNCG,associate_professor,67326.0
UNCG,assistant_professor,124078.0
UNCG,lecturer,53172.0
UNCG,assistant_professor,65920.0
UNCG,professor,188500.0
UNCG,lecturer,51500.0
UNCG,lecturer,61532.0
UNCG,assistant_professor,77254.0
UNCG,assistant_professor,82400.0
UNCG,associate_professor,85490.0
UNCG,assistant_professor,84276.0
UNCG,professor,122058.0
UNCG,lecturer,98930.0
UNCG,professor,95882.0
UNCG,professor,123301.0
UNCG,professor,86734.0
UNCG,associate_professor,82424.0
UNCG,assistant_professor,65000.0
UNCG,associate_professor,91908.0
UNCG,administrator,188552.0
UNCG,professor,83372.0
UNCG,professor,105099.0
UNCG,associate_professor,191710.0
UNCG,associate_professor,50228.0
UNCG,assistant_professor,64890.0
UNCG,lecturer,89754.0
UNCG,professor,90068.0
UNCG,professor,153423.0
UNCG,lecturer,55461.0
UNCG,lecturer,68959.0
UNCG,professor,94954.0
UNCG,associate_professor,89914.0
UNCG,assistant_professor,169950.0
UNCG,assistant_professor,117420.0
UNCG,associate_professor,208957.0
UNCG,assistant_professor,66950.0
UNCG,professor,132620.0
UNCG,professor,88317.0
UNCG,lecturer,50296.0
UNCG,lecturer,42436.0
UNCG,lecturer,47428.0
UNCG,lecturer,90000.0
UNCG,associate_professor,157005.0
UNCG,assistant_professor,88000.0
UNCG,assistant_professor,79744.0
UNCG,associate_professor,82424.0
UNCG,assistant_professor,101519.0
UNCG,associate_professor,78276.0
UNCG,assistant_professor,64890.0
UNCG,professor,82634.0
UNCG,lecturer,47018.0
UNCG,lecturer,57680.0
UNCG,associate_professor,74830.0
UNCG,professor,209747.0
UNCG,lecturer,46847.0
UNCG,lecturer,90789.0
UNCG,associate_professor,100899.0
UNCG,associate_professor,156760.0
UNCG,assistant_professor,121540.0
UNCG,assistant_professor,69525.0
UNCG,associate_professor,95000.0
UNCG,assistant_professor,108825.0
UNCG,associate_professor,80202.0
UNCG,administrator,275068.0
UNCG,lecturer,55584.0
UNCG,lecturer,85490.0
UNCG,lecturer,72800.0
UNCG,lecturer,48699.0
UNCG,assistant_professor,81934.0
UNCG,lecturer,69049.0
UNCG,administrator,292626.0
UNCG,assistant_professor,85490.0
UNCG,lecturer,70000.0
UNCG,administrator,176031.0
UNCG,lecturer,52557.0
UNCG,associate_professor,77517.0
UNCG,assistant_professor,72000.0
UNCG,lecturer,77500.0
UNCG,assistant_professor,78280.0
UNCG,assistant_professor,74000.0
UNCG,lecturer,68841.0
UNCG,associate_professor,91788.0
UNCG,lecturer,54474.0
UNCG,associate_professor,92374.0
UNCG,professor,87848.0
UNCG,associate_professor,153293.0
UNCG,professor,170289.0
UNCG,lecturer,56792.0
UNCG,lecturer,101155.0
UNCG,associate_professor,77202.0
UNCG,associate_professor,84974.0
UNCG,lecturer,43260.0
UNCG,lecturer,60622.0
UNCG,lecturer,51000.0
UNCG,associate_professor,62438.0
UNCG,lecturer,51500.0
UNCG,professor,94436.0
UNCG,assistant_professor,96010.0
UNCG,lecturer,46350.0
UNCG,lecturer,85759.0
UNCG,associate_professor,92469.0
UNCG,professor,112445.0
UNCG,assistant_professor,119345.0
UNCG,lecturer,85489.0
UNCG,professor,108164.0
UNCG,assistant_professor,77250.0
UNCG,assistant_professor,106678.0
UNCG,assistant_professor,104121.0
UNCG,associate_professor,73218.0
UNCG,assistant_professor,144200.0
UNCG,assistant_professor,79440.0
UNCG,assistant_professor,107245.0
UNCG,professor,80473.0
UNCG,assistant_professor,101404.0
UNCG,lecturer,52000.0
UNCG,lecturer,51500.0
UNCG,assistant_professor,77446.0
UNCG,lecturer,46350.0
UNCG,lecturer,84500.0
UNCG,lecturer,104486.0
UNCG,lecturer,73086.0
UNCG,associate_professor,83467.0
UNCG,lecturer,50470.0
UNCG,professor,138911.0
UNCG,assistant_professor,104121.0
UNCG,associate_professor,94266.0
UNCG,assistant_professor,107245.0
UNCG,assistant_professor,88959.0
UNCG,associate_professor,71039.0
UNCG,associate_professor,87730.0
UNCG,associate_professor,94248.0
UNCG,assistant_professor,76220.0
UNCG,professor,78468.0
UNCG,assistant_professor,38646.0
UNCG,professor,89711.0
UNCG,assistant_professor,83106.0
UNCG,lecturer,72141.0
UNCG,assistant_professor,72000.0
UNCG,assistant_professor,147290.0
UNCG,assistant_professor,70801.0
UNCG,assistant_professor,66200.0
UNCG,professor,99310.0
UNCG,lecturer,53705.0
UNCG,professor,101374.0
UNCG,associate_professor,89447.0
UNCG,associate_professor,83846.0
UNCG,lecturer,71000.0
UNCG,professor,106818.0
UNCG,lecturer,45591.0
UNCG,professor,91414.0
UNCG,professor,93357.0
UNCG,administrator,267800.0
UNCG,assistant_professor,103432.0
UNCG,professor,89602.0
UNCG,administrator,169950.0
UNCG,administrator,176031.0
UNCG,associate_professor,86737.0
UNCG,associate_professor,117957.0
UNCG,assistant_professor,147346.0
UNCG,lecturer,47260.0
UNCG,lecturer,66567.0
UNCG,assistant_professor,151925.0
UNCG,professor,112203.0
UNCG,lecturer,31500.0
UNCG,associate_professor,95790.0
UNCG,associate_professor,86065.0
UNCG,assistant_professor,81934.0
UNCG,assistant_professor,101519.0
UNCG,assistant_professor,150380.0
UNCG,associate_professor,91030.0
UNCG,lecturer,106016.0
UNCG,assistant_professor,66950.0
UNCG,associate_professor,80082.0
UNCG,lecturer,73708.0
UNCG,assistant_professor,85490.0
UNCG,administrator,205552.0
UNCG,lecturer,31500.0
UNCG,associate_professor,93527.0
UNCG,professor,125000.0
UNCG,assistant_professor,73130.0
UNCG,professor,97684.0
UNCG,assistant_professor,147290.0
UNCG,assistant_professor,53560.0
UNCG,lecturer,53789.0
UNCG,associate_professor,86506.0
UNCG,associate_professor,120166.0
UNCG,lecturer,46843.0
UNCG,lecturer,72100.0
UNCG,assistant_professor,66950.0
UNCG,associate_professor,70168.0
UNCG,assistant_professor,65920.0
UNCG,associate_professor,109120.0
UNCG,associate_professor,83282.0
UNCG,associate_professor,81466.0
UNCG,assistant_professor,77250.0
UNCG,lecturer,46340.0
UNCG,professor,129035.0
UNCG,associate_professor,156166.0
UNCG,lecturer,77500.0
UNCG,associate_professor,81065.0
UNCG,associate_professor,89612.0
UNCG,lecturer,79032.0
UNCG,assistant_professor,140000.0
UNCG,lecturer,49173.0
UNCG,lecturer,48693.0
UNCG,professor,112198.0
UNCG,lecturer,92703.0
UNCG,professor,139749.0
UNCG,lecturer,56792.0
UNCG,lecturer,52137.0
UNCG,professor,125830.0
UNCG,administrator,156820.0
UNCG,lecturer,46350.0
UNCG,associate_professor,84304.0
UNCG,professor,242348.0
UNCG,associate_professor,79673.0
UNCG,lecturer,43260.0
UNCG,lecturer,55893.0
UNCG,associate_professor,82050.0
UNCG,lecturer,53036.0
UNCG,lecturer,61700.0
UNCG,lecturer,55167.0
UNCG,professor,88629.0
UNCG,associate_professor,83445.0
UNCG,associate_professor,156538.0
UNCG,lecturer,44133.0
UNCG,associate_professor,85072.0
UNCG,professor,188500.0
UNCG,lecturer,117879.0
UNCG,associate_professor,98761.0
UNCG,lecturer,43260.0
UNCG,lecturer,47308.0
UNCG,lecturer,31500.0
UNCG,lecturer,64000.0
UNCG,associate_professor,98410.0
UNCG,professor,92100.0
UNCG,professor,102098.0
UNCG,professor,98243.0
UNCG,lecturer,80202.0
UNCG,assistant_professor,69010.0
UNCG,assistant_professor,114195.0
UNCG,lecturer,65000.0
UNCG,professor,173367.0
UNCG,lecturer,71585.0
UNCG,assistant_professor,74263.0
UNCG,professor,91191.0
UNCG,assistant_professor,147290.0
UNCG,professor,137322.0
UNCG,assistant_professor,72000.0
UNCG,associate_professor,157283.0
UNCG,lecturer,56106.0
UNCG,associate_professor,80082.0
UNCG,associate_professor,89567.0
UNCG,associate_professor,79157.0
UNCG,lecturer,70231.0
UNCG,assistant_professor,54590.0
UNCG,lecturer,47380.0
UNCG,professor,118223.0
UNCG,associate_professor,71837.0
UNCG,professor,93185.0
UNCG,professor,88432.0
UNCG,assistant_professor,82400.0
UNCG,lecturer,55000.0
UNCG,assistant_professor,84460.0
UNCG,lecturer,45643.0
UNCG,lecturer,66200.0
UNCG,associate_professor,79539.0
UNCG,associate_professor,158313.0
UNCG,lecturer,60000.0
UNCG,assistant_professor,95207.0
UNCG,lecturer,64000.0
UNCG,professor,101547.0
UNCG,professor,95055.0
UNCG,associate_professor,46820.0
UNCG,assistant_professor,66837.0
UNCG,associate_professor,231490.0
UNCG,professor,101358.0
UNCG,assistant_professor,77250.0
UNCG,associate_professor,138426.0
UNCG,associate_professor,84084.0
UNCG,lecturer,48270.0
UNCG,professor,120786.0
UNCG,associate_professor,91788.0
UNCG,assistant_professor,116953.0
UNCG,assistant_professor,79438.0
UNCG,professor,102714.0
UNCG,professor,149741.0
UNCG,associate_professor,86054.0
UNCG,associate_professor,131114.0
UNCG,professor,192596.0
UNCG,assistant_professor,70040.0
UNCG,lecturer,63380.0
UNCG,professor,112251.0
UNCG,professor,208640.0
UNCG,assistant_professor,107245.0
UNCG,professor,86856.0
UNCG,lecturer,49837.0
UNCG,professor,115669.0
UNCG,professor,99970.0
UNCG,associate_professor,92959.0
UNCG,lecturer,99782.0
UNCG,lecturer,64766.0
UNCG,assistant_professor,87550.0
UNCG,associate_professor,54868.0
UNCG,assistant_professor,169950.0
UNCG,professor,84977.0
UNCG,lecturer,73823.0
UNCG,assistant_professor,119161.0
UNCG,associate_professor,82424.0
UNCG,assistant_professor,101445.0
UNCG,lecturer,50697.0
UNCG,assistant_professor,101519.0
UNCG,assistant_professor,88065.0
UNCG,assistant_professor,69010.0
UNCG,assistant_professor,80000.0
UNCG,associate_professor,147312.0
UNCG,administrator,152166.0
UNCG,associate_professor,123828.0
UNCG,associate_professor,61758.0
UNCG,associate_professor,82424.0
UNCG,associate_professor,90640.0
UNCG,associate_professor,64987.0
UNCG,associate_professor,82544.0
UNCG,professor,103452.0
UNCG,lecturer,48600.0
UNCG,professor,108650.0
UNCG,associate_professor,83359.0
UNCG,assistant_professor,75535.0
UNCG,lecturer,53560.0
UNCG,associate_professor,99160.0
UNCG,assistant_professor,78424.0
UNCG,assistant_professor,84363.0
UNCG,professor,89802.0
UNCG,assistant_professor,107245.0
UNCG,lecturer,51500.0
UNCG,associate_professor,188940.0
UNCG,associate_professor,81254.0
UNCG,professor,103273.0
UNCG,associate_professor,96441.0
UNCG,assistant_professor,72100.0
UNCG,associate_professor,74351.0
UNCG,associate_professor,91024.0
UNCG,lecturer,64867.0
UNCG,assistant_professor,83430.0
UNCG,professor,120000.0
UNCG,assistant_professor,86016.0
UNCG,lecturer,66955.0
UNCG,professor,92631.0
UNCG,professor,101270.0
UNCG,administrator,169722.0
UNCG,associate_professor,108994.0
UNCG,lecturer,63696.0
UNCG,associate_professor,95990.0
UNCG,lecturer,50470.0
UNCG,associate_professor,92959.0
UNCG,assistant_professor,67980.0
UNCG,lecturer,43260.0
UNCG,associate_professor,152949.0
UNCG,professor,98568.0
UNCG,associate_professor,101755.0
UNCG,professor,130502.0
UNCG,professor,218461.0
UNCG,associate_professor,98410.0
UNCG,lecturer,54814.0
UNCG,associate_professor,105345.0
UNCG,lecturer,69035.0
UNCG,lecturer,32445.0
UNCG,associate_professor,82544.0
UNCG,lecturer,85489.0
UNCG,lecturer,43260.0
UNCG,assistant_professor,84872.0
UNCG,assistant_professor,66950.0
UNCG,professor,201571.0
UNCG,assistant_professor,78280.0
UNCG,associate_professor,156760.0
UNCG,professor,95330.0
UNCG,assistant_professor,65776.0
UNCG,associate_professor,76194.0
UNCG,professor,137154.0
UNCG,assistant_professor,72100.0
UNCG,assistant_professor,68000.0
UNCG,professor,79802.0
UNCG,professor,104313.0
UNCG,professor,109223.0
UNCG,professor,180093.0
UNCG,lecturer,51500.0
UNCG,associate_professor,90242.0
UNCG,assistant_professor,147290.0
UNCG,professor,189604.0
UNCG,assistant_professor,69010.0
UNCG,assistant_professor,89610.0
UNCP,assistant_professor,91990.0
UNCP,administrator,157439.0
UNCP,associate_professor,79894.0
UNCP,associate_professor,82290.0
UNCP,associate_professor,71893.0
UNCP,administrator,152348.0
UNCP,professor,86628.0
UNCP,professor,155534.0
UNCP,assistant_professor,64079.0
UNCP,assistant_professor,80779.0
UNCP,professor,91262.0
UNCP,lecturer,55452.0
UNCP,lecturer,54590.0
UNCP,lecturer,86265.0
UNCP,professor,206594.0
UNCP,lecturer,53742.0
UNCP,associate_professor,74331.0
UNCP,assistant_professor,63860.0
UNCP,assistant_professor,72894.0
UNCP,professor,106090.0
UNCP,associate_professor,79952.0
UNCP,administrator,104817.0
UNCP,associate_professor,73966.0
UNCP,assistant_professor,79907.0
UNCP,professor,127250.0
UNCP,lecturer,59639.0
UNCP,assistant_professor,97850.0
UNCP,lecturer,46614.0
UNCP,professor,83853.0
UNCP,associate_professor,155668.0
UNCP,associate_professor,103000.0
UNCP,lecturer,60548.0
UNCP,assistant_professor,69743.0
UNCP,lecturer,64899.0
UNCP,lecturer,85000.0
UNCP,associate_professor,144805.0
UNCP,assistant_professor,108150.0
UNCP,associate_professor,66389.0
UNCP,associate_professor,75933.0
UNCP,lecturer,52469.0
UNCP,administrator,206000.0
UNCP,professor,91364.0
UNCP,lecturer,49493.0
UNCP,professor,93094.0
UNCP,administrator,134930.0
UNCP,associate_professor,74365.0
UNCP,associate_professor,71448.0
UNCP,lecturer,50978.0
UNCP,assistant_professor,62000.0
UNCP,associate_professor,144805.0
UNCP,lecturer,49785.0
UNCP,associate_professor,74267.0
UNCP,associate_professor,82752.0
UNCP,assistant_professor,70801.0
UNCP,assistant_professor,62786.0
UNCP,administrator,366685.0
UNCP,lecturer,78500.0
UNCP,assistant_professor,116699.0
UNCP,lecturer,65836.0
UNCP,lecturer,54590.0
UNCP,administrator,149168.0
UNCP,assistant_professor,67443.0
UNCP,lecturer,64354.0
UNCP,lecturer,53701.0
UNCP,professor,90386.0
UNCP,associate_professor,65444.0
UNCP,administrator,275834.0
UNCP,professor,87923.0
UNCP,lecturer,81929.0
UNCP,lecturer,66259.0
UNCP,associate_professor,80324.0
UNCP,associate_professor,84654.0
UNCP,assistant_professor,65240.0
UNCP,administrator,151256.0
UNCP,professor,94696.0
UNCP,assistant_professor,104803.0
UNCP,professor,83726.0
UNCP,assistant_professor,64079.0
UNCP,associate_professor,77250.0
UNCP,lecturer,61800.0
UNCP,lecturer,63953.0
UNCP,assistant_professor,68406.0
UNCP,professor,115056.0
UNCP,lecturer,51646.0
UNCP,professor,123600.0
UNCP,assistant_professor,60172.0
UNCP,assistant_professor,85000.0
UNCP,professor,154500.0
UNCP,lecturer,53345.0
UNCP,associate_professor,78928.0
UNCP,professor,175423.0
UNCP,associate_professor,100000.0
UNCP,associate_professor,73337.0
UNCP,lecturer,45256.0
UNCP,associate_professor,73923.0
UNCP,associate_professor,67622.0
UNCP,lecturer,58588.0
UNCP,administrator,176000.0
UNCP,associate_professor,67371.0
UNCP,professor,104507.0
UNCP,assistant_professor,87550.0
UNCP,associate_professor,70505.0
UNCP,lecturer,73391.0
UNCP,assistant_professor,62000.0
UNCP,associate_professor,82607.0
UNCP,lecturer,51975.0
UNCP,assistant_professor,114754.0
UNCP,professor,91364.0
UNCP,professor,91393.0
UNCP,assistant_professor,68406.0
UNCP,associate_professor,76227.0
UNCP,associate_professor,68720.0
UNCP,assistant_professor,64375.0
UNCP,associate_professor,107106.0
UNCP,professor,87639.0
UNCP,assistant_professor,62890.0
UNCP,lecturer,56087.0
UNCP,professor,87751.0
UNCP,assistant_professor,103000.0
UNCP,assistant_professor,63646.0
UNCP,professor,75853.0
UNCP,associate_professor,69527.0
UNCP,lecturer,76965.0
UNCP,professor,152213.0
UNCP,assistant_professor,72515.0
UNCP,lecturer,69693.0
UNCP,professor,113047.0
UNCP,assistant_professor,104803.0
UNCP,assistant_professor,103000.0
UNCP,professor,94797.0
UNCP,professor,92489.0
UNCP,assistant_professor,66950.0
UNCP,associate_professor,69514.0
UNCP,professor,83515.0
UNCP,assistant_professor,104817.0
UNCP,lecturer,75754.0
UNCP,lecturer,52343.0
UNCP,professor,107492.0
UNCP,associate_professor,73186.0
UNCP,associate_professor,103000.0
UNCP,professor,91364.0
UNCP,associate_professor,67371.0
UNCP,professor,85569.0
UNCP,assistant_professor,68757.0
UNCP,assistant_professor,88500.0
UNCP,professor,87831.0
UNCP,assistant_professor,72515.0
UNCP,assistant_professor,63860.0
UNCP,lecturer,56766.0
UNCP,assistant_professor,68518.0
UNCP,lecturer,59562.0
UNCP,lecturer,70000.0
UNCP,associate_professor,76868.0
UNCP,assistant_professor,68767.0
UNCP,administrator,130000.0
UNCP,assistant_professor,104803.0
UNCP,professor,89900.0
UNCP,assistant_professor,64997.0
UNCP,associate_professor,79145.0
UNCP,lecturer,81459.0
UNCP,assistant_professor,90000.0
UNCP,assistant_professor,85000.0
UNCP,associate_professor,72599.0
UNCP,lecturer,57643.0
UNCP,assistant_professor,68585.0
UNCP,administrator,173040.0
UNCP,associate_professor,74999.0
UNCP,professor,107626.0
UNCP,associate_professor,116631.0
UNCP,assistant_professor,98970.0
UNCP,professor,80130.0
UNCP,professor,100523.0
UNCP,associate_professor,75451.0
UNCP,lecturer,64589.0
UNCP,professor,94457.0
UNCP,associate_professor,73717.0
UNCP,assistant_professor,106138.0
UNCP,assistant_professor,69713.0
UNCP,assistant_professor,62721.0
UNCP,lecturer,57098.0
UNCP,associate_professor,112260.0
UNCP,professor,112316.0
UNCP,associate_professor,71182.0
UNCP,professor,103324.0
UNCP,associate_professor,79332.0
UNCP,associate_professor,97850.0
UNCP,administrator,135656.0
UNCP,professor,113031.0
UNCP,assistant_professor,64869.0
UNCP,professor,78507.0
UNCP,lecturer,57610.0
UNCP,lecturer,51644.0
UNCP,administrator,180353.0
UNCP,lecturer,63742.0
UNCP,associate_professor,68622.0
UNCP,assistant_professor,67303.0
UNCP,associate_professor,70407.0
UNCP,assistant_professor,73942.0
UNCP,associate_professor,80078.0
UNCP,assistant_professor,66233.0
UNCP,associate_professor,68750.0
UNCP,professor,135445.0
UNCP,lecturer,58434.0
UNCP,associate_professor,76613.0
UNCP,associate_professor,81480.0
UNCP,professor,77384.0
UNCP,lecturer,49658.0
UNCP,lecturer,61696.0
UNCP,associate_professor,108263.0
UNCP,professor,81664.0
UNCP,lecturer,46029.0
UNCP,lecturer,57097.0
UNCP,associate_professor,69968.0
UNCP,associate_professor,113945.0
UNCP,assistant_professor,67615.0
UNCP,assistant_professor,90000.0
UNCP,associate_professor,103000.0
UNCP,assistant_professor,97850.0
UNCP,associate_professor,78276.0
UNCP,assistant_professor,64287.0
UNCP,lecturer,65482.0
UNCP,administrator,193640.0
UNCP,professor,86650.0
UNCP,assistant_professor,71443.0
UNCP,administrator,133189.0
UNCP,associate_professor,77653.0
UNCP,assistant_professor,67615.0
UNCP,assistant_professor,92700.0
UNCP,associate_professor,106667.0
UNCP,associate_professor,123600.0
UNCP,professor,132237.0
UNCP,lecturer,62480.0
UNCP,lecturer,57062.0
UNCP,professor,94922.0
UNCP,associate_professor,74346.0
UNCP,professor,82763.0
UNCP,assistant_professor,108150.0
UNCP,assistant_professor,87550.0
UNCP,associate_professor,79545.0
UNCP,professor,82206.0
UNCP,professor,86065.0
UNCP,lecturer,53000.0
UNCP,associate_professor,79626.0
UNCP,associate_professor,71788.0
UNCP,professor,86282.0
UNCP,administrator,144200.0
UNCP,professor,82413.0
UNCP,professor,78271.0
UNCP,professor,91793.0
UNCP,professor,91174.0
UNCP,professor,91364.0
UNCP,associate_professor,73601.0
UNCP,associate_professor,80517.0
UNCP,associate_professor,79893.0
UNCP,associate_professor,86576.0
UNCP,professor,110985.0
UNCP,associate_professor,73777.0
UNCP,assistant_professor,66262.0
UNCP,administrator,215151.0
UNCP,lecturer,60259.0
UNCP,assistant_professor,68406.0
UNCP,associate_professor,74128.0
UNCP,administrator,146744.0
UNCP,assistant_professor,68757.0
UNCP,professor,106467.0
UNCP,assistant_professor,70801.0
UNCP,lecturer,54157.0
UNCP,associate_professor,149740.0
UNCP,lecturer,47410.0
UNCP,professor,128099.0
UNCP,associate_professor,79346.0
UNCP,professor,87653.0
UNCP,assistant_professor,72950.0
UNCP,assistant_professor,85000.0
UNCP,associate_professor,78801.0
UNCP,assistant_professor,64890.0
UNCP,associate_professor,84721.0
UNCP,lecturer,60104.0
UNCP,associate_professor,75246.0
UNCP,lecturer,57670.0
UNCP,administrator,154500.0
UNCP,associate_professor,75549.0
UNCP,administrator,237217.0
UNCP,assistant_professor,73130.0
UNCP,associate_professor,71833.0
UNCP,assistant_professor,61965.0
UNCP,professor,94457.0
UNCP,associate_professor,71423.0
UNCP,professor,73990.0
UNCP,professor,148454.0
UNCP,associate_professor,74590.0
UNCP,associate_professor,77250.0
UNCP,assistant_professor,84692.0
UNCP,lecturer,65963.0
UNCP,lecturer,66440.0
UNCP,assistant_professor,91990.0
UNCP,associate_professor,75833.0
UNCP,associate_professor,57884.0
UNCP,professor,82212.0
UNCP,assistant_professor,73257.0
UNCP,assistant_professor,63697.0
UNCP,associate_professor,73813.0
UNCP,professor,78271.0
UNCP,professor,93515.0
UNCP,associate_professor,86164.0
UNCP,associate_professor,72801.0
UNCP,assistant_professor,139020.0
UNCP,associate_professor,80221.0
UNCP,lecturer,45256.0
UNCP,lecturer,50179.0
UNCP,assistant_professor,63104.0
UNCP,lecturer,62585.0
UNCP,assistant_professor,81297.0
UNCP,professor,105202.0
UNCP,associate_professor,72523.0
UNCP,professor,86704.0
UNCP,professor,95857.0
UNCP,associate_professor,103000.0
UNCP,administrator,175100.0
UNCP,associate_professor,113414.0
UNCP,assistant_professor,67500.0
UNCP,assistant_professor,89621.0
UNCP,assistant_professor,60000.0
UNCP,lecturer,58496.0
UNCP,assistant_professor,65472.0
UNCP,professor,111551.0
UNCP,assistant_professor,104581.0
UNCP,professor,95262.0
UNCW,assistant_professor,82184.0
UNCW,assistant_professor,117420.0
UNCW,assistant_professor,78430.0
UNCW,lecturer,53105.0
UNCW,assistant_professor,73645.0
UNCW,assistant_professor,104030.0
UNCW,associate_professor,72294.0
UNCW,assistant_professor,72434.0
UNCW,assistant_professor,67000.0
UNCW,assistant_professor,111965.0
UNCW,professor,113121.0
UNCW,assistant_professor,72821.0
UNCW,associate_professor,117147.0
UNCW,professor,125391.0
UNCW,assistant_professor,74348.0
UNCW,professor,104829.0
UNCW,professor,149608.0
UNCW,associate_professor,118759.0
UNCW,professor,139297.0
UNCW,professor,181868.0
UNCW,professor,98528.0
UNCW,professor,113631.0
UNCW,lecturer,57775.0
UNCW,associate_professor,81482.0
UNCW,professor,113092.0
UNCW,assistant_professor,105071.0
UNCW,assistant_professor,72100.0
UNCW,lecturer,60770.0
UNCW,associate_professor,76720.0
UNCW,lecturer,58964.0
UNCW,lecturer,61252.0
UNCW,lecturer,54000.0
UNCW,lecturer,49000.0
UNCW,professor,137665.0
UNCW,lecturer,89150.0
UNCW,associate_professor,158746.0
UNCW,lecturer,71515.0
UNCW,professor,165970.0
UNCW,assistant_professor,85395.0
UNCW,associate_professor,82062.0
UNCW,professor,90746.0
UNCW,associate_professor,84754.0
UNCW,assistant_professor,77277.0
UNCW,associate_professor,99056.0
UNCW,lecturer,52000.0
UNCW,professor,102951.0
UNCW,lecturer,58627.0
UNCW,professor,115985.0
UNCW,lecturer,62939.0
UNCW,assistant_professor,111240.0
UNCW,associate_professor,87764.0
UNCW,assistant_professor,88810.0
UNCW,professor,57840.0
UNCW,associate_professor,92344.0
UNCW,associate_professor,94184.0
UNCW,associate_professor,77954.0
UNCW,professor,113834.0
UNCW,lecturer,57242.0
UNCW,assistant_professor,75705.0
UNCW,assistant_professor,69649.0
UNCW,professor,88569.0
UNCW,lecturer,56431.0
UNCW,lecturer,58723.0
UNCW,associate_professor,93519.0
UNCW,associate_professor,88026.0
UNCW,assistant_professor,103444.0
UNCW,associate_professor,76879.0
UNCW,assistant_professor,80736.0
UNCW,lecturer,55219.0
UNCW,lecturer,65427.0
UNCW,lecturer,60770.0
UNCW,professor,112905.0
UNCW,associate_professor,97322.0
UNCW,lecturer,63011.0
UNCW,associate_professor,77954.0
UNCW,professor,68695.0
UNCW,associate_professor,78439.0
UNCW,assistant_professor,160000.0
UNCW,associate_professor,150012.0
UNCW,associate_professor,82526.0
UNCW,lecturer,59195.0
UNCW,professor,104762.0
UNCW,administrator,309000.0
UNCW,associate_professor,84942.0
UNCW,associate_professor,70240.0
UNCW,assistant_professor,136280.0
UNCW,lecturer,53915.0
UNCW,associate_professor,76087.0
UNCW,assistant_professor,74160.0
UNCW,associate_professor,85813.0
UNCW,associate_professor,93981.0
UNCW,professor,241898.0
UNCW,assistant_professor,65029.0
UNCW,assistant_professor,140441.0
UNCW,lecturer,79000.0
UNCW,assistant_professor,75042.0
UNCW,associate_professor,92059.0
UNCW,assistant_professor,79723.0
UNCW,lecturer,62148.0
UNCW,assistant_professor,65920.0
UNCW,lecturer,80550.0
UNCW,professor,150228.0
UNCW,professor,116396.0
UNCW,associate_professor,106208.0
UNCW,lecturer,56650.0
UNCW,associate_professor,109917.0
UNCW,administrator,244007.0
UNCW,assistant_professor,69000.0
UNCW,associate_professor,79633.0
UNCW,assistant_professor,101000.0
UNCW,professor,84726.0
UNCW,lecturer,60029.0
UNCW,professor,52054.0
UNCW,professor,94492.0
UNCW,associate_professor,89463.0
UNCW,professor,89976.0
UNCW,associate_professor,92636.0
UNCW,assistant_professor,83578.0
UNCW,associate_professor,68780.0
UNCW,associate_professor,108273.0
UNCW,associate_professor,111219.0
UNCW,professor,166198.0
UNCW,lecturer,55250.0
UNCW,professor,155587.0
UNCW,professor,111304.0
UNCW,professor,169384.0
UNCW,assistant_professor,87865.0
UNCW,assistant_professor,97151.0
UNCW,assistant_professor,63979.0
UNCW,professor,121761.0
UNCW,professor,76345.0
UNCW,associate_professor,80019.0
UNCW,associate_professor,84852.0
UNCW,professor,131102.0
UNCW,associate_professor,84045.0
UNCW,associate_professor,84384.0
UNCW,lecturer,58015.0
UNCW,lecturer,65920.0
UNCW,assistant_professor,135239.0
UNCW,professor,92080.0
UNCW,assistant_professor,66580.0
UNCW,assistant_professor,74856.0
UNCW,associate_professor,122161.0
UNCW,associate_professor,81850.0
UNCW,professor,159686.0
UNCW,professor,79892.0
UNCW,assistant_professor,69000.0
UNCW,associate_professor,80774.0
UNCW,assistant_professor,117420.0
UNCW,lecturer,53055.0
UNCW,associate_professor,84647.0
UNCW,associate_professor,84105.0
UNCW,associate_professor,81834.0
UNCW,associate_professor,77530.0
UNCW,associate_professor,78162.0
UNCW,lecturer,59197.0
UNCW,professor,120659.0
UNCW,lecturer,58964.0
UNCW,associate_professor,78190.0
UNCW,professor,99717.0
UNCW,associate_professor,84921.0
UNCW,professor,109740.0
UNCW,associate_professor,134930.0
UNCW,assistant_professor,73130.0
UNCW,lecturer,83578.0
UNCW,assistant_professor,69649.0
UNCW,associate_professor,77090.0
UNCW,associate_professor,79970.0
UNCW,administrator,132000.0
UNCW,associate_professor,105127.0
UNCW,associate_professor,76863.0
UNCW,associate_professor,77549.0
UNCW,assistant_professor,83678.0
UNCW,associate_professor,172914.0
UNCW,lecturer,64931.0
UNCW,professor,130537.0
UNCW,lecturer,60434.0
UNCW,associate_professor,110152.0
UNCW,assistant_professor,105866.0
UNCW,associate_professor,72082.0
UNCW,lecturer,56177.0
UNCW,lecturer,56650.0
UNCW,professor,111021.0
UNCW,lecturer,56650.0
UNCW,lecturer,61700.0
UNCW,associate_professor,84234.0
UNCW,professor,90525.0
UNCW,professor,87515.0
UNCW,professor,151267.0
UNCW,lecturer,51500.0
UNCW,associate_professor,81191.0
UNCW,associate_professor,166875.0
UNCW,associate_professor,126796.0
UNCW,associate_professor,141169.0
UNCW,lecturer,53560.0
UNCW,assistant_professor,82428.0
UNCW,assistant_professor,78000.0
UNCW,associate_professor,75979.0
UNCW,professor,159650.0
UNCW,professor,88227.0
UNCW,professor,129809.0
UNCW,professor,135740.0
UNCW,lecturer,86158.0
UNCW,lecturer,58331.0
UNCW,assistant_professor,69628.0
UNCW,administrator,207541.0
UNCW,associate_professor,113197.0
UNCW,associate_professor,82557.0
UNCW,associate_professor,82947.0
UNCW,lecturer,67980.0
UNCW,lecturer,80912.0
UNCW,associate_professor,87745.0
UNCW,professor,119581.0
UNCW,professor,99557.0
UNCW,assistant_professor,87983.0
UNCW,professor,108156.0
UNCW,associate_professor,96993.0
UNCW,lecturer,60995.0
UNCW,associate_professor,82023.0
UNCW,professor,196741.0
UNCW,professor,120159.0
UNCW,professor,116592.0
UNCW,associate_professor,84294.0
UNCW,associate_professor,83271.0
UNCW,professor,101352.0
UNCW,lecturer,52015.0
UNCW,professor,156421.0
UNCW,associate_professor,152054.0
UNCW,lecturer,56177.0
UNCW,professor,133545.0
UNCW,lecturer,57744.0
UNCW,assistant_professor,69701.0
UNCW,professor,97468.0
UNCW,professor,92068.0
UNCW,associate_professor,80935.0
UNCW,professor,100940.0
UNCW,associate_professor,89281.0
UNCW,assistant_professor,87250.0
UNCW,administrator,266339.0
UNCW,lecturer,83578.0
UNCW,assistant_professor,82961.0
UNCW,associate_professor,74258.0
UNCW,assistant_professor,73645.0
UNCW,assistant_professor,78806.0
UNCW,lecturer,63267.0
UNCW,associate_professor,90730.0
UNCW,assistant_professor,63838.0
UNCW,lecturer,52000.0
UNCW,assistant_professor,110210.0
UNCW,assistant_professor,74970.0
UNCW,lecturer,55000.0
UNCW,professor,158991.0
UNCW,lecturer,68888.0
UNCW,professor,167861.0
UNCW,professor,145425.0
UNCW,professor,97575.0
UNCW,associate_professor,238873.0
UNCW,professor,99509.0
UNCW,associate_professor,86036.0
UNCW,assistant_professor,171149.0
UNCW,professor,113737.0
UNCW,professor,115495.0
UNCW,professor,120106.0
UNCW,professor,104508.0
UNCW,assistant_professor,92700.0
UNCW,lecturer,54000.0
UNCW,professor,121683.0
UNCW,lecturer,52397.0
UNCW,professor,185823.0
UNCW,associate_professor,81536.0
UNCW,assistant_professor,65085.0
UNCW,professor,102645.0
UNCW,professor,90260.0
UNCW,lecturer,62939.0
UNCW,lecturer,57587.0
UNCW,lecturer,53056.0
UNCW,professor,192492.0
UNCW,assistant_professor,70040.0
UNCW,professor,93222.0
UNCW,professor,124016.0
UNCW,professor,108099.0
UNCW,associate_professor,84711.0
UNCW,lecturer,56763.0
UNCW,administrator,168000.0
UNCW,professor,115666.0
UNCW,professor,188223.0
UNCW,associate_professor,78280.0
UNCW,administrator,144200.0
UNCW,professor,90404.0
UNCW,lecturer,68050.0
UNCW,assistant_professor,70221.0
UNCW,administrator,172525.0
UNCW,lecturer,57768.0
UNCW,associate_professor,83710.0
UNCW,associate_professor,70146.0
UNCW,lecturer,58104.0
UNCW,lecturer,61247.0
UNCW,lecturer,58275.0
UNCW,associate_professor,91951.0
UNCW,professor,182195.0
UNCW,associate_professor,162336.0
UNCW,professor,95719.0
UNCW,assistant_professor,64499.0
UNCW,associate_professor,71605.0
UNCW,associate_professor,103515.0
UNCW,assistant_professor,75006.0
UNCW,assistant_professor,72100.0
UNCW,professor,84737.0
UNCW,associate_professor,84997.0
UNCW,lecturer,79310.0
UNCW,professor,49095.0
UNCW,lecturer,56062.0
UNCW,associate_professor,85157.0
UNCW,professor,162535.0
UNCW,professor,184704.0
UNCW,lecturer,55000.0
UNCW,assistant_professor,109571.0
UNCW,professor,108150.0
UNCW,associate_professor,78822.0
UNCW,assistant_professor,72821.0
UNCW,assistant_professor,66950.0
UNCW,lecturer,61316.0
UNCW,professor,89368.0
UNCW,professor,236900.0
UNCW,lecturer,71791.0
UNCW,associate_professor,75324.0
UNCW,professor,98037.0
UNCW,associate_professor,92652.0
UNCW,associate_professor,85636.0
UNCW,assistant_professor,69649.0
UNCW,assistant_professor,68535.0
UNCW,professor,216300.0
UNCW,lecturer,65539.0
UNCW,professor,91345.0
UNCW,assistant_professor,107346.0
UNCW,assistant_professor,87386.0
UNCW,assistant_professor,134124.0
UNCW,professor,130115.0
UNCW,assistant_professor,164932.0
UNCW,assistant_professor,137320.0
UNCW,assistant_professor,66580.0
UNCW,professor,135660.0
UNCW,lecturer,56597.0
UNCW,professor,167583.0
UNCW,lecturer,81144.0
UNCW,professor,159575.0
UNCW,administrator,108941.0
UNCW,professor,130771.0
UNCW,professor,113586.0
UNCW,lecturer,73718.0
UNCW,associate_professor,74905.0
UNCW,professor,119480.0
UNCW,associate_professor,83312.0
UNCW,lecturer,54590.0
UNCW,associate_professor,77492.0
UNCW,professor,122669.0
UNCW,lecturer,58257.0
UNCW,lecturer,50132.0
UNCW,lecturer,52000.0
UNCW,assistant_professor,104030.0
UNCW,associate_professor,95942.0
UNCW,lecturer,60125.0
UNCW,assistant_professor,72100.0
UNCW,assistant_professor,73709.0
UNCW,professor,104442.0
UNCW,associate_professor,149350.0
UNCW,assistant_professor,108150.0
UNCW,professor,108161.0
UNCW,assistant_professor,82000.0
UNCW,professor,121870.0
UNCW,lecturer,56444.0
UNCW,professor,118889.0
UNCW,administrator,181999.0
UNCW,associate_professor,46323.0
UNCW,associate_professor,217772.0
UNCW,associate_professor,77676.0
UNCW,lecturer,57207.0
UNCW,assistant_professor,75006.0
UNCW,associate_professor,103986.0
UNCW,associate_professor,80016.0
UNCW,associate_professor,76306.0
UNCW,professor,136097.0
UNCW,professor,102605.0
UNCW,assistant_professor,81435.0
UNCW,professor,202448.0
UNCW,associate_professor,90710.0
UNCW,lecturer,74000.0
UNCW,administrator,133900.0
UNCW,assistant_professor,80915.0
UNCW,professor,86958.0
UNCW,assistant_professor,72434.0
UNCW,associate_professor,80699.0
UNCW,associate_professor,74948.0
UNCW,administrator,233398.0
UNCW,associate_professor,81800.0
UNCW,assistant_professor,130000.0
UNCW,associate_professor,82591.0
UNCW,associate_professor,125877.0
UNCW,professor,94660.0
UNCW,assistant_professor,120510.0
UNCW,lecturer,64939.0
UNCW,associate_professor,111766.0
UNCW,associate_professor,85076.0
UNCW,lecturer,56227.0
UNCW,associate_professor,80774.0
UNCW,lecturer,69679.0
UNCW,associate_professor,69918.0
UNCW,assistant_professor,159650.0
UNCW,lecturer,53000.0
UNCW,lecturer,53696.0
UNCW,lecturer,53576.0
UNCW,associate_professor,103129.0
UNCW,associate_professor,83194.0
UNCW,assistant_professor,72100.0
UNCW,lecturer,70206.0
UNCW,assistant_professor,107273.0
UNCW,lecturer,53000.0
UNCW,professor,107504.0
UNCW,associate_professor,83561.0
UNCW,professor,257767.0
UNCW,assistant_professor,84460.0
UNCW,assistant_professor,105071.0
UNCW,professor,89353.0
UNCW,associate_professor,79006.0
UNCW,administrator,173040.0
UNCW,associate_professor,76094.0
UNCW,assistant_professor,145726.0
UNCW,lecturer,56108.0
UNCW,associate_professor,80800.0
UNCW,lecturer,58071.0
UNCW,associate_professor,111320.0
UNCW,lecturer,57519.0
UNCW,associate_professor,149757.0
UNCW,assistant_professor,66863.0
UNCW,professor,129179.0
UNCW,professor,195700.0
UNCW,assistant_professor,161247.0
UNCW,lecturer,73267.0
UNCW,assistant_professor,68114.0
UNCW,professor,133926.0
UNCW,associate_professor,81554.0
UNCW,associate_professor,79058.0
UNCW,professor,66821.0
UNCW,lecturer,59306.0
UNCW,professor,156560.0
UNCW,professor,87471.0
UNCW,professor,48646.0
UNCW,assistant_professor,64499.0
UNCW,assistant_professor,83578.0
UNCW,professor,132067.0
UNCW,associate_professor,93627.0
UNCW,professor,103749.0
UNCW,administrator,132613.0
UNCW,professor,117942.0
UNCW,lecturer,58237.0
UNCW,professor,118019.0
UNCW,lecturer,58257.0
UNCW,associate_professor,72462.0
UNCW,associate_professor,101637.0
UNCW,professor,140000.0
UNCW,associate_professor,118851.0
UNCW,assistant_professor,130558.0
UNCW,lecturer,61800.0
UNCW,associate_professor,151941.0
UNCW,associate_professor,94352.0
UNCW,professor,108345.0
UNCW,professor,135725.0
UNCW,professor,113300.0
UNCW,associate_professor,81277.0
UNCW,associate_professor,106634.0
UNCW,professor,128750.0
UNCW,professor,92578.0
UNCW,professor,107274.0
UNCW,assistant_professor,79310.0
UNCW,associate_professor,81797.0
UNCW,associate_professor,84996.0
UNCW,assistant_professor,72100.0
UNCW,lecturer,55000.0
UNCW,assistant_professor,104030.0
UNCW,associate_professor,85721.0
UNCW,associate_professor,79162.0
UNCW,lecturer,64855.0
UNCW,professor,105980.0
UNCW,lecturer,59016.0
UNCW,administrator,136066.0
UNCW,professor,150919.0
UNCW,lecturer,60005.0
UNCW,professor,127708.0
UNCW,assistant_professor,70720.0
UNCW,professor,105631.0
UNCW,assistant_professor,95441.0
UNCW,lecturer,64769.0
UNCW,lecturer,61088.0
UNCW,administrator,181957.0
UNCW,professor,152284.0
UNCW,assistant_professor,77277.0
UNCW,assistant_professor,74068.0
UNCW,professor,146747.0
UNCW,professor,126951.0
UNCW,associate_professor,129122.0
UNCW,lecturer,78007.0
UNCW,associate_professor,88054.0
UNCW,assistant_professor,71070.0
UNCW,administrator,144200.0
UNCW,lecturer,66557.0
UNCW,professor,114509.0
UNCW,lecturer,52530.0
UNCW,professor,108316.0
UNCW,lecturer,55902.0
UNCW,associate_professor,165935.0
UNCW,professor,108679.0
UNCW,lecturer,82210.0
UNCW,assistant_professor,79001.0
UNCW,administrator,177891.0
UNCW,professor,145841.0
UNCW,professor,84232.0
UNCW,assistant_professor,69827.0
UNCW,associate_professor,153911.0
UNCW,lecturer,67129.0
UNCW,associate_professor,169639.0
UNCW,associate_professor,84811.0
UNCW,lecturer,58098.0
UNCW,lecturer,55620.0
UNCW,lecturer,56280.0
UNCW,associate_professor,84744.0
UNCW,associate_professor,89150.0
UNCW,associate_professor,82787.0
UNCW,lecturer,53056.0
UNCW,associate_professor,70626.0
UNCW,lecturer,51500.0
UNCW,lecturer,56867.0
UNCW,lecturer,55136.0
UNCW,professor,98000.0
UNCW,associate_professor,74354.0
UNCW,professor,143908.0
UNCW,associate_professor,75471.0
UNCW,associate_professor,151496.0
UNCW,professor,108296.0
UNCW,assistant_professor,83250.0
UNCW,lecturer,61172.0
UNCW,professor,118441.0
UNCW,assistant_professor,104030.0
UNCW,assistant_professor,80048.0
UNCW,assistant_professor,71000.0
UNCW,assistant_professor,63134.0
UNCW,assistant_professor,109571.0
UNCW,lecturer,52000.0
UNCW,lecturer,58822.0
UNCW,associate_professor,82007.0
UNCW,assistant_professor,71791.0
UNCW,assistant_professor,74160.0
UNCW,assistant_professor,83578.0
UNCW,assistant_professor,72863.0
UNCW,associate_professor,141366.0
UNCW,assistant_professor,79271.0
UNCW,associate_professor,74354.0
UNCW,associate_professor,114330.0
UNCW,professor,106922.0
UNCW,lecturer,95500.0
UNCW,professor,130534.0
UNCW,lecturer,61652.0
UNCW,professor,96934.0
UNCW,professor,104085.0
UNCW,lecturer,56597.0
UNCW,professor,91853.0
UNCW,lecturer,54787.0
UNCW,professor,155501.0
UNCW,lecturer,69092.0
UNCW,associate_professor,81761.0
UNCW,assistant_professor,104030.0
UNCW,assistant_professor,159650.0
UNCW,associate_professor,73794.0
UNCW,associate_professor,76783.0
UNCW,lecturer,70206.0
UNCW,lecturer,61247.0
UNCW,lecturer,58590.0
UNCW,assistant_professor,70806.0
UNCW,lecturer,63592.0
UNCW,assistant_professor,65085.0
UNCW,professor,152688.0
UNCW,professor,181058.0
UNCW,lecturer,59758.0
UNCW,lecturer,66541.0
UNCW,associate_professor,77102.0
UNCW,professor,116853.0
UNCW,lecturer,75500.0
UNCW,professor,90208.0
UNCW,associate_professor,96305.0
UNCW,assistant_professor,109571.0
UNCW,lecturer,56688.0
UNCW,professor,46450.0
UNCW,assistant_professor,66863.0
UNCW,lecturer,51500.0
UNCW,associate_professor,82016.0
UNCW,lecturer,56650.0
UNCW,assistant_professor,69701.0
UNCW,assistant_professor,87657.0
UNCW,assistant_professor,75547.0
UNCW,lecturer,55307.0
UNCW,administrator,176130.0
UNCW,professor,171176.0
UNCW,professor,68210.0
UNCW,assistant_professor,71781.0
UNCW,associate_professor,80469.0
UNCW,associate_professor,101076.0
UNCW,professor,191020.0
UNCW,associate_professor,104245.0
UNCW,professor,105977.0
UNCW,professor,87228.0
UNCW,lecturer,59608.0
UNCW,administrator,236900.0
UNCW,associate_professor,84408.0
UNCW,assistant_professor,155186.0
UNCW,professor,108404.0
UNCW,associate_professor,79091.0
UNCW,assistant_professor,70741.0
UNCW,lecturer,52306.0
UNCW,assistant_professor,76195.0
UNCW,associate_professor,76005.0
UNCW,lecturer,52499.0
UNCW,assistant_professor,143250.0
UNCW,lecturer,70217.0
UNCW,lecturer,54000.0
UNCW,assistant_professor,76735.0
UNCW,associate_professor,145526.0
UNCW,professor,83022.0
UNCW,associate_professor,82831.0
UNCW,assistant_professor,75078.0
UNCW,lecturer,60172.0
UNCW,associate_professor,83284.0
UNCW,professor,90571.0
UNCW,associate_professor,112112.0
UNCW,associate_professor,74902.0
UNCW,professor,92993.0
UNCW,lecturer,53560.0
UNCW,professor,118019.0
UNCW,associate_professor,85813.0
UNCW,assistant_professor,67620.0
UNCW,assistant_professor,90186.0
UNCW,associate_professor,87129.0
UNCW,assistant_professor,80364.0
UNCW,lecturer,57680.0
UNCW,associate_professor,76036.0
UNCW,lecturer,77250.0
UNCW,lecturer,52015.0
UNCW,assistant_professor,69701.0
UNCW,associate_professor,104111.0
UNCW,associate_professor,204895.0
UNCW,professor,92964.0
UNCW,professor,106676.0
UNCW,assistant_professor,104030.0
UNCW,associate_professor,71221.0
UNCW,associate_professor,77635.0
UNCW,assistant_professor,78806.0
UNCW,associate_professor,92468.0
UNCW,associate_professor,92700.0
UNCW,lecturer,72434.0
UNCW,assistant_professor,117420.0
UNCW,professor,130332.0
UNCW,associate_professor,149350.0
UNCW,associate_professor,79747.0
UNCW,assistant_professor,63000.0
UNCW,assistant_professor,134000.0
UNCW,associate_professor,81495.0
UNCW,associate_professor,147293.0
UNCW,associate_professor,91657.0
UNCW,lecturer,52500.0
UNCW,assistant_professor,115360.0
UNCW,assistant_professor,75228.0
UNCW,associate_professor,82982.0
UNCW,associate_professor,79442.0
UNCW,lecturer,57706.0
UNCW,associate_professor,81799.0
UNCW,associate_professor,84736.0
UNCW,professor,87866.0
UNCW,assistant_professor,75705.0
UNCW,assistant_professor,66580.0
UNCW,lecturer,60172.0
UNCW,professor,100662.0
UNCW,professor,108274.0
UNCW,professor,92923.0
UNCW,associate_professor,148271.0
UNCW,assistant_professor,70330.0
UNCW,lecturer,60234.0
UNCW,lecturer,53009.0
UNCW,lecturer,62684.0
UNCW,associate_professor,102002.0
UNCW,associate_professor,99078.0
UNCW,assistant_professor,68535.0
UNCW,associate_professor,77007.0
UNCW,assistant_professor,74000.0
UNCW,lecturer,66838.0
UNCW,assistant_professor,80736.0
UNCW,lecturer,51500.0
UNCW,lecturer,50361.0
UNCW,professor,92007.0
UNCW,administrator,176130.0
UNCW,professor,62237.0
UNCW,professor,102529.0
UNCW,assistant_professor,93665.0
UNCW,professor,101583.0
UNCW,assistant_professor,77715.0
UNCW,lecturer,58083.0
UNCW,associate_professor,73882.0
UNCW,lecturer,58840.0
UNCW,associate_professor,83710.0
UNCW,associate_professor,153470.0
UNCW,assistant_professor,82400.0
UNCW,assistant_professor,66896.0
UNCW,associate_professor,81253.0
UNCW,professor,94000.0
UNCW,lecturer,63636.0
UNCW,lecturer,74222.0
UNCW,associate_professor,152390.0
UNCW,professor,105233.0
UNCW,assistant_professor,80915.0
UNCW,associate_professor,156980.0
UNCW,administrator,277291.0
UNCW,administrator,396550.0
UNCW,associate_professor,152212.0
UNCW,professor,128466.0
UNCW,administrator,176322.0
UNCW,associate_professor,118500.0
UNCW,professor,110842.0
UNCW,lecturer,66830.0
UNCW,assistant_professor,159650.0
UNCW,associate_professor,85777.0
UNCW,professor,103522.0
UNCW,assistant_professor,148024.0
UNCW,assistant_professor,66580.0
UNCW,assistant_professor,69649.0
UNCW,associate_professor,99078.0
UNCW,administrator,146035.0
UNCW,associate_professor,124468.0
UNCW,assistant_professor,63134.0
UNCW,administrator,252000.0
UNCW,administrator,281351.0
UNCW,associate_professor,68263.0
UNCW,associate_professor,134494.0
UNCW,associate_professor,80509.0
UNCW,assistant_professor,75921.0
UNCW,associate_professor,105066.0
UNCW,associate_professor,86494.0
UNCW,assistant_professor,69637.0
UNCW,lecturer,59740.0
UNCW,assistant_professor,69701.0
UNCW,assistant_professor,84137.0
UNCW,professor,87318.0
UNCW,lecturer,74192.0
UNCW,professor,125819.0
UNCW,professor,105709.0
UNCW,assistant_professor,71321.0
UNCW,assistant_professor,76892.0
UNCW,assistant_professor,95790.0
UNCW,lecturer,52000.0
UNCW,lecturer,60234.0
UNCW,professor,143019.0
UNCW,professor,103140.0
UNCW,associate_professor,80234.0
UNCW,associate_professor,72525.0
UNCW,assistant_professor,139401.0
UNCW,lecturer,77250.0
UNCW,lecturer,64123.0
UNCW,assistant_professor,167240.0
UNCW,associate_professor,139055.0
UNCW,associate_professor,127178.0
UNCW,administrator,146260.0
UNCW,assistant_professor,77000.0
UNCW,associate_professor,145865.0
UNCW,associate_professor,73645.0
UNCW,assistant_professor,79792.0
UNCW,associate_professor,85045.0
UNCW,professor,135032.0
UNCW,professor,91458.0
UNCW,assistant_professor,80793.0
UNCW,lecturer,61371.0
UNCW,assistant_professor,84460.0
UNCW,associate_professor,77442.0
UNCW,associate_professor,114646.0
UNCW,professor,81591.0
WCU,assistant_professor,66837.0
WCU,associate_professor,115360.0
WCU,assistant_professor,73130.0
WCU,lecturer,60983.0
WCU,professor,96245.0
WCU,professor,103908.0
WCU,associate_professor,80570.0
WCU,lecturer,52180.0
WCU,administrator,137917.0
WCU,lecturer,66021.0
WCU,assistant_professor,88000.0
WCU,assistant_professor,74160.0
WCU,associate_professor,78891.0
WCU,associate_professor,89426.0
WCU,assistant_professor,98321.0
WCU,assistant_professor,88267.0
WCU,assistant_professor,61255.0
WCU,professor,138623.0
WCU,administrator,217713.0
WCU,assistant_professor,66000.0
WCU,associate_professor,73321.0
WCU,assistant_professor,62145.0
WCU,assistant_professor,69489.0
WCU,associate_professor,104610.0
WCU,administrator,137917.0
WCU,lecturer,56000.0
WCU,professor,103373.0
WCU,assistant_professor,92000.0
WCU,assistant_professor,138434.0
WCU,associate_professor,79094.0
WCU,professor,145607.0
WCU,professor,95384.0
WCU,associate_professor,77528.0
WCU,associate_professor,88731.0
WCU,associate_professor,39610.0
WCU,associate_professor,77088.0
WCU,associate_professor,85813.0
WCU,assistant_professor,68959.0
WCU,assistant_professor,96158.0
WCU,associate_professor,79073.0
WCU,professor,87289.0
WCU,lecturer,55030.0
WCU,lecturer,61713.0
WCU,assistant_professor,69010.0
WCU,assistant_professor,70040.0
WCU,associate_professor,72341.0
WCU,assistant_professor,68518.0
WCU,lecturer,73997.0
WCU,associate_professor,80879.0
WCU,professor,83616.0
WCU,professor,93680.0
WCU,assistant_professor,71070.0
WCU,professor,92458.0
WCU,assistant_professor,87247.0
WCU,professor,123566.0
WCU,assistant_professor,77250.0
WCU,administrator,123299.0
WCU,assistant_professor,115647.0
WCU,associate_professor,77625.0
WCU,associate_professor,84220.0
WCU,lecturer,56992.0
WCU,professor,99311.0
WCU,professor,99877.0
WCU,lecturer,52636.0
WCU,lecturer,52543.0
WCU,professor,96758.0
WCU,assistant_professor,68000.0
WCU,lecturer,51901.0
WCU,associate_professor,89497.0
WCU,associate_professor,74682.0
WCU,administrator,380412.0
WCU,lecturer,54346.0
WCU,assistant_professor,67898.0
WCU,lecturer,51015.0
WCU,professor,92458.0
WCU,administrator,138226.0
WCU,lecturer,59934.0
WCU,administrator,188012.0
WCU,professor,132059.0
WCU,associate_professor,75995.0
WCU,assistant_professor,59765.0
WCU,professor,99675.0
WCU,administrator,195747.0
WCU,professor,95858.0
WCU,associate_professor,108757.0
WCU,assistant_professor,92079.0
WCU,assistant_professor,61389.0
WCU,lecturer,75978.0
WCU,lecturer,67530.0
WCU,associate_professor,74365.0
WCU,lecturer,59410.0
WCU,professor,158017.0
WCU,associate_professor,108154.0
WCU,lecturer,54999.0
WCU,lecturer,54522.0
WCU,associate_professor,95000.0
WCU,lecturer,53295.0
WCU,professor,88926.0
WCU,lecturer,68000.0
WCU,lecturer,61477.0
WCU,associate_professor,72580.0
WCU,assistant_professor,97387.0
WCU,professor,92573.0
WCU,lecturer,75351.0
WCU,lecturer,53210.0
WCU,administrator,253767.0
WCU,professor,120950.0
WCU,associate_professor,76243.0
WCU,professor,126831.0
WCU,professor,159304.0
WCU,professor,95925.0
WCU,assistant_professor,85647.0
WCU,professor,150963.0
WCU,lecturer,63860.0
WCU,lecturer,30000.0
WCU,assistant_professor,138877.0
WCU,associate_professor,85104.0
WCU,assistant_professor,138877.0
WCU,administrator,138226.0
WCU,lecturer,51513.0
WCU,assistant_professor,76220.0
WCU,lecturer,77250.0
WCU,lecturer,56231.0
WCU,assistant_professor,74227.0
WCU,professor,122392.0
WCU,lecturer,51500.0
WCU,assistant_professor,76220.0
WCU,assistant_professor,93851.0
WCU,lecturer,51500.0
WCU,lecturer,89432.0
WCU,professor,89654.0
WCU,lecturer,75000.0
WCU,lecturer,67889.0
WCU,associate_professor,90426.0
WCU,professor,94613.0
WCU,assistant_professor,103000.0
WCU,assistant_professor,123600.0
WCU,professor,160717.0
WCU,associate_professor,81955.0
WCU,lecturer,66312.0
WCU,assistant_professor,76220.0
WCU,assistant_professor,60255.0
WCU,lecturer,51559.0
WCU,assistant_professor,74058.0
WCU,assistant_professor,70534.0
WCU,associate_professor,76867.0
WCU,assistant_professor,70040.0
WCU,assistant_professor,68763.0
WCU,assistant_professor,69010.0
WCU,associate_professor,76717.0
WCU,assistant_professor,74263.0
WCU,associate_professor,37811.0
WCU,lecturer,51108.0
WCU,assistant_professor,96820.0
WCU,professor,104764.0
WCU,assistant_professor,71070.0
WCU,assistant_professor,93730.0
WCU,assistant_professor,59580.0
WCU,assistant_professor,71165.0
WCU,professor,83392.0
WCU,assistant_professor,67863.0
WCU,associate_professor,111934.0
WCU,lecturer,60223.0
WCU,professor,133665.0
WCU,assistant_professor,59500.0
WCU,assistant_professor,60255.0
WCU,professor,156791.0
WCU,assistant_professor,65776.0
WCU,associate_professor,72567.0
WCU,lecturer,49942.0
WCU,assistant_professor,67617.0
WCU,assistant_professor,69511.0
WCU,assistant_professor,70000.0
WCU,assistant_professor,112337.0
WCU,lecturer,61477.0
WCU,professor,84053.0
WCU,professor,129001.0
WCU,assistant_professor,67000.0
WCU,professor,88269.0
WCU,professor,136064.0
WCU,associate_professor,80340.0
WCU,lecturer,60983.0
WCU,assistant_professor,69511.0
WCU,assistant_professor,94760.0
WCU,associate_professor,158605.0
WCU,professor,94622.0
WCU,administrator,188000.0
WCU,professor,141045.0
WCU,lecturer,61284.0
WCU,professor,133316.0
WCU,associate_professor,75240.0
WCU,lecturer,57680.0
WCU,lecturer,70040.0
WCU,assistant_professor,142587.0
WCU,professor,138956.0
WCU,assistant_professor,50484.0
WCU,associate_professor,84306.0
WCU,assistant_professor,111934.0
WCU,administrator,137917.0
WCU,professor,93019.0
WCU,associate_professor,83424.0
WCU,lecturer,58188.0
WCU,assistant_professor,69000.0
WCU,administrator,138968.0
WCU,professor,129001.0
WCU,lecturer,62000.0
WCU,lecturer,57471.0
WCU,assistant_professor,71950.0
WCU,assistant_professor,88000.0
WCU,professor,89623.0
WCU,assistant_professor,73316.0
WCU,administrator,234100.0
WCU,professor,118981.0
WCU,professor,88269.0
WCU,professor,167251.0
WCU,assistant_professor,67898.0
WCU,associate_professor,76675.0
WCU,associate_professor,81772.0
WCU,associate_professor,79503.0
WCU,assistant_professor,70231.0
WCU,lecturer,47552.0
WCU,lecturer,47925.0
WCU,associate_professor,78174.0
WCU,assistant_professor,89610.0
WCU,assistant_professor,66950.0
WCU,assistant_professor,96639.0
WCU,assistant_professor,93730.0
WCU,lecturer,59602.0
WCU,lecturer,56135.0
WCU,lecturer,52081.0
WCU,lecturer,91890.0
WCU,associate_professor,71869.0
WCU,assistant_professor,142587.0
WCU,assistant_professor,90134.0
WCU,assistant_professor,69010.0
WCU,assistant_professor,70000.0
WCU,assistant_professor,72141.0
WCU,assistant_professor,118450.0
WCU,associate_professor,86535.0
WCU,lecturer,61461.0
WCU,assistant_professor,83692.0
WCU,lecturer,63768.0
WCU,lecturer,62680.0
WCU,associate_professor,72341.0
WCU,assistant_professor,69010.0
WCU,associate_professor,73039.0
WCU,administrator,153730.0
WCU,lecturer,62273.0
WCU,professor,160145.0
WCU,lecturer,50702.0
WCU,professor,133026.0
WCU,professor,141828.0
WCU,professor,123778.0
WCU,assistant_professor,97850.0
WCU,associate_professor,75850.0
WCU,assistant_professor,60500.0
WCU,associate_professor,81789.0
WCU,associate_professor,85447.0
WCU,lecturer,51465.0
WCU,professor,129864.0
WCU,administrator,175100.0
WCU,professor,87329.0
WCU,administrator,108310.0
WCU,professor,136940.0
WCU,assistant_professor,75283.0
WCU,assistant_professor,69000.0
WCU,associate_professor,76942.0
WCU,assistant_professor,71080.0
WCU,assistant_professor,70040.0
WCU,professor,79786.0
WCU,lecturer,63001.0
WCU,associate_professor,76401.0
WCU,lecturer,55030.0
WCU,professor,140519.0
WCU,professor,151415.0
WCU,professor,82714.0
WCU,assistant_professor,89983.0
WCU,assistant_professor,64375.0
WCU,lecturer,58103.0
WCU,lecturer,56135.0
WCU,assistant_professor,69800.0
WCU,lecturer,63675.0
WCU,associate_professor,78576.0
WCU,lecturer,89282.0
WCU,lecturer,56650.0
WCU,lecturer,56231.0
WCU,professor,125846.0
WCU,assistant_professor,99583.0
WCU,lecturer,67303.0
WCU,professor,95350.0
WCU,assistant_professor,60150.0
WCU,assistant_professor,103915.0
WCU,assistant_professor,86994.0
WCU,lecturer,77250.0
WCU,administrator,187281.0
WCU,professor,101153.0
WCU,assistant_professor,111755.0
WCU,lecturer,62950.0
WCU,assistant_professor,68959.0
WCU,associate_professor,108095.0
WCU,professor,94325.0
WCU,assistant_professor,71740.0
WCU,professor,99808.0
WCU,associate_professor,67957.0
WCU,professor,151186.0
WCU,professor,163518.0
WCU,assistant_professor,61785.0
WCU,lecturer,51500.0
WCU,assistant_professor,111240.0
WCU,assistant_professor,71070.0
WCU,administrator,168750.0
WCU,assistant_professor,62615.0
WCU,professor,87433.0
WCU,professor,99218.0
WCU,associate_professor,104682.0
WCU,lecturer,54522.0
WCU,lecturer,49650.0
WCU,lecturer,50923.0
WCU,assistant_professor,60974.0
WCU,associate_professor,76551.0
WCU,associate_professor,73215.0
WCU,assistant_professor,60255.0
WCU,associate_professor,77110.0
WCU,professor,166287.0
WCU,professor,55516.0
WCU,assistant_professor,72100.0
WCU,assistant_professor,69010.0
WCU,associate_professor,116285.0
WCU,professor,90651.0
WCU,assistant_professor,118000.0
WCU,professor,97152.0
WCU,assistant_professor,63000.0
WCU,associate_professor,71837.0
WCU,lecturer,59410.0
WCU,assistant_professor,101970.0
WCU,assistant_professor,72100.0
WCU,associate_professor,76098.0
WCU,assistant_professor,66950.0
WCU,associate_professor,100319.0
WCU,lecturer,63516.0
WCU,professor,103458.0
WCU,assistant_professor,111934.0
WCU,lecturer,61288.0
WCU,associate_professor,72982.0
WCU,assistant_professor,69010.0
WCU,lecturer,60983.0
WCU,associate_professor,81789.0
WCU,assistant_professor,59563.0
WCU,professor,86907.0
WCU,assistant_professor,71717.0
WCU,associate_professor,79188.0
WCU,assistant_professor,73202.0
WCU,associate_professor,74060.0
WCU,assistant_professor,60255.0
WCU,lecturer,67889.0
WCU,professor,148640.0
WCU,lecturer,51465.0
WCU,lecturer,63595.0
WCU,assistant_professor,64277.0
WCU,associate_professor,104682.0
WCU,professor,137917.0
WCU,lecturer,72371.0
WCU,professor,117048.0
WCU,professor,140436.0
WCU,professor,140615.0
WCU,assistant_professor,72141.0
WCU,associate_professor,79744.0
WCU,associate_professor,78013.0
WCU,lecturer,41569.0
WCU,assistant_professor,78000.0
WCU,assistant_professor,69176.0
WCU,lecturer,59000.0
WCU,lecturer,51465.0
WCU,assistant_professor,70040.0
WCU,professor,116402.0
WCU,administrator,116828.0
WCU,associate_professor,78198.0
WCU,assistant_professor,69010.0
WCU,professor,83126.0
WCU,assistant_professor,66950.0
WCU,professor,97847.0
WCU,professor,100850.0
WCU,associate_professor,109668.0
WCU,assistant_professor,63124.0
WCU,assistant_professor,107931.0
WCU,lecturer,56076.0
WCU,professor,136726.0
WCU,associate_professor,72343.0
WCU,administrator,119526.0
WCU,associate_professor,153985.0
WCU,assistant_professor,69000.0
WCU,lecturer,68500.0
WCU,associate_professor,155705.0
WCU,professor,160376.0
WCU,assistant_professor,70040.0
WCU,associate_professor,83689.0
WCU,assistant_professor,68406.0
WCU,professor,46821.0
WCU,assistant_professor,66950.0
WCU,assistant_professor,128213.0
WCU,associate_professor,73039.0
WCU,associate_professor,62696.0
WCU,professor,110907.0
WCU,assistant_professor,128213.0
WCU,associate_professor,76361.0
WCU,lecturer,67900.0
WCU,assistant_professor,69010.0
WCU,professor,113815.0
WCU,lecturer,67617.0
WCU,assistant_professor,63860.0
WCU,assistant_professor,101970.0
WCU,lecturer,59740.0
WCU,assistant_professor,65920.0
WCU,assistant_professor,64545.0
WCU,assistant_professor,66837.0
WCU,assistant_professor,64890.0
WCU,professor,108665.0
WCU,assistant_professor,67980.0
WCU,lecturer,72060.0
WCU,associate_professor,138411.0
WCU,lecturer,54999.0
WCU,professor,49010.0
WCU,professor,149072.0
WCU,professor,143802.0
WCU,associate_professor,127362.0
WCU,professor,91306.0
WCU,lecturer,51559.0
WCU,professor,87289.0
WCU,professor,108606.0
WCU,professor,128354.0
WCU,associate_professor,88271.0
WCU,associate_professor,112362.0
WCU,professor,99502.0
WCU,associate_professor,74950.0
WCU,professor,93242.0
WCU,assistant_professor,77234.0
WCU,lecturer,50923.0
WCU,assistant_professor,111395.0
WCU,associate_professor,85355.0
WCU,associate_professor,85706.0
WCU,assistant_professor,90215.0
WCU,lecturer,55855.0
WCU,associate_professor,85318.0
WCU,associate_professor,73518.0
WCU,assistant_professor,72141.0
WCU,assistant_professor,60255.0
WCU,professor,133099.0
WCU,assistant_professor,142587.0
WCU,assistant_professor,64378.0
WCU,professor,89623.0
WCU,lecturer,63387.0
WCU,associate_professor,121643.0
WCU,assistant_professor,70040.0
WCU,associate_professor,74287.0
WCU,assistant_professor,61800.0
WCU,professor,111269.0
WCU,associate_professor,79541.0
WCU,associate_professor,75951.0
WCU,associate_professor,108096.0
WCU,associate_professor,76082.0
WCU,associate_professor,79413.0
WCU,assistant_professor,96000.0
WCU,associate_professor,77235.0
WCU,lecturer,63490.0
WCU,assistant_professor,93730.0
WCU,professor,64717.0
WCU,assistant_professor,115292.0
WCU,assistant_professor,115707.0
WCU,associate_professor,44439.0
WCU,associate_professor,99075.0
WCU,assistant_professor,105345.0
WCU,lecturer,50000.0
WCU,professor,79804.0
WCU,lecturer,57440.0
WCU,lecturer,57549.0
WCU,lecturer,61193.0
WCU,lecturer,77250.0
WCU,lecturer,50000.0
WCU,assistant_professor,111240.0
WCU,lecturer,77608.0
WCU,associate_professor,97887.0
WCU,associate_professor,87140.0
WCU,associate_professor,86033.0
WCU,assistant_professor,78795.0
WCU,assistant_professor,60255.0
WCU,lecturer,64481.0
WCU,administrator,311345.0
WCU,professor,111123.0
WCU,professor,151941.0
WCU,associate_professor,76551.0
WCU,associate_professor,76551.0
WCU,assistant_professor,66000.0
WCU,associate_professor,73634.0
WCU,assistant_professor,134832.0
WCU,associate_professor,76784.0
WCU,associate_professor,85548.0
WCU,associate_professor,90421.0
WCU,assistant_professor,92700.0
WCU,professor,81914.0
WCU,professor,89417.0
WCU,associate_professor,72576.0
WCU,professor,126332.0
WCU,professor,97772.0
WCU,lecturer,76000.0
WCU,assistant_professor,74263.0
WCU,associate_professor,100777.0
WCU,professor,87289.0
WCU,assistant_professor,59500.0
WCU,associate_professor,72341.0
WCU,associate_professor,88011.0
WCU,assistant_professor,96820.0
WCU,assistant_professor,74263.0
WCU,professor,116595.0
WCU,assistant_professor,70787.0
WCU,associate_professor,93791.0
WCU,assistant_professor,67898.0
WCU,assistant_professor,72820.0
WCU,assistant_professor,89253.0
WCU,professor,95542.0
WCU,associate_professor,101191.0
WCU,professor,140460.0
WCU,associate_professor,76551.0
WCU,assistant_professor,72100.0
WCU,associate_professor,81223.0
WCU,assistant_professor,74000.0
WCU,professor,89216.0
WCU,assistant_professor,70040.0
WCU,administrator,151307.0
WCU,professor,91268.0
WCU,professor,107957.0
WCU,administrator,140760.0
WCU,administrator,146312.0
WCU,assistant_professor,59500.0
WCU,assistant_professor,118000.0
WCU,associate_professor,72341.0
WCU,associate_professor,69527.0
WCU,assistant_professor,89983.0
WCU,lecturer,47552.0
WCU,associate_professor,87788.0
WCU,assistant_professor,71036.0
WCU,professor,111269.0
WCU,associate_professor,79188.0
WCU,lecturer,82750.0
WCU,professor,83126.0
WCU,lecturer,75348.0
WCU,assistant_professor,78269.0
WCU,associate_professor,83122.0
WCU,assistant_professor,68000.0
WCU,lecturer,70040.0
WCU,associate_professor,89191.0
WCU,lecturer,62351.0
WCU,associate_professor,82025.0
WCU,assistant_professor,69010.0
WCU,assistant_professor,66950.0
WCU,assistant_professor,118193.0
WCU,professor,135816.0
WCU,lecturer,55430.0
WCU,professor,91255.0
WCU,assistant_professor,68000.0
WCU,assistant_professor,69800.0
WCU,assistant_professor,71547.0
WCU,associate_professor,71963.0
WCU,assistant_professor,67980.0
WCU,assistant_professor,78000.0
WCU,administrator,229599.0
WCU,lecturer,54999.0
WCU,lecturer,47552.0
WCU,professor,140460.0
WCU,professor,87289.0
WCU,associate_professor,83446.0
WCU,professor,91516.0
WCU,assistant_professor,60987.0
WCU,assistant_professor,93851.0
WCU,associate_professor,86689.0
WCU,lecturer,60690.0
WCU,professor,98297.0
WCU,professor,112426.0
WCU,lecturer,75000.0
WCU,professor,170275.0
WCU,associate_professor,73194.0
WCU,professor,150001.0
WCU,assistant_professor,61285.0
WCU,associate_professor,87090.0
WCU,professor,128242.0
WCU,associate_professor,76647.0
WCU,assistant_professor,90000.0
WCU,associate_professor,110004.0
WCU,assistant_professor,71717.0
WCU,lecturer,93540.0
WCU,associate_professor,76554.0
WSSU,associate_professor,79310.0
WSSU,professor,111397.0
WSSU,assistant_professor,75940.0
WSSU,assistant_professor,107120.0
WSSU,associate_professor,76014.0
WSSU,assistant_professor,71070.0
WSSU,associate_professor,78278.0
WSSU,professor,105194.0
WSSU,lecturer,60770.0
WSSU,professor,109808.0
WSSU,associate_professor,116478.0
WSSU,associate_professor,80267.0
WSSU,associate_professor,79771.0
WSSU,associate_professor,75996.0
WSSU,professor,157626.0
WSSU,lecturer,84079.0
WSSU,administrator,140000.0
WSSU,lecturer,91763.0
WSSU,professor,94375.0
WSSU,administrator,181634.0
WSSU,lecturer,100693.0
WSSU,assistant_professor,71373.0
WSSU,associate_professor,84301.0
WSSU,lecturer,60000.0
WSSU,assistant_professor,66950.0
WSSU,administrator,169950.0
WSSU,lecturer,87780.0
WSSU,administrator,318270.0
WSSU,assistant_professor,94420.0
WSSU,professor,119407.0
WSSU,associate_professor,88854.0
WSSU,professor,86556.0
WSSU,lecturer,97261.0
WSSU,associate_professor,155721.0
WSSU,associate_professor,102291.0
WSSU,assistant_professor,93932.0
WSSU,professor,130458.0
WSSU,professor,94096.0
WSSU,professor,128958.0
WSSU,professor,155422.0
WSSU,associate_professor,86169.0
WSSU,assistant_professor,85490.0
WSSU,assistant_professor,69455.0
WSSU,assistant_professor,67898.0
WSSU,professor,132044.0
WSSU,lecturer,64272.0
WSSU,assistant_professor,96474.0
WSSU,associate_professor,89687.0
WSSU,professor,105920.0
WSSU,assistant_professor,72150.0
WSSU,associate_professor,80000.0
WSSU,associate_professor,84286.0
WSSU,associate_professor,85245.0
WSSU,associate_professor,108150.0
WSSU,assistant_professor,92700.0
WSSU,lecturer,58710.0
WSSU,professor,142998.0
WSSU,professor,113673.0
WSSU,associate_professor,102485.0
WSSU,lecturer,58710.0
WSSU,professor,84197.0
WSSU,professor,134066.0
WSSU,professor,93222.0
WSSU,assistant_professor,75940.0
WSSU,assistant_professor,67500.0
WSSU,professor,86605.0
WSSU,assistant_professor,64890.0
WSSU,assistant_professor,103000.0
WSSU,professor,137034.0
WSSU,professor,105920.0
WSSU,lecturer,83641.0
WSSU,professor,96313.0
WSSU,associate_professor,75190.0
WSSU,associate_professor,122889.0
WSSU,professor,134470.0
WSSU,professor,128139.0
WSSU,associate_professor,80992.0
WSSU,professor,94580.0
WSSU,lecturer,77250.0
WSSU,assistant_professor,72100.0
WSSU,professor,90014.0
WSSU,professor,91623.0
WSSU,assistant_professor,89390.0
WSSU,associate_professor,110289.0
WSSU,associate_professor,78733.0
WSSU,professor,80347.0
WSSU,associate_professor,75252.0
WSSU,assistant_professor,71843.0
WSSU,assistant_professor,70000.0
WSSU,administrator,187460.0
WSSU,associate_professor,74359.0
WSSU,associate_professor,133900.0
WSSU,associate_professor,99500.0
WSSU,assistant_professor,73676.0
WSSU,professor,89254.0
WSSU,assistant_professor,69525.0
WSSU,assistant_professor,105931.0
WSSU,assistant_professor,93890.0
WSSU,lecturer,87550.0
WSSU,lecturer,88580.0
WSSU,assistant_professor,70614.0
WSSU,lecturer,58710.0
WSSU,assistant_professor,73233.0
WSSU,assistant_professor,97850.0
WSSU,assistant_professor,73202.0
WSSU,professor,96409.0
WSSU,assistant_professor,89610.0
WSSU,professor,100424.0
WSSU,professor,106324.0
WSSU,associate_professor,83853.0
WSSU,professor,117329.0
WSSU,professor,82457.0
WSSU,associate_professor,77125.0
WSSU,assistant_professor,66950.0
WSSU,associate_professor,80544.0
WSSU,associate_professor,83853.0
WSSU,assistant_professor,107575.0
WSSU,administrator,226600.0
WSSU,administrator,152166.0
WSSU,assistant_professor,70231.0
WSSU,professor,107073.0
WSSU,assistant_professor,66693.0
WSSU,professor,107072.0
WSSU,associate_professor,81219.0
WSSU,professor,88964.0
WSSU,assistant_professor,90000.0
WSSU,associate_professor,83883.0
WSSU,associate_professor,82530.0
WSSU,associate_professor,106611.0
WSSU,assistant_professor,105000.0
WSSU,assistant_professor,73233.0
WSSU,lecturer,63500.0
WSSU,professor,111594.0
WSSU,professor,131844.0
WSSU,assistant_professor,89610.0
WSSU,professor,123169.0
WSSU,associate_professor,105282.0
WSSU,associate_professor,148950.0
WSSU,lecturer,61777.0
WSSU,professor,134739.0
WSSU,assistant_professor,83000.0
WSSU,assistant_professor,85490.0
WSSU,assistant_professor,71070.0
WSSU,professor,88409.0
WSSU,professor,116594.0
WSSU,associate_professor,79771.0
WSSU,professor,89219.0
WSSU,assistant_professor,70222.0
WSSU,associate_professor,83863.0
WSSU,associate_professor,80962.0
WSSU,professor,89076.0
WSSU,lecturer,61475.0
WSSU,assistant_professor,100425.0
WSSU,associate_professor,86428.0
WSSU,assistant_professor,70614.0
WSSU,assistant_professor,69525.0
WSSU,associate_professor,79172.0
WSSU,professor,80879.0
WSSU,administrator,150000.0
WSSU,professor,111204.0
WSSU,professor,125667.0
WSSU,professor,97444.0
WSSU,lecturer,66286.0
WSSU,professor,138652.0
WSSU,associate_professor,84998.0
WSSU,associate_professor,80154.0
WSSU,associate_professor,83105.0
WSSU,associate_professor,79562.0
WSSU,professor,96313.0
WSSU,assistant_professor,72100.0
WSSU,assistant_professor,71070.0
WSSU,associate_professor,75372.0
WSSU,professor,134845.0
WSSU,lecturer,60770.0
WSSU,associate_professor,88580.0
WSSU,assistant_professor,66950.0
WSSU,associate_professor,115109.0
WSSU,associate_professor,129662.0
WSSU,lecturer,61800.0
WSSU,lecturer,58710.0
WSSU,associate_professor,82400.0
WSSU,professor,89415.0
WSSU,lecturer,61800.0
WSSU,associate_professor,76607.0
WSSU,assistant_professor,71843.0
WSSU,assistant_professor,69525.0
WSSU,associate_professor,79771.0
WSSU,professor,98318.0
WSSU,associate_professor,109931.38
WSSU,associate_professor,83165.0
WSSU,assistant_professor,108532.0
WSSU,assistant_professor,70000.0
WSSU,lecturer,58710.0
WSSU,professor,103066.0
WSSU,associate_professor,144854.0
WSSU,professor,116648.0
WSSU,professor,94248.0
WSSU,professor,101545.0
WSSU,associate_professor,78280.0
WSSU,associate_professor,91527.0
WSSU,lecturer,58710.0
WSSU,associate_professor,88848.0
WSSU,associate_professor,132806.0
WSSU,administrator,209256.0
WSSU,professor,82457.0
WSSU,assistant_professor,74160.0
WSSU,professor,87201.0
WSSU,professor,128924.0
WSSU,associate_professor,83081.0
WSSU,administrator,209256.0
WSSU,assistant_professor,62047.0
WSSU,associate_professor,87098.0
WSSU,assistant_professor,72100.0
WSSU,assistant_professor,95685.0
WSSU,assistant_professor,96305.0
WSSU,assistant_professor,64890.0
WSSU,associate_professor,86407.0
WSSU,associate_professor,86271.0
WSSU,associate_professor,79658.0
WSSU,associate_professor,85841.0
WSSU,assistant_professor,93730.0
WSSU,professor,93372.0
WSSU,associate_professor,83911.0
WSSU,assistant_professor,82400.0
WSSU,assistant_professor,95790.0
WSSU,assistant_professor,86520.0
WSSU,lecturer,62982.0
WSSU,assistant_professor,100940.0
WSSU,assistant_professor,68406.0
WSSU,assistant_professor,72100.0
WSSU,lecturer,62830.0
WSSU,lecturer,80094.0
WSSU,assistant_professor,67723.0
WSSU,lecturer,72987.0
WSSU,associate_professor,87737.0
WSSU,professor,92620.0
WSSU,professor,94887.0
WSSU,associate_professor,105920.0
WSSU,associate_professor,92766.0
WSSU,associate_professor,81647.0
